endpoint_url,domain,network,capability,integration_type,x402_verified,success_rate_7d,latency_p50_7d,latency_p95_7d,samples_7d,score,last_probed_at
http://ainalyst-api.xyz/click,ainalyst-api.xyz,base,other,,false,1.0000,1100,1112,3,79,2026-07-17T06:13:20.997+00:00
http://x402.storyverselab.ai/script/1/purchase,x402.storyverselab.ai,base,other,,false,1.0000,449,535,3,90,2026-07-17T06:14:14.031+00:00
http://x402.storyverselab.ai/script/2/purchase,x402.storyverselab.ai,base,other,,false,1.0000,450,455,3,90,2026-07-17T06:14:22.614+00:00
http://x402.storyverselab.ai/script/3/purchase,x402.storyverselab.ai,base,other,,false,1.0000,532,537,3,88,2026-07-17T06:14:02.608+00:00
https://1c09pdnrx1.execute-api.us-east-1.amazonaws.com/v1/decode/calldata,1c09pdnrx1.execute-api.us-east-1.amazonaws.com,base,other,,false,1.0000,276,357,3,93,2026-07-11T06:16:23.649+00:00
https://1c09pdnrx1.execute-api.us-east-1.amazonaws.com/v1/intel/wallet,1c09pdnrx1.execute-api.us-east-1.amazonaws.com,base,other,,false,1.0000,237,266,3,94,2026-07-11T06:16:25.187+00:00
https://2s.io/api/calendar/earnings,2s.io,base;solana:5eykt4usfv8p8njdtrepy1vzqkqzkvdp,other,,false,1.0000,200,271,3,93,2026-07-17T06:11:21.568+00:00
https://2s.io/api/crypto/address-screen,2s.io,base;solana:5eykt4usfv8p8njdtrepy1vzqkqzkvdp,other,,false,1.0000,176,203,3,94,2026-07-17T06:15:28.63+00:00
https://2s.io/api/crypto/defi,2s.io,base;solana:5eykt4usfv8p8njdtrepy1vzqkqzkvdp,other,,false,1.0000,128,223,3,94,2026-07-17T06:16:37.735+00:00
https://2s.io/api/medical/drug-approval,2s.io,base;solana:5eykt4usfv8p8njdtrepy1vzqkqzkvdp,other,,false,1.0000,277,374,3,93,2026-07-14T06:23:18.522+00:00
https://2s.io/api/music/artist,2s.io,base;solana:5eykt4usfv8p8njdtrepy1vzqkqzkvdp,other,,false,1.0000,245,262,3,93,2026-07-14T06:23:24.503+00:00
https://2s.io/api/news/search,2s.io,base;solana:5eykt4usfv8p8njdtrepy1vzqkqzkvdp,other,,false,1.0000,277,342,3,93,2026-07-14T06:23:49.184+00:00
https://43266d90e077a7.lhr.life/base-edge,43266d90e077a7.lhr.life,base,other,,false,0.0000,8000,8000,3,40,2026-07-14T06:22:32.765+00:00
https://address.agentic-jp.com/normalize,address.agentic-jp.com,base;polygon;solana:5eykt4usfv8p8njdtrepy1vzqkqzkvdp,other,,false,1.0000,515,746,3,88,2026-07-13T07:34:52.175+00:00
https://address.agentic-jp.com/reverse-geocode,address.agentic-jp.com,base;polygon;solana:5eykt4usfv8p8njdtrepy1vzqkqzkvdp,other,,false,1.0000,999,1049,3,80,2026-07-11T06:18:41.013+00:00
https://agentforge-taupe.vercel.app/v1/sentiment,agentforge-taupe.vercel.app,base;solana:5eykt4usfv8p8njdtrepy1vzqkqzkvdp,other,,false,0.5000,103,114,6,96,2026-07-13T07:31:21.032+00:00
https://agentforge-taupe.vercel.app/v1/solana/token-risk-scan,agentforge-taupe.vercel.app,base;solana:5eykt4usfv8p8njdtrepy1vzqkqzkvdp,other,,false,0.0000,110,293,3,40,2026-07-12T06:12:45.007+00:00
https://agentforge-taupe.vercel.app/v1/solana/tx-explain,agentforge-taupe.vercel.app,base;solana:5eykt4usfv8p8njdtrepy1vzqkqzkvdp,other,,false,0.5000,93,127,6,96,2026-07-13T07:31:23.415+00:00
https://agentforge-taupe.vercel.app/v1/solana/tx-simulate,agentforge-taupe.vercel.app,base;solana:5eykt4usfv8p8njdtrepy1vzqkqzkvdp,other,,false,0.5000,100,124,6,96,2026-07-13T07:31:29.853+00:00
https://agentforge-taupe.vercel.app/v1/token-compare,agentforge-taupe.vercel.app,base;solana:5eykt4usfv8p8njdtrepy1vzqkqzkvdp,other,,false,0.5000,107,127,6,96,2026-07-13T07:31:19.548+00:00
https://agentforge-taupe.vercel.app/v1/token-risk-metrics,agentforge-taupe.vercel.app,base;solana:5eykt4usfv8p8njdtrepy1vzqkqzkvdp,other,,false,0.5000,104,123,6,96,2026-07-13T07:31:30.841+00:00
https://agentforge-taupe.vercel.app/v1/tx-decode,agentforge-taupe.vercel.app,base;solana:5eykt4usfv8p8njdtrepy1vzqkqzkvdp,other,,false,0.5000,100,119,6,96,2026-07-13T07:31:31.811+00:00
https://agentproof-murex.vercel.app/schema/infer,agentproof-murex.vercel.app,base,other,,false,1.0000,168,315,6,94,2026-07-13T07:31:05.157+00:00
https://agents.datalegion.ai/person/base/no-pii,agents.datalegion.ai,base,other,,false,1.0000,82,215,3,95,2026-07-11T06:12:15.213+00:00
https://agents.gedx402.com/v1/agents/sessions,agents.gedx402.com,base,other,,false,1.0000,341,577,3,90,2026-07-17T06:14:05.987+00:00
https://agents.securelend.ai/api/v1/extract,agents.securelend.ai,base,other,,false,1.0000,210,214,3,94,2026-07-16T06:39:42.534+00:00
https://agentworld.me/api/mlb/duke/analyze,agentworld.me,base;ethereum;eip155:10;polygon;eip155:42161;solana:5eykt4usfv8p8njdtrepy1vzqkqzkvdp,other,,false,1.0000,152,269,3,94,2026-07-13T07:35:49.817+00:00
https://agentworld.me/api/mlb/duke/ask,agentworld.me,base;ethereum;eip155:10;polygon;eip155:42161;solana:5eykt4usfv8p8njdtrepy1vzqkqzkvdp,other,,false,1.0000,150,272,3,94,2026-07-13T07:35:59.164+00:00
https://agentworld.me/api/mlb/duke/predict,agentworld.me,base;ethereum;eip155:10;polygon;eip155:42161;solana:5eykt4usfv8p8njdtrepy1vzqkqzkvdp,other,,false,1.0000,66,145,3,96,2026-07-13T07:36:04.43+00:00
https://agentworld.me/api/mlb/live-feed,agentworld.me,base;ethereum;eip155:10;polygon;eip155:42161;solana:5eykt4usfv8p8njdtrepy1vzqkqzkvdp,other,,false,1.0000,88,137,3,96,2026-07-13T07:36:09.052+00:00
https://agentworld.me/api/mlb/statcast,agentworld.me,base;ethereum;eip155:10;polygon;eip155:42161;solana:5eykt4usfv8p8njdtrepy1vzqkqzkvdp,other,,false,1.0000,100,101,3,96,2026-07-13T07:36:15.923+00:00
https://agentworld.me/api/mlb/trends,agentworld.me,base;ethereum;eip155:10;polygon;eip155:42161;solana:5eykt4usfv8p8njdtrepy1vzqkqzkvdp,other,,false,1.0000,69,137,3,96,2026-07-13T07:36:23.237+00:00
https://aiact-api.com/articles/006,aiact-api.com,base,other,,false,1.0000,153,220,3,93,2026-07-13T07:39:04.596+00:00
https://aicomglobal.com/chronicle/claim,aicomglobal.com,base,other,,false,1.0000,245,590,6,87,2026-07-13T07:31:09.16+00:00
https://aimorgan.vercel.app/api/execute,aimorgan.vercel.app,base,other,,false,1.0000,169,413,3,93,2026-07-12T06:11:28.519+00:00
https://alpha.palmvox.com/api/base/gainers,alpha.palmvox.com,base,other,,false,0.0000,29,57,3,40,2026-07-12T06:10:36.952+00:00
https://alpha.palmvox.com/api/crypto/compare,alpha.palmvox.com,base,other,,false,0.0000,35,122,3,40,2026-07-11T06:11:29.311+00:00
https://alpha.palmvox.com/api/premium/alpha,alpha.palmvox.com,base,other,,false,0.0000,20,30,3,40,2026-07-11T06:11:51.99+00:00
https://alpha.palmvox.com/api/token/lookup,alpha.palmvox.com,base,other,,false,0.0000,25,28,3,40,2026-07-11T06:16:26.257+00:00
https://alpha.palmvox.com/api/yields/best,alpha.palmvox.com,base,other,,false,0.0000,24,30,3,40,2026-07-11T06:12:11.413+00:00
https://alphapulse-omega.vercel.app/api/alpha/asia,alphapulse-omega.vercel.app,base;solana:5eykt4usfv8p8njdtrepy1vzqkqzkvdp,other,,false,1.0000,119,161,6,95,2026-07-12T06:09:34.039+00:00
https://alphapulse-omega.vercel.app/api/alpha/ea,alphapulse-omega.vercel.app,base;solana:5eykt4usfv8p8njdtrepy1vzqkqzkvdp,other,,false,1.0000,60,77,3,96,2026-07-12T06:12:21.778+00:00
https://aniccanomac-mini-1.tail7a0ba4.ts.net/whois,aniccanomac-mini-1.tail7a0ba4.ts.net,base,other,,false,0.0000,407,547,3,40,2026-07-16T06:41:23.462+00:00
https://api.402pixels.com/block/50/52,api.402pixels.com,base,other,,false,1.0000,60,61,3,97,2026-07-13T07:36:26.417+00:00
https://api.402pixels.com/block/50/56,api.402pixels.com,base,other,,false,1.0000,65,236,3,95,2026-07-11T06:12:15.684+00:00
https://api.402pixels.com/block/50/64,api.402pixels.com,base,other,,false,1.0000,64,66,3,97,2026-07-13T07:40:40.074+00:00
https://api.402pixels.com/block/50/65,api.402pixels.com,base,other,,false,1.0000,70,88,6,96,2026-07-14T06:19:02.944+00:00
https://api.402pixels.com/block/50/66,api.402pixels.com,base,other,,false,1.0000,82,83,3,97,2026-07-14T06:19:48.899+00:00
https://api.402pixels.com/block/51/57,api.402pixels.com,base,other,,false,1.0000,65,204,3,95,2026-07-13T07:36:08.566+00:00
https://api.402pixels.com/block/51/64,api.402pixels.com,base,other,,false,1.0000,58,62,3,97,2026-07-13T07:41:08.033+00:00
https://api.402pixels.com/block/52/53,api.402pixels.com,base,other,,false,1.0000,62,63,3,97,2026-07-13T07:36:04.814+00:00
https://api.402pixels.com/block/52/57,api.402pixels.com,base,other,,false,1.0000,63,63,3,97,2026-07-11T06:13:02.003+00:00
https://api.402pixels.com/block/52/58,api.402pixels.com,base,other,,false,1.0000,58,62,3,97,2026-07-11T06:13:14.102+00:00
https://api.402pixels.com/block/52/59,api.402pixels.com,base,other,,false,1.0000,63,86,3,96,2026-07-11T06:14:57.208+00:00
https://api.402pixels.com/block/52/61,api.402pixels.com,base,other,,false,1.0000,62,63,3,97,2026-07-13T07:37:08.688+00:00
https://api.402pixels.com/block/52/62,api.402pixels.com,base,other,,false,1.0000,57,58,3,97,2026-07-13T07:37:54.404+00:00
https://api.402pixels.com/block/52/65,api.402pixels.com,base,other,,false,1.0000,91,94,3,96,2026-07-14T06:19:16.567+00:00
https://api.402pixels.com/block/53/53,api.402pixels.com,base,other,,false,1.0000,57,57,3,97,2026-07-13T07:36:31.066+00:00
https://api.402pixels.com/block/53/60,api.402pixels.com,base,other,,false,1.0000,220,237,3,93,2026-07-12T06:11:51.706+00:00
https://api.402pixels.com/block/53/61,api.402pixels.com,base,other,,false,1.0000,62,65,3,97,2026-07-13T07:36:40.672+00:00
https://api.402pixels.com/block/53/64,api.402pixels.com,base,other,,false,1.0000,66,189,6,95,2026-07-14T06:18:09.55+00:00
https://api.402pixels.com/block/53/66,api.402pixels.com,base,other,,false,1.0000,98,101,3,96,2026-07-14T06:20:10.353+00:00
https://api.402pixels.com/block/53/67,api.402pixels.com,base,other,,false,1.0000,89,96,3,96,2026-07-14T06:21:16.227+00:00
https://api.402pixels.com/block/54/58,api.402pixels.com,base,other,,false,1.0000,57,165,3,95,2026-07-11T06:13:34.98+00:00
https://api.402pixels.com/block/54/59,api.402pixels.com,base,other,,false,1.0000,61,160,3,95,2026-07-11T06:17:05.663+00:00
https://api.402pixels.com/block/54/60,api.402pixels.com,base,other,,false,1.0000,68,414,3,94,2026-07-13T07:33:31.402+00:00
https://api.402pixels.com/block/54/61,api.402pixels.com,base,other,,false,1.0000,56,56,3,97,2026-07-13T07:37:18.107+00:00
https://api.402pixels.com/block/54/63,api.402pixels.com,base,other,,false,1.0000,59,92,3,96,2026-07-13T07:39:19.376+00:00
https://api.402pixels.com/block/54/65,api.402pixels.com,base,other,,false,1.0000,83,92,3,96,2026-07-14T06:19:25.835+00:00
https://api.402pixels.com/block/54/67,api.402pixels.com,base,other,,false,1.0000,92,94,3,96,2026-07-14T06:21:22.416+00:00
https://api.402pixels.com/block/55/56,api.402pixels.com,base,other,,false,1.0000,58,63,3,97,2026-07-11T06:13:38.355+00:00
https://api.402pixels.com/block/55/57,api.402pixels.com,base,other,,false,1.0000,198,214,3,94,2026-07-11T06:11:29.027+00:00
https://api.402pixels.com/block/55/58,api.402pixels.com,base,other,,false,1.0000,60,68,3,97,2026-07-11T06:13:42.87+00:00
https://api.402pixels.com/block/55/59,api.402pixels.com,base,other,,false,1.0000,68,68,3,97,2026-07-11T06:17:12.257+00:00
https://api.402pixels.com/block/55/61,api.402pixels.com,base,other,,false,1.0000,61,66,3,97,2026-07-13T07:37:22.329+00:00
https://api.402pixels.com/block/55/64,api.402pixels.com,base,other,,false,1.0000,69,201,3,95,2026-07-13T07:36:02.548+00:00
https://api.402pixels.com/block/55/65,api.402pixels.com,base,other,,false,1.0000,88,101,3,96,2026-07-14T06:19:30.141+00:00
https://api.402pixels.com/block/55/67,api.402pixels.com,base,other,,false,1.0000,99,111,3,96,2026-07-14T06:21:44.843+00:00
https://api.402pixels.com/block/56/51,api.402pixels.com,base,other,,false,1.0000,57,66,3,97,2026-07-13T07:36:50.537+00:00
https://api.402pixels.com/block/56/56,api.402pixels.com,base,other,,false,1.0000,57,66,3,97,2026-07-11T06:13:48.687+00:00
https://api.402pixels.com/block/56/58,api.402pixels.com,base,other,,false,1.0000,59,66,3,97,2026-07-11T06:13:45.089+00:00
https://api.402pixels.com/block/56/63,api.402pixels.com,base,other,,false,1.0000,59,64,3,97,2026-07-13T07:39:37.739+00:00
https://api.402pixels.com/block/56/66,api.402pixels.com,base,other,,false,1.0000,92,94,3,96,2026-07-14T06:20:25.125+00:00
https://api.402pixels.com/block/56/67,api.402pixels.com,base,other,,false,1.0000,82,98,3,96,2026-07-14T06:21:48.363+00:00
https://api.402pixels.com/block/57/51,api.402pixels.com,base,other,,false,1.0000,60,65,3,97,2026-07-13T07:36:30.717+00:00
https://api.402pixels.com/block/57/55,api.402pixels.com,base,other,,false,1.0000,64,67,3,97,2026-07-11T06:13:57.635+00:00
https://api.402pixels.com/block/57/56,api.402pixels.com,base,other,,false,1.0000,58,58,3,97,2026-07-11T06:13:46.081+00:00
https://api.402pixels.com/block/57/58,api.402pixels.com,base,other,,false,1.0000,58,60,3,97,2026-07-11T06:14:03.634+00:00
https://api.402pixels.com/block/57/59,api.402pixels.com,base,other,,false,1.0000,61,66,3,97,2026-07-11T06:18:12.996+00:00
https://api.402pixels.com/block/57/64,api.402pixels.com,base,other,,false,1.0000,74,97,6,96,2026-07-14T06:18:43.154+00:00
https://api.402pixels.com/block/57/67,api.402pixels.com,base,other,,false,1.0000,87,100,3,96,2026-07-14T06:22:06.637+00:00
https://api.402pixels.com/block/58/56,api.402pixels.com,base,other,,false,1.0000,58,65,3,97,2026-07-11T06:14:06.49+00:00
https://api.402pixels.com/block/58/58,api.402pixels.com,base,other,,false,1.0000,59,63,3,97,2026-07-13T07:36:56.501+00:00
https://api.402pixels.com/block/58/59,api.402pixels.com,base,other,,false,1.0000,86,650,3,93,2026-07-12T06:10:20.67+00:00
https://api.402pixels.com/block/58/60,api.402pixels.com,base,other,,false,1.0000,65,154,3,95,2026-07-13T07:34:01.855+00:00
https://api.402pixels.com/block/58/61,api.402pixels.com,base,other,,false,1.0000,65,72,3,97,2026-07-13T07:37:40.365+00:00
https://api.402pixels.com/block/58/64,api.402pixels.com,base,other,,false,1.0000,73,95,6,96,2026-07-14T06:18:54.324+00:00
https://api.402pixels.com/block/58/65,api.402pixels.com,base,other,,false,1.0000,86,98,3,96,2026-07-14T06:19:41.399+00:00
https://api.402pixels.com/block/58/66,api.402pixels.com,base,other,,false,1.0000,83,91,3,96,2026-07-14T06:20:34.569+00:00
https://api.402pixels.com/block/59/57,api.402pixels.com,base,other,,false,1.0000,177,227,3,94,2026-07-11T06:12:14.269+00:00
https://api.402pixels.com/block/59/58,api.402pixels.com,base,other,,false,1.0000,63,80,3,96,2026-07-11T06:14:08.167+00:00
https://api.402pixels.com/block/59/59,api.402pixels.com,base,other,,false,1.0000,111,189,3,95,2026-07-12T06:10:31.42+00:00
https://api.402pixels.com/block/59/65,api.402pixels.com,base,other,,false,1.0000,92,97,3,96,2026-07-14T06:19:46.651+00:00
https://api.agentwonderland.com/x402/endpoints/insider-trading-tracker,api.agentwonderland.com,base,other,,false,1.0000,154,213,3,95,2026-07-14T06:22:58.244+00:00
https://api.agentwonderland.com/x402/endpoints/publish-html-to-a-public-url,api.agentwonderland.com,base,other,,false,1.0000,152,244,3,95,2026-07-16T06:36:12.868+00:00
https://api.aitrailblazer.net/v1/alpha-opportunities,api.aitrailblazer.net,base,other,,false,1.0000,76,125,3,96,2026-07-11T06:16:59.499+00:00
https://api.aitrailblazer.net/v1/atlas-history/:ticker,api.aitrailblazer.net,base,other,,false,1.0000,107,193,3,95,2026-07-11T06:16:34.485+00:00
https://api.aitrailblazer.net/v1/top-stressed,api.aitrailblazer.net,base,other,,false,1.0000,26,108,3,95,2026-07-12T06:12:13.039+00:00
https://api.anchor-x402.com/v1/decode/tx,api.anchor-x402.com,base;polygon;solana:5eykt4usfv8p8njdtrepy1vzqkqzkvdp,other,,false,1.0000,181,253,3,94,2026-07-11T06:12:02.622+00:00
https://api.anchor-x402.com/v1/investigate,api.anchor-x402.com,base;polygon;solana:5eykt4usfv8p8njdtrepy1vzqkqzkvdp,other,,false,1.0000,158,182,3,95,2026-07-12T06:12:13.901+00:00
https://api.barvis.io/agent/chat,api.barvis.io,base,other,,false,1.0000,323,360,3,92,2026-07-17T06:14:17.074+00:00
https://api.bloomfilter.xyz/dns/paradores.fyi/f90362d1db664d69ec5b957bec34f869,api.bloomfilter.xyz,base,other,,false,1.0000,198,254,3,94,2026-07-16T06:38:24.578+00:00
https://api.carbon-cashmere.de/v1/narratives,api.carbon-cashmere.de,base;algorand:sgo1gkszye7iepittxcbyw9x8fmnrcdexi9/coujoii=;algorand:wghe2pwdvd7s12bl5faop20egyesn73ktic1qzkkit8=;polygon;eip155:42161;eip155:480;solana:5eykt4usfv8p8njdtrepy1vzqkqzkvdp;stellar:pubnet,other,,false,1.0000,494,693,3,89,2026-07-12T06:11:41.295+00:00
https://api.carbon-cashmere.de/v1/ohlcv/:var1,api.carbon-cashmere.de,base;algorand:sgo1gkszye7iepittxcbyw9x8fmnrcdexi9/coujoii=;algorand:wghe2pwdvd7s12bl5faop20egyesn73ktic1qzkkit8=;polygon;eip155:42161;eip155:480;solana:5eykt4usfv8p8njdtrepy1vzqkqzkvdp;stellar:pubnet,other,,false,1.0000,360,391,3,90,2026-07-12T06:11:45.077+00:00
https://api.cryptotradecalc.com/api/forecast,api.cryptotradecalc.com,base,other,,false,1.0000,665,685,3,86,2026-07-14T06:26:30.271+00:00
https://api.deepbluebase.xyz/discover,api.deepbluebase.xyz,base;solana:5eykt4usfv8p8njdtrepy1vzqkqzkvdp,other,,false,0.0000,8000,8000,3,40,2026-07-13T07:41:06.675+00:00
https://api.deepbluebase.xyz/polymarket/5min,api.deepbluebase.xyz,base;solana:5eykt4usfv8p8njdtrepy1vzqkqzkvdp,other,,false,0.0000,8000,8000,3,40,2026-07-13T07:40:33.34+00:00
https://api.deepbluebase.xyz/prediction-markets,api.deepbluebase.xyz,base;solana:5eykt4usfv8p8njdtrepy1vzqkqzkvdp,other,,false,0.0000,8000,8000,6,40,2026-07-14T06:18:06.166+00:00
https://api.dripmetrics.ai/hyperliquid/realized-vol,api.dripmetrics.ai,base,other,,false,0.0000,132,629,3,40,2026-07-12T06:11:52.682+00:00
https://api.dripmetrics.ai/polymarket/probability-shock,api.dripmetrics.ai,base,other,,false,1.0000,208,288,3,93,2026-07-14T06:21:34.004+00:00
https://api.gigabrain.gg/brain-chat,api.gigabrain.gg,base,other,,false,1.0000,562,568,3,87,2026-07-14T06:24:44.747+00:00
https://api.gocreativeai.com/v1/finance/sec-filings/:var1,api.gocreativeai.com,base;solana:5eykt4usfv8p8njdtrepy1vzqkqzkvdp,other,,false,1.0000,257,319,3,93,2026-07-12T06:10:00.312+00:00
https://api.gudrok.io/agent/coins,api.gudrok.io,base,other,,false,0.0000,8000,8000,3,40,2026-07-14T06:25:00.987+00:00
https://api.jamton.network/v1/purchases/xauh/requests/x402,api.jamton.network,base,other,,false,1.0000,457,519,3,89,2026-07-17T06:16:32.866+00:00
https://api.jintel.ai/api/graphql,api.jintel.ai,base,other,,false,0.0000,8000,8000,3,40,2026-07-17T06:13:35.788+00:00
https://api.kadec0.xyz/v1/geocode,api.kadec0.xyz,base,other,,false,1.0000,490,492,3,89,2026-07-12T06:10:25.786+00:00
https://api.kadec0.xyz/v1/paper-fulltext,api.kadec0.xyz,base,other,,false,1.0000,232,583,3,92,2026-07-14T06:23:25.734+00:00
https://api.kadec0.xyz/v1/recalls,api.kadec0.xyz,base,other,,false,1.0000,133,221,3,94,2026-07-13T07:35:35.476+00:00
https://api.kadec0.xyz/v1/serp,api.kadec0.xyz,base,other,,false,1.0000,361,506,3,91,2026-07-16T06:37:34.557+00:00
https://api.kadec0.xyz/v1/usgs-quakes,api.kadec0.xyz,base,other,,false,1.0000,300,372,3,92,2026-07-16T06:38:05.152+00:00
https://api.kadec0.xyz/v1/yield-pools,api.kadec0.xyz,base,other,,false,1.0000,165,385,3,94,2026-07-17T06:13:25.586+00:00
https://api.kakerapetit.dev/v1/compare-product-photo,api.kakerapetit.dev,base;polygon,other,,false,1.0000,400,466,3,91,2026-07-13T07:37:43.193+00:00
https://api.kakerapetit.dev/v1/find-near-duplicate,api.kakerapetit.dev,base;polygon,other,,false,1.0000,319,388,3,91,2026-07-13T07:38:11.591+00:00
https://api.kakerapetit.dev/v1/verify-reference-image,api.kakerapetit.dev,base;polygon,other,,false,1.0000,338,454,3,91,2026-07-14T06:22:10.541+00:00
https://api.kodo.fun/v1/generate,api.kodo.fun,base,other,,false,1.0000,88,109,3,96,2026-07-17T06:13:37.389+00:00
https://api.linkedpanda.com/agent/v1/ads/get,api.linkedpanda.com,base,other,,false,1.0000,380,381,3,91,2026-07-11T06:17:02.546+00:00
https://api.linkedpanda.com/agent/v1/ads/search,api.linkedpanda.com,base,other,,false,1.0000,343,344,3,92,2026-07-11T06:17:04.563+00:00
https://api.linkedpanda.com/agent/v1/companies/enrich,api.linkedpanda.com,base,other,,false,1.0000,421,498,9,90,2026-07-16T06:34:25.84+00:00
https://api.linkedpanda.com/agent/v1/companies/search,api.linkedpanda.com,base,other,,false,1.0000,462,467,3,90,2026-07-11T06:18:04.507+00:00
https://api.linkedpanda.com/agent/v1/jobs/get,api.linkedpanda.com,base,other,,false,1.0000,341,425,6,92,2026-07-12T06:09:33.403+00:00
https://api.linkedpanda.com/agent/v1/profiles/posts,api.linkedpanda.com,base,other,,false,1.0000,313,322,3,92,2026-07-12T06:10:51.836+00:00
https://api.linkedpanda.com/agent/v1/profiles/search,api.linkedpanda.com,base,other,,false,1.0000,318,322,3,92,2026-07-12T06:11:01.507+00:00
https://api.midas-ops.com/midas-ops/basic,api.midas-ops.com,base,other,,false,0.0000,28,125,3,40,2026-07-17T06:13:31.741+00:00
https://api.moltalyzer.xyz/api/tokens/signal,api.moltalyzer.xyz,base,other,,false,0.0000,95,111,3,40,2026-07-11T06:16:19.271+00:00
https://api.moltdomesticproduct.com/api/bazaar/jobs/search,api.moltdomesticproduct.com,base,other,,false,0.0000,8000,8000,3,40,2026-07-16T06:35:39.567+00:00
https://api.myceliasignal.com/oracle/iv/btc/usd,api.myceliasignal.com,base,other,,false,1.0000,63,100,3,96,2026-07-11T06:14:32.727+00:00
https://api.myceliasignal.com/oracle/marine/voyage/forecast,api.myceliasignal.com,base,other,,false,1.0000,41,65,3,96,2026-07-11T06:14:51.616+00:00
https://api.myceliasignal.com/oracle/orderbook/eth/usd,api.myceliasignal.com,base,other,,false,1.0000,106,120,3,96,2026-07-12T06:11:09.112+00:00
https://api.myceliasignal.com/oracle/price/eth/eur,api.myceliasignal.com,base,other,,false,1.0000,35,39,3,97,2026-07-11T06:14:56.211+00:00
https://api.myceliasignal.com/oracle/price/usd/chf,api.myceliasignal.com,base,other,,false,1.0000,108,115,3,95,2026-07-12T06:11:13.688+00:00
https://api.nimatron.com/v1/cot/market,api.nimatron.com,base,other,,false,1.0000,103,171,3,95,2026-07-12T06:10:09.499+00:00
https://api.omninexu.com/v1/company/filings,api.omninexu.com,base,other,,false,1.0000,68,126,3,95,2026-07-13T07:36:50.984+00:00
https://api.omninexu.com/v1/company/insider,api.omninexu.com,base,other,,false,1.0000,120,134,3,95,2026-07-13T07:37:05.29+00:00
https://api.omninexu.com/v1/company/institutional,api.omninexu.com,base,other,,false,1.0000,140,248,3,95,2026-07-13T07:37:32.993+00:00
https://api.quantoracle.dev/v1/options/strategy,api.quantoracle.dev,base;solana:5eykt4usfv8p8njdtrepy1vzqkqzkvdp,other,,false,0.0000,370,446,3,40,2026-07-17T06:17:44.507+00:00
https://api.quantoracle.dev/v1/watch/extend,api.quantoracle.dev,base;solana:5eykt4usfv8p8njdtrepy1vzqkqzkvdp,other,,false,0.0000,198,257,3,40,2026-07-15T05:50:08.855+00:00
https://api.relaystation.ai/v1/csv/convert,api.relaystation.ai,base,other,,false,1.0000,210,222,3,93,2026-07-17T06:13:06.314+00:00
https://api.reloadpi.com/api/catalog/vouchers/filters,api.reloadpi.com,base,other,,false,1.0000,226,596,6,94,2026-07-14T06:19:04.369+00:00
https://api.seerium.xyz/v1/prediction/arb/same-outcome-spread,api.seerium.xyz,base;solana:5eykt4usfv8p8njdtrepy1vzqkqzkvdp,other,,false,1.0000,161,661,3,93,2026-07-11T06:15:04.727+00:00
https://api.seerium.xyz/v1/prediction/builders/detail,api.seerium.xyz,base;solana:5eykt4usfv8p8njdtrepy1vzqkqzkvdp,other,,false,0.0000,83,228,3,40,2026-07-12T06:11:22.659+00:00
https://api.seerium.xyz/v1/prediction/rewards,api.seerium.xyz,base;solana:5eykt4usfv8p8njdtrepy1vzqkqzkvdp,other,,false,1.0000,71,279,3,94,2026-07-12T06:11:23.859+00:00
https://api.seerium.xyz/v1/prediction/whale-radar/randomized,api.seerium.xyz,base;solana:5eykt4usfv8p8njdtrepy1vzqkqzkvdp,other,,false,0.6667,1633,7363,3,56,2026-07-11T06:16:12.735+00:00
https://api.seneschal.space/v1/q/zec/last-block,api.seneschal.space,base,other,,false,1.0000,536,785,3,88,2026-07-11T06:18:49.912+00:00
https://api.signalfuse.co/v1/arena/vwap_reversion/BTC,api.signalfuse.co,base,other,,false,1.0000,266,266,3,93,2026-07-17T06:14:53.823+00:00
https://api.signalfuse.co/v1/gateway/search,api.signalfuse.co,base,other,,false,1.0000,270,273,3,93,2026-07-17T06:14:57.807+00:00
https://api.signalfuse.co/v1/signal/batch,api.signalfuse.co,base,other,,false,1.0000,256,332,3,93,2026-07-17T06:14:49.633+00:00
https://api.signalfuse.co/v1/signal/BTC,api.signalfuse.co,base,other,,false,1.0000,254,385,3,93,2026-07-17T06:14:47.021+00:00
https://api.smartflowproai.com/bazaar/health-check,api.smartflowproai.com,base,other,,false,1.0000,442,482,6,91,2026-07-14T06:18:47.865+00:00
https://api.strale.io/x402/address-validate,api.strale.io,base,other,,false,1.0000,20,22,3,97,2026-07-12T06:11:26.392+00:00
https://api.strale.io/x402/barcode-lookup,api.strale.io,base,other,,false,1.0000,16,21,3,97,2026-07-12T06:11:28.612+00:00
https://api.strale.io/x402/classify-text,api.strale.io,base,other,,false,1.0000,15,21,3,97,2026-07-12T06:09:49.033+00:00
https://api.strale.io/x402/commit-message-generate,api.strale.io,base,other,,false,1.0000,16,20,3,97,2026-07-12T06:12:04.415+00:00
https://api.strale.io/x402/company-tech-stack,api.strale.io,base,other,,false,1.0000,19,20,3,98,2026-07-12T06:10:01.762+00:00
https://api.strale.io/x402/crontab-generate,api.strale.io,base,other,,false,1.0000,100,116,3,96,2026-07-13T07:34:11.492+00:00
https://api.strale.io/x402/customs-duty-lookup,api.strale.io,base,other,,false,1.0000,101,118,3,96,2026-07-13T07:34:49.644+00:00
https://api.strale.io/x402/data-protection-authority-lookup,api.strale.io,base,other,,false,1.0000,80,89,3,96,2026-07-11T06:17:32.572+00:00
https://api.strale.io/x402/diff-json,api.strale.io,base,other,,false,1.0000,73,88,3,96,2026-07-11T06:17:56.809+00:00
https://api.strale.io/x402/domain-age-check,api.strale.io,base,other,,false,1.0000,19,28,3,97,2026-07-12T06:12:35.118+00:00
https://api.strale.io/x402/domain-reputation,api.strale.io,base,other,,false,1.0000,78,82,3,96,2026-07-11T06:16:58.805+00:00
https://api.strale.io/x402/email-reputation-score,api.strale.io,base,other,,false,1.0000,48,87,6,97,2026-07-12T06:09:41.26+00:00
https://api.strale.io/x402/email-validate,api.strale.io,base,other,,false,1.0000,76,77,3,97,2026-07-11T06:18:04.813+00:00
https://api.strale.io/x402/employer-review-summary,api.strale.io,base,other,,false,1.0000,55,87,6,97,2026-07-12T06:09:44.392+00:00
https://api.strale.io/x402/env-template-generate,api.strale.io,base,other,,false,1.0000,22,32,3,97,2026-07-12T06:12:14.577+00:00
https://api.strale.io/x402/financial-year-dates,api.strale.io,base,other,,false,1.0000,47,96,6,97,2026-07-12T06:09:38.646+00:00
https://api.strale.io/x402/github-actions-generate,api.strale.io,base,other,,false,1.0000,53,95,6,97,2026-07-12T06:09:45.356+00:00
https://api.strale.io/x402/payment-reference-generate,api.strale.io,base,other,,false,1.0000,119,138,3,95,2026-07-13T07:36:11.964+00:00
https://api.strale.io/x402/privacy-policy-analyze,api.strale.io,base,other,,false,1.0000,79,88,3,96,2026-07-11T06:16:59.134+00:00
https://api.strale.io/x402/product-search,api.strale.io,base,other,,false,1.0000,75,236,3,95,2026-07-11T06:16:57.029+00:00
https://api.strale.io/x402/prompt-optimize,api.strale.io,base,other,,false,1.0000,31,44,3,96,2026-07-12T06:12:14.328+00:00
https://api.strale.io/x402/regex-explain,api.strale.io,base,other,,false,1.0000,17,21,3,97,2026-07-12T06:10:10.594+00:00
https://api.strale.io/x402/secret-scan,api.strale.io,base,other,,false,1.0000,20,24,3,97,2026-07-12T06:09:56.051+00:00
https://api.strale.io/x402/sql-generate,api.strale.io,base,other,,false,1.0000,46,121,6,98,2026-07-12T06:09:33.498+00:00
https://api.strale.io/x402/token-security-check,api.strale.io,base,other,,false,1.0000,80,127,6,95,2026-07-12T06:09:28.795+00:00
https://api.strale.io/x402/translate,api.strale.io,base,other,,false,1.0000,15,32,3,96,2026-07-12T06:12:16.223+00:00
https://api.tcgapi.dev/v1/cards/16227/history/detailed,api.tcgapi.dev,base;solana:5eykt4usfv8p8njdtrepy1vzqkqzkvdp,other,,false,1.0000,20,21,3,97,2026-07-12T06:11:43.724+00:00
https://api.tcgapi.dev/v1/cards/16699/history/detailed,api.tcgapi.dev,base;solana:5eykt4usfv8p8njdtrepy1vzqkqzkvdp,other,,false,1.0000,21,24,3,97,2026-07-12T06:12:23.166+00:00
https://api.tcgapi.dev/v1/cards/2119584/history/detailed,api.tcgapi.dev,base;solana:5eykt4usfv8p8njdtrepy1vzqkqzkvdp,other,,false,1.0000,31,71,9,97,2026-07-17T06:11:23.181+00:00
https://api.tcgapi.dev/v1/cards/2131652/history/detailed,api.tcgapi.dev,base;solana:5eykt4usfv8p8njdtrepy1vzqkqzkvdp,other,,false,1.0000,21,22,3,98,2026-07-12T06:11:46.456+00:00
https://api.tcgapi.dev/v1/cards/21887/history/detailed,api.tcgapi.dev,base;solana:5eykt4usfv8p8njdtrepy1vzqkqzkvdp,other,,false,1.0000,21,21,3,98,2026-07-12T06:11:46.075+00:00
https://api.tcgapi.dev/v1/cards/26369/history/detailed,api.tcgapi.dev,base;solana:5eykt4usfv8p8njdtrepy1vzqkqzkvdp,other,,false,1.0000,20,21,3,98,2026-07-12T06:09:47.752+00:00
https://api.tcgapi.dev/v1/cards/26391/history/detailed,api.tcgapi.dev,base;solana:5eykt4usfv8p8njdtrepy1vzqkqzkvdp,other,,false,1.0000,52,74,6,97,2026-07-16T06:42:42.618+00:00
https://api.tcgapi.dev/v1/cards/26393/history/detailed,api.tcgapi.dev,base;solana:5eykt4usfv8p8njdtrepy1vzqkqzkvdp,other,,false,1.0000,33,35,3,97,2026-07-12T06:10:00.466+00:00
https://api.tcgapi.dev/v1/cards/26628/history/detailed,api.tcgapi.dev,base;solana:5eykt4usfv8p8njdtrepy1vzqkqzkvdp,other,,false,1.0000,54,74,6,96,2026-07-15T05:48:48.415+00:00
https://api.tcgapi.dev/v1/cards/27334/history/detailed,api.tcgapi.dev,base;solana:5eykt4usfv8p8njdtrepy1vzqkqzkvdp,other,,false,1.0000,30,36,3,97,2026-07-15T05:48:50.033+00:00
https://api.tcgapi.dev/v1/cards/27842/history/detailed,api.tcgapi.dev,base;solana:5eykt4usfv8p8njdtrepy1vzqkqzkvdp,other,,false,1.0000,38,81,9,98,2026-07-17T06:12:31.992+00:00
https://api.tcgapi.dev/v1/cards/28594/history/detailed,api.tcgapi.dev,base;solana:5eykt4usfv8p8njdtrepy1vzqkqzkvdp,other,,false,1.0000,22,31,3,97,2026-07-11T06:16:36.358+00:00
https://api.tcgapi.dev/v1/cards/28785/history/detailed,api.tcgapi.dev,base;solana:5eykt4usfv8p8njdtrepy1vzqkqzkvdp,other,,false,1.0000,32,39,3,97,2026-07-11T06:16:45.964+00:00
https://api.tcgapi.dev/v1/cards/28787/history/detailed,api.tcgapi.dev,base;solana:5eykt4usfv8p8njdtrepy1vzqkqzkvdp,other,,false,1.0000,21,26,3,97,2026-07-11T06:16:57.379+00:00
https://api.tcgapi.dev/v1/cards/28790/history/detailed,api.tcgapi.dev,base;solana:5eykt4usfv8p8njdtrepy1vzqkqzkvdp,other,,false,1.0000,24,27,3,97,2026-07-12T06:10:26.342+00:00
https://api.tcgapi.dev/v1/cards/29050/history/detailed,api.tcgapi.dev,base;solana:5eykt4usfv8p8njdtrepy1vzqkqzkvdp,other,,false,1.0000,27,30,3,97,2026-07-11T06:16:36.518+00:00
https://api.tcgapi.dev/v1/cards/29053/history/detailed,api.tcgapi.dev,base;solana:5eykt4usfv8p8njdtrepy1vzqkqzkvdp,other,,false,1.0000,20,28,3,97,2026-07-12T06:10:28.99+00:00
https://api.tcgapi.dev/v1/cards/29417/history/detailed,api.tcgapi.dev,base;solana:5eykt4usfv8p8njdtrepy1vzqkqzkvdp,other,,false,1.0000,24,32,6,97,2026-07-12T06:09:42.985+00:00
https://api.tcgapi.dev/v1/cards/29475/history/detailed,api.tcgapi.dev,base;solana:5eykt4usfv8p8njdtrepy1vzqkqzkvdp,other,,false,1.0000,27,124,6,95,2026-07-12T06:09:37.31+00:00
https://api.tcgapi.dev/v1/cards/29481/history/detailed,api.tcgapi.dev,base;solana:5eykt4usfv8p8njdtrepy1vzqkqzkvdp,other,,false,1.0000,20,26,3,97,2026-07-12T06:11:11.452+00:00
https://api.tcgapi.dev/v1/cards/29485/history/detailed,api.tcgapi.dev,base;solana:5eykt4usfv8p8njdtrepy1vzqkqzkvdp,other,,false,1.0000,24,27,3,97,2026-07-12T06:12:49.581+00:00
https://api.tcgapi.dev/v1/cards/29894/history/detailed,api.tcgapi.dev,base;solana:5eykt4usfv8p8njdtrepy1vzqkqzkvdp,other,,false,1.0000,22,28,3,97,2026-07-12T06:11:48.017+00:00
https://api.tcgapi.dev/v1/cards/29918/history/detailed,api.tcgapi.dev,base;solana:5eykt4usfv8p8njdtrepy1vzqkqzkvdp,other,,false,1.0000,28,54,9,97,2026-07-17T06:13:17.597+00:00
https://api.tcgapi.dev/v1/cards/30552/history/detailed,api.tcgapi.dev,base;solana:5eykt4usfv8p8njdtrepy1vzqkqzkvdp,other,,false,1.0000,25,30,3,97,2026-07-13T07:32:05.218+00:00
https://api.tcgapi.dev/v1/cards/31229/history/detailed,api.tcgapi.dev,base;solana:5eykt4usfv8p8njdtrepy1vzqkqzkvdp,other,,false,1.0000,71,133,3,95,2026-07-14T06:24:41.524+00:00
https://api.tcgapi.dev/v1/cards/31313/history/detailed,api.tcgapi.dev,base;solana:5eykt4usfv8p8njdtrepy1vzqkqzkvdp,other,,false,1.0000,28,32,6,97,2026-07-13T07:30:47.867+00:00
https://api.tcgapi.dev/v1/cards/35435/history/detailed,api.tcgapi.dev,base;solana:5eykt4usfv8p8njdtrepy1vzqkqzkvdp,other,,false,1.0000,21,25,3,97,2026-07-13T07:34:10.996+00:00
https://api.tcgapi.dev/v1/cards/36334/history/detailed,api.tcgapi.dev,base;solana:5eykt4usfv8p8njdtrepy1vzqkqzkvdp,other,,false,1.0000,20,22,3,97,2026-07-12T06:10:29.533+00:00
https://api.tcgapi.dev/v1/cards/36465/history/detailed,api.tcgapi.dev,base;solana:5eykt4usfv8p8njdtrepy1vzqkqzkvdp,other,,false,1.0000,20,25,3,97,2026-07-13T07:34:14.053+00:00
https://api.tcgapi.dev/v1/cards/36622/history/detailed,api.tcgapi.dev,base;solana:5eykt4usfv8p8njdtrepy1vzqkqzkvdp,other,,false,1.0000,21,22,3,98,2026-07-12T06:10:33.331+00:00
https://api.tcgapi.dev/v1/cards/36692/history/detailed,api.tcgapi.dev,base;solana:5eykt4usfv8p8njdtrepy1vzqkqzkvdp,other,,false,1.0000,21,35,3,97,2026-07-13T07:34:43.425+00:00
https://api.tcgapi.dev/v1/cards/36813/history/detailed,api.tcgapi.dev,base;solana:5eykt4usfv8p8njdtrepy1vzqkqzkvdp,other,,false,1.0000,47,49,3,97,2026-07-15T05:49:10.822+00:00
https://api.tcgapi.dev/v1/cards/36824/history/detailed,api.tcgapi.dev,base;solana:5eykt4usfv8p8njdtrepy1vzqkqzkvdp,other,,false,1.0000,22,28,3,97,2026-07-12T06:09:48.646+00:00
https://api.tcgapi.dev/v1/cards/36903/history/detailed,api.tcgapi.dev,base;solana:5eykt4usfv8p8njdtrepy1vzqkqzkvdp,other,,false,1.0000,18,86,3,95,2026-07-13T07:35:38.219+00:00
https://api.tcgapi.dev/v1/cards/36925/history/detailed,api.tcgapi.dev,base;solana:5eykt4usfv8p8njdtrepy1vzqkqzkvdp,other,,false,1.0000,18,27,3,97,2026-07-13T07:35:43.667+00:00
https://api.tcgapi.dev/v1/cards/37501/history/detailed,api.tcgapi.dev,base;solana:5eykt4usfv8p8njdtrepy1vzqkqzkvdp,other,,false,1.0000,36,38,3,97,2026-07-15T05:49:19.545+00:00
https://api.tcgapi.dev/v1/cards/37830/history/detailed,api.tcgapi.dev,base;solana:5eykt4usfv8p8njdtrepy1vzqkqzkvdp,other,,false,1.0000,19,19,3,98,2026-07-13T07:35:54.256+00:00
https://api.tcgapi.dev/v1/cards/5846/history/detailed,api.tcgapi.dev,base;solana:5eykt4usfv8p8njdtrepy1vzqkqzkvdp,other,,false,1.0000,38,38,3,97,2026-07-15T05:49:20.058+00:00
https://api.tcgapi.dev/v1/cards/693262/history/detailed,api.tcgapi.dev,base;solana:5eykt4usfv8p8njdtrepy1vzqkqzkvdp,other,,false,1.0000,32,51,3,97,2026-07-15T05:49:16.818+00:00
https://api.tcgapi.dev/v1/cards/693606/history/detailed,api.tcgapi.dev,base;solana:5eykt4usfv8p8njdtrepy1vzqkqzkvdp,other,,false,1.0000,21,24,6,97,2026-07-17T06:13:52.649+00:00
https://api.tcgapi.dev/v1/cards/693624/history/detailed,api.tcgapi.dev,base;solana:5eykt4usfv8p8njdtrepy1vzqkqzkvdp,other,,false,1.0000,21,29,3,97,2026-07-13T07:35:53.063+00:00
https://api.tcgapi.dev/v1/cards/703444/history/detailed,api.tcgapi.dev,base;solana:5eykt4usfv8p8njdtrepy1vzqkqzkvdp,other,,false,1.0000,29,32,3,97,2026-07-15T05:49:22.402+00:00
https://api.tcgapi.dev/v1/cards/708880/history/detailed,api.tcgapi.dev,base;solana:5eykt4usfv8p8njdtrepy1vzqkqzkvdp,other,,false,1.0000,35,39,3,97,2026-07-15T05:49:24.416+00:00
https://api.tcgapi.dev/v1/cards/712472/history/detailed,api.tcgapi.dev,base;solana:5eykt4usfv8p8njdtrepy1vzqkqzkvdp,other,,false,1.0000,35,39,3,97,2026-07-15T05:49:22.552+00:00
https://api.tcgapi.dev/v1/cards/712475/history/detailed,api.tcgapi.dev,base;solana:5eykt4usfv8p8njdtrepy1vzqkqzkvdp,other,,false,1.0000,42,47,3,97,2026-07-15T05:49:29.232+00:00
https://api.tcgapi.dev/v1/cards/712487/history/detailed,api.tcgapi.dev,base;solana:5eykt4usfv8p8njdtrepy1vzqkqzkvdp,other,,false,1.0000,22,22,3,97,2026-07-12T06:10:38.511+00:00
https://api.tcgapi.dev/v1/cards/712495/history/detailed,api.tcgapi.dev,base;solana:5eykt4usfv8p8njdtrepy1vzqkqzkvdp,other,,false,1.0000,34,39,3,97,2026-07-12T06:10:39.223+00:00
https://api.tcgapi.dev/v1/cards/734697/history/detailed,api.tcgapi.dev,base;solana:5eykt4usfv8p8njdtrepy1vzqkqzkvdp,other,,false,1.0000,31,37,3,97,2026-07-15T05:49:31.891+00:00
https://api.tcgapi.dev/v1/cards/7375/history/detailed,api.tcgapi.dev,base;solana:5eykt4usfv8p8njdtrepy1vzqkqzkvdp,other,,false,1.0000,30,34,3,97,2026-07-15T05:49:36.397+00:00
https://api.tcgapi.dev/v1/cards/746228/history/detailed,api.tcgapi.dev,base;solana:5eykt4usfv8p8njdtrepy1vzqkqzkvdp,other,,false,1.0000,19,20,3,98,2026-07-13T07:37:07.402+00:00
https://api.tcgapi.dev/v1/sets/1100039/cards,api.tcgapi.dev,base;solana:5eykt4usfv8p8njdtrepy1vzqkqzkvdp,other,,false,1.0000,24,26,6,97,2026-07-17T06:14:03.012+00:00
https://api.tcgapi.dev/v1/sets/5500042/cards,api.tcgapi.dev,base;solana:5eykt4usfv8p8njdtrepy1vzqkqzkvdp,other,,false,1.0000,27,38,3,97,2026-07-12T06:10:56.966+00:00
https://api.tcgapi.dev/v1/sets/5500103/cards,api.tcgapi.dev,base;solana:5eykt4usfv8p8njdtrepy1vzqkqzkvdp,other,,false,1.0000,22,37,6,97,2026-07-17T06:14:31.262+00:00
https://api.tcgapi.dev/v1/sets/5500105/cards,api.tcgapi.dev,base;solana:5eykt4usfv8p8njdtrepy1vzqkqzkvdp,other,,false,1.0000,28,33,3,97,2026-07-12T06:11:24.864+00:00
https://api.tcgapi.dev/v1/sets/5500117/cards,api.tcgapi.dev,base;solana:5eykt4usfv8p8njdtrepy1vzqkqzkvdp,other,,false,1.0000,21,28,3,97,2026-07-12T06:11:26.927+00:00
https://api.tcgapi.dev/v1/sets/5500118/cards,api.tcgapi.dev,base;solana:5eykt4usfv8p8njdtrepy1vzqkqzkvdp,other,,false,1.0000,23,29,3,97,2026-07-17T06:14:39.743+00:00
https://api.tcgapi.dev/v1/sets/5500119/cards,api.tcgapi.dev,base;solana:5eykt4usfv8p8njdtrepy1vzqkqzkvdp,other,,false,1.0000,22,35,3,97,2026-07-17T06:14:41.982+00:00
https://api.tcgapi.dev/v1/sets/5500125/cards,api.tcgapi.dev,base;solana:5eykt4usfv8p8njdtrepy1vzqkqzkvdp,other,,false,1.0000,22,27,3,97,2026-07-12T06:11:25.263+00:00
https://api.tcgapi.dev/v1/sets/5500128/cards,api.tcgapi.dev,base;solana:5eykt4usfv8p8njdtrepy1vzqkqzkvdp,other,,false,1.0000,26,29,3,97,2026-07-13T07:37:48.133+00:00
https://api.tcgapi.dev/v1/sets/5500131/cards,api.tcgapi.dev,base;solana:5eykt4usfv8p8njdtrepy1vzqkqzkvdp,other,,false,1.0000,34,38,3,97,2026-07-11T06:13:13.569+00:00
https://api.tcgapi.dev/v1/sets/5500132/cards,api.tcgapi.dev,base;solana:5eykt4usfv8p8njdtrepy1vzqkqzkvdp,other,,false,1.0000,18,21,3,97,2026-07-13T07:37:50.781+00:00
https://api.tcgapi.dev/v1/sets/5500133/cards,api.tcgapi.dev,base;solana:5eykt4usfv8p8njdtrepy1vzqkqzkvdp,other,,false,1.0000,26,31,3,97,2026-07-13T07:37:58.075+00:00
https://api.tcgapi.dev/v1/sets/5500134/cards,api.tcgapi.dev,base;solana:5eykt4usfv8p8njdtrepy1vzqkqzkvdp,other,,false,1.0000,19,20,3,98,2026-07-13T07:38:03.942+00:00
https://api.tcgapi.dev/v1/sets/5500135/cards,api.tcgapi.dev,base;solana:5eykt4usfv8p8njdtrepy1vzqkqzkvdp,other,,false,1.0000,24,29,6,97,2026-07-17T06:14:54.658+00:00
https://api.tcgapi.dev/v1/sets/5500136/cards,api.tcgapi.dev,base;solana:5eykt4usfv8p8njdtrepy1vzqkqzkvdp,other,,false,1.0000,23,25,3,97,2026-07-17T06:15:04.467+00:00
https://api.tcgapi.dev/v1/sets/5500139/cards,api.tcgapi.dev,base;solana:5eykt4usfv8p8njdtrepy1vzqkqzkvdp,other,,false,1.0000,31,59,6,96,2026-07-12T06:09:37.495+00:00
https://api.tcgapi.dev/v1/sets/5500140/cards,api.tcgapi.dev,base;solana:5eykt4usfv8p8njdtrepy1vzqkqzkvdp,other,,false,1.0000,22,25,3,97,2026-07-12T06:10:19.596+00:00
https://api.tcgapi.dev/v1/sets/5500141/cards,api.tcgapi.dev,base;solana:5eykt4usfv8p8njdtrepy1vzqkqzkvdp,other,,false,1.0000,21,27,3,97,2026-07-13T07:33:58.082+00:00
https://api.tcgapi.dev/v1/sets/5500142/cards,api.tcgapi.dev,base;solana:5eykt4usfv8p8njdtrepy1vzqkqzkvdp,other,,false,1.0000,21,21,3,97,2026-07-13T07:34:52.417+00:00
https://api.tcgapi.dev/v1/sets/5500143/cards,api.tcgapi.dev,base;solana:5eykt4usfv8p8njdtrepy1vzqkqzkvdp,other,,false,1.0000,25,43,3,96,2026-07-13T07:39:13.01+00:00
https://api.tcgapi.dev/v1/sets/5500144/cards,api.tcgapi.dev,base;solana:5eykt4usfv8p8njdtrepy1vzqkqzkvdp,other,,false,1.0000,29,30,3,97,2026-07-15T05:49:30.247+00:00
https://api.tcgapi.dev/v1/sets/5500145/cards,api.tcgapi.dev,base;solana:5eykt4usfv8p8njdtrepy1vzqkqzkvdp,other,,false,1.0000,30,33,3,97,2026-07-15T05:49:27.79+00:00
https://api.tcgapi.dev/v1/sets/5500146/cards,api.tcgapi.dev,base;solana:5eykt4usfv8p8njdtrepy1vzqkqzkvdp,other,,false,1.0000,33,34,3,97,2026-07-15T05:49:36.733+00:00
https://api.tcgapi.dev/v1/sets/5500148/cards,api.tcgapi.dev,base;solana:5eykt4usfv8p8njdtrepy1vzqkqzkvdp,other,,false,1.0000,69,109,3,96,2026-07-16T06:34:30.532+00:00
https://api.tcgapi.dev/v1/sets/5500149/cards,api.tcgapi.dev,base;solana:5eykt4usfv8p8njdtrepy1vzqkqzkvdp,other,,false,1.0000,23,26,6,97,2026-07-17T06:15:18.874+00:00
https://api.tcgapi.dev/v1/sets/5500150/cards,api.tcgapi.dev,base;solana:5eykt4usfv8p8njdtrepy1vzqkqzkvdp,other,,false,1.0000,74,77,3,97,2026-07-16T06:36:32.665+00:00
https://api.tcgapi.dev/v1/sets/5500151/cards,api.tcgapi.dev,base;solana:5eykt4usfv8p8njdtrepy1vzqkqzkvdp,other,,false,1.0000,69,73,3,97,2026-07-16T06:36:36.119+00:00
https://api.tcgapi.dev/v1/sets/5500153/cards,api.tcgapi.dev,base;solana:5eykt4usfv8p8njdtrepy1vzqkqzkvdp,other,,false,1.0000,74,75,3,97,2026-07-16T06:37:02.929+00:00
https://api.tcgapi.dev/v1/sets/5500154/cards,api.tcgapi.dev,base;solana:5eykt4usfv8p8njdtrepy1vzqkqzkvdp,other,,false,1.0000,69,74,3,97,2026-07-16T06:37:07.426+00:00
https://api.tcgapi.dev/v1/sets/5500155/cards,api.tcgapi.dev,base;solana:5eykt4usfv8p8njdtrepy1vzqkqzkvdp,other,,false,1.0000,71,75,3,97,2026-07-16T06:37:08.523+00:00
https://api.tcgapi.dev/v1/sets/5500156/cards,api.tcgapi.dev,base;solana:5eykt4usfv8p8njdtrepy1vzqkqzkvdp,other,,false,1.0000,67,78,3,97,2026-07-16T06:37:12.807+00:00
https://api.tcgapi.dev/v1/sets/5500157/cards,api.tcgapi.dev,base;solana:5eykt4usfv8p8njdtrepy1vzqkqzkvdp,other,,false,1.0000,67,75,3,97,2026-07-16T06:37:17.378+00:00
https://api.tcgapi.dev/v1/sets/5500158/cards,api.tcgapi.dev,base;solana:5eykt4usfv8p8njdtrepy1vzqkqzkvdp,other,,false,1.0000,71,82,3,96,2026-07-16T06:37:26.29+00:00
https://api.tcgapi.dev/v1/sets/5500159/cards,api.tcgapi.dev,base;solana:5eykt4usfv8p8njdtrepy1vzqkqzkvdp,other,,false,1.0000,69,77,3,97,2026-07-16T06:38:38.221+00:00
https://api.tcgapi.dev/v1/sets/5500160/cards,api.tcgapi.dev,base;solana:5eykt4usfv8p8njdtrepy1vzqkqzkvdp,other,,false,1.0000,71,76,3,97,2026-07-16T06:38:49.531+00:00
https://api.tcgapi.dev/v1/sets/5500164/cards,api.tcgapi.dev,base;solana:5eykt4usfv8p8njdtrepy1vzqkqzkvdp,other,,false,1.0000,72,146,6,95,2026-07-17T06:11:18.666+00:00
https://api.tcgapi.dev/v1/sets/5500166/cards,api.tcgapi.dev,base;solana:5eykt4usfv8p8njdtrepy1vzqkqzkvdp,other,,false,1.0000,20,26,3,97,2026-07-17T06:15:16.805+00:00
https://api.tcgapi.dev/v1/sets/5500167/cards,api.tcgapi.dev,base;solana:5eykt4usfv8p8njdtrepy1vzqkqzkvdp,other,,false,1.0000,25,26,3,97,2026-07-17T06:16:48.542+00:00
https://api.tcgapi.dev/v1/sets/5500189/cards,api.tcgapi.dev,base;solana:5eykt4usfv8p8njdtrepy1vzqkqzkvdp,other,,false,1.0000,24,26,3,97,2026-07-17T06:15:38.38+00:00
https://api.tcgapi.dev/v1/sets/5500211/cards,api.tcgapi.dev,base;solana:5eykt4usfv8p8njdtrepy1vzqkqzkvdp,other,,false,1.0000,24,74,3,96,2026-07-17T06:16:21.304+00:00
https://api.tcgapi.dev/v1/sets/5500216/cards,api.tcgapi.dev,base;solana:5eykt4usfv8p8njdtrepy1vzqkqzkvdp,other,,false,1.0000,33,33,3,97,2026-07-15T05:49:41.331+00:00
https://api.the402.ai/v1/discover,api.the402.ai,base,other,,false,1.0000,102,393,3,94,2026-07-13T07:39:14.274+00:00
https://api.the402.ai/v1/jobs/job_4f640f9ede5b4ec7,api.the402.ai,base,other,,false,1.0000,49,51,3,97,2026-07-11T06:16:55.788+00:00
https://api.the402.ai/v1/jobs/job_c84d58f1d44e48c3,api.the402.ai,base,other,,false,1.0000,48,58,3,97,2026-07-12T06:12:13.239+00:00
https://api.the402.ai/v1/register,api.the402.ai,base,other,,false,1.0000,32,36,3,97,2026-07-12T06:12:04.303+00:00
https://api.the402.ai/v1/services/svc_1363677593e24527/purchase,api.the402.ai,base,other,,false,1.0000,124,155,3,95,2026-07-11T06:16:33.998+00:00
https://api.the402.ai/v1/services/svc_202a8727c28949c2/purchase,api.the402.ai,base,other,,false,1.0000,150,150,3,94,2026-07-12T06:12:05.3+00:00
https://api.the402.ai/v1/services/svc_24076fed8acf4acf/purchase,api.the402.ai,base,other,,false,1.0000,86,213,3,95,2026-07-12T06:12:10.044+00:00
https://api.the402.ai/v1/services/svc_3b1f8dbbf1374b3c/purchase,api.the402.ai,base,other,,false,1.0000,85,197,3,95,2026-07-12T06:12:12.367+00:00
https://api.the402.ai/v1/services/svc_45b34967c9754696/purchase,api.the402.ai,base,other,,false,0.0000,42,183,3,40,2026-07-12T06:12:08.791+00:00
https://api.the402.ai/v1/services/svc_5130a3a02e9f456a/purchase,api.the402.ai,base,other,,false,1.0000,111,337,3,94,2026-07-12T06:11:49.47+00:00
https://api.the402.ai/v1/services/svc_67fe81c234e34593/purchase,api.the402.ai,base,other,,false,1.0000,89,221,3,95,2026-07-12T06:12:12.837+00:00
https://api.the402.ai/v1/services/svc_801343cfc4804e97/purchase,api.the402.ai,base,other,,false,1.0000,106,252,3,95,2026-07-12T06:11:51.113+00:00
https://api.the402.ai/v1/services/svc_83f457536df543d5/purchase,api.the402.ai,base,other,,false,1.0000,78,182,3,95,2026-07-12T06:12:06.155+00:00
https://api.the402.ai/v1/services/svc_8d66a5fc802a472d/purchase,api.the402.ai,base,other,,false,1.0000,347,370,3,92,2026-07-11T06:16:27.604+00:00
https://api.the402.ai/v1/services/svc_975404aece3a44c5/purchase,api.the402.ai,base,other,,false,1.0000,131,155,3,95,2026-07-11T06:16:39.385+00:00
https://api.the402.ai/v1/services/svc_a844123f03b8401a/purchase,api.the402.ai,base,other,,false,1.0000,112,170,3,95,2026-07-12T06:12:06.766+00:00
https://api.the402.ai/v1/services/svc_b3bd3e26a1c54d9b/purchase,api.the402.ai,base,other,,false,1.0000,83,208,3,95,2026-07-12T06:12:02.378+00:00
https://api.the402.ai/v1/services/svc_b7ef24a2ea5947a7/purchase,api.the402.ai,base,other,,false,1.0000,82,153,3,95,2026-07-12T06:12:07.134+00:00
https://api.the402.ai/v1/services/svc_baaf58b11fca4679/purchase,api.the402.ai,base,other,,false,1.0000,109,239,3,95,2026-07-12T06:11:50.186+00:00
https://api.the402.ai/v1/services/svc_bcea2cc056854190/purchase,api.the402.ai,base,other,,false,1.0000,81,247,3,95,2026-07-12T06:12:10.672+00:00
https://api.the402.ai/v1/services/svc_bf58d5db2bfc4e91/purchase,api.the402.ai,base,other,,false,1.0000,125,190,3,95,2026-07-11T06:16:45.787+00:00
https://api.the402.ai/v1/services/svc_c9923bb33aed46b3/purchase,api.the402.ai,base,other,,false,1.0000,83,295,3,94,2026-07-12T06:12:03.087+00:00
https://api.the402.ai/v1/services/svc_d774aaff4fd0483c/purchase,api.the402.ai,base,other,,false,1.0000,82,153,3,96,2026-07-12T06:12:01.917+00:00
https://api.the402.ai/v1/services/svc_da4acd50ad37410b/purchase,api.the402.ai,base,other,,false,1.0000,84,156,3,95,2026-07-12T06:12:11.943+00:00
https://api.the402.ai/v1/services/svc_e3c787d47ab049e6/purchase,api.the402.ai,base,other,,false,1.0000,87,188,3,95,2026-07-12T06:11:50.6+00:00
https://api.the402.ai/v1/services/svc_e792d80431954f7b/purchase,api.the402.ai,base,other,,false,1.0000,91,190,3,95,2026-07-12T06:11:53.106+00:00
https://api.the402.ai/v1/services/svc_e98a917932a3406d/purchase,api.the402.ai,base,other,,false,1.0000,81,239,3,95,2026-07-12T06:12:05.758+00:00
https://api.the402.ai/v1/services/svc_edebd8aafa9d4d88/purchase,api.the402.ai,base,other,,false,1.0000,89,217,3,95,2026-07-12T06:12:04.878+00:00
https://api.the402.ai/v1/services/svc_ef347eb5935b4ef4/purchase,api.the402.ai,base,other,,false,1.0000,74,216,3,95,2026-07-12T06:12:03.51+00:00
https://api.the402.ai/v1/services/svc_f0180d325c3d4407/purchase,api.the402.ai,base,other,,false,1.0000,83,167,3,95,2026-07-12T06:12:09.198+00:00
https://api.the402.ai/v1/services/svc_f143b2f914254760/purchase,api.the402.ai,base,other,,false,1.0000,119,193,3,95,2026-07-11T06:17:00.253+00:00
https://api.the402.ai/v1/services/svc_f3fc16e2ac6b4708/purchase,api.the402.ai,base,other,,false,0.0000,44,143,3,40,2026-07-12T06:12:11.554+00:00
https://api.the402.ai/v1/services/svc_f934cdd2fded42e1/purchase,api.the402.ai,base,other,,false,1.0000,96,178,3,95,2026-07-12T06:12:09.606+00:00
https://api.the402.ai/v1/services/svc_fffda11262df4ee7/purchase,api.the402.ai,base,other,,false,1.0000,213,335,3,93,2026-07-11T06:16:35.265+00:00
https://api.the402.ai/v1/threads/thread_59a61c8708154ab0/verify,api.the402.ai,base,other,,false,1.0000,71,247,3,94,2026-07-11T06:16:28.063+00:00
https://api.the402.ai/v1/threads/thread_8a312604bafb4876/verify,api.the402.ai,base,other,,false,1.0000,39,42,3,97,2026-07-11T06:16:40.975+00:00
https://api.the402.ai/v1/threads/thread_9b0adb82375a470b/messages,api.the402.ai,base,other,,false,1.0000,38,45,3,97,2026-07-11T06:16:28.262+00:00
https://api.the402.ai/v1/threads/thread_9b0adb82375a470b/verify,api.the402.ai,base,other,,false,1.0000,38,45,3,97,2026-07-12T06:12:10.83+00:00
https://api.the402.ai/v1/threads/thread_a1b84c858a154601,api.the402.ai,base,other,,false,1.0000,33,34,3,97,2026-07-12T06:12:03.994+00:00
https://api.the402.ai/v1/threads/thread_b4bd1ded4d674d36/verify,api.the402.ai,base,other,,false,1.0000,35,42,3,97,2026-07-12T06:12:11.001+00:00
https://api.the402.ai/v1/threads/thread_c181c301ead74c74/verify,api.the402.ai,base,other,,false,1.0000,36,50,3,97,2026-07-11T06:16:36.202+00:00
https://api.the402.ai/v1/threads/thread_fed528d57ad74489/verify,api.the402.ai,base,other,,false,1.0000,41,49,3,96,2026-07-11T06:16:57.222+00:00
https://api.venice.ai/api/v1/audio/transcriptions,api.venice.ai,base,inference,1P,false,0.0000,88,114,6,40,2026-07-16T06:34:22.694+00:00
https://api.venice.ai/api/v1/image/multi-edit,api.venice.ai,base,inference,1P,false,0.0000,109,178,6,40,2026-07-16T06:34:17.821+00:00
https://api.vetpulse.theaslangroupllc.com/api/vet/discounts,api.vetpulse.theaslangroupllc.com,base;solana:5eykt4usfv8p8njdtrepy1vzqkqzkvdp,other,,false,1.0000,90,209,3,95,2026-07-11T06:17:44.351+00:00
https://api.webbersites.com/api/seo/site-audit,api.webbersites.com,base,other,,false,1.0000,119,259,3,94,2026-07-13T07:36:29.877+00:00
https://api.x402intel.uk/resolution-risk,api.x402intel.uk,base,other,,false,1.0000,409,519,3,90,2026-07-12T06:10:04.039+00:00
https://api.x402node.dev/chain/honeypot,api.x402node.dev,base;solana:5eykt4usfv8p8njdtrepy1vzqkqzkvdp,other,,false,0.0000,267,350,3,40,2026-07-12T06:10:32.326+00:00
https://api.x402node.dev/color/random,api.x402node.dev,base;solana:5eykt4usfv8p8njdtrepy1vzqkqzkvdp,other,,false,1.0000,201,236,3,94,2026-07-12T06:11:19.184+00:00
https://api.x402node.dev/forex/rate/chf/usd/chf-usd,api.x402node.dev,base;solana:5eykt4usfv8p8njdtrepy1vzqkqzkvdp,other,,false,1.0000,139,271,3,94,2026-07-13T07:33:57.216+00:00
https://api.x402node.dev/forex/rate/jpy/usd/jpy-usd,api.x402node.dev,base;solana:5eykt4usfv8p8njdtrepy1vzqkqzkvdp,other,,false,1.0000,143,191,3,95,2026-07-13T07:35:50.495+00:00
https://api.x402node.dev/identity/avatar,api.x402node.dev,base;solana:5eykt4usfv8p8njdtrepy1vzqkqzkvdp,other,,false,0.0000,112,129,3,40,2026-07-13T07:36:10.5+00:00
https://api.x402node.dev/knowledge/wikidata,api.x402node.dev,base;solana:5eykt4usfv8p8njdtrepy1vzqkqzkvdp,other,,false,0.0000,190,207,3,40,2026-07-11T06:12:01.005+00:00
https://api.x402node.dev/maps/ip,api.x402node.dev,base;solana:5eykt4usfv8p8njdtrepy1vzqkqzkvdp,other,,false,0.0000,61,105,3,40,2026-07-13T07:37:08.298+00:00
https://api.x402node.dev/market/basis,api.x402node.dev,base;solana:5eykt4usfv8p8njdtrepy1vzqkqzkvdp,other,,false,1.0000,247,310,3,93,2026-07-13T07:37:19.574+00:00
https://api.x402node.dev/market/commodities,api.x402node.dev,base;solana:5eykt4usfv8p8njdtrepy1vzqkqzkvdp,other,,false,1.0000,76,201,3,95,2026-07-13T07:37:23.345+00:00
https://api.x402node.dev/math/stats,api.x402node.dev,base;solana:5eykt4usfv8p8njdtrepy1vzqkqzkvdp,other,,false,0.0000,61,135,3,40,2026-07-13T07:37:56.381+00:00
https://api.x402node.dev/text/similarity,api.x402node.dev,base;solana:5eykt4usfv8p8njdtrepy1vzqkqzkvdp,other,,false,0.0000,170,190,3,40,2026-07-14T06:23:08.19+00:00
https://api.xona-agent.com/base-main/tokens-api/search,api.xona-agent.com,base,other,,false,1.0000,764,796,3,84,2026-07-11T06:11:40.03+00:00
https://api.zuluworksai.com/api/browser-rendering,api.zuluworksai.com,base,other,,false,1.0000,279,496,3,92,2026-07-11T06:17:59.249+00:00
https://arbipulse.vercel.app/api/calculator,arbipulse.vercel.app,base;solana:5eykt4usfv8p8njdtrepy1vzqkqzkvdp,other,,false,1.0000,136,162,3,95,2026-07-11T06:17:42.736+00:00
https://arbipulse.vercel.app/api/commodity,arbipulse.vercel.app,base;solana:5eykt4usfv8p8njdtrepy1vzqkqzkvdp,other,,false,1.0000,112,142,3,96,2026-07-11T06:17:51.349+00:00
https://audits.archonics.ai/dimension-zero-audit,audits.archonics.ai,base,other,,false,1.0000,52,140,3,95,2026-07-11T06:15:58.678+00:00
https://aurora-cloud-backend-148505910831.us-central1.run.app/gemini-3.1-pro,aurora-cloud-backend-148505910831.us-central1.run.app,base,other,,false,0.6667,811,7281,3,73,2026-07-14T06:20:44.128+00:00
https://aurora-cloud-backend-148505910831.us-central1.run.app/gemini-3.5-flash,aurora-cloud-backend-148505910831.us-central1.run.app,base,other,,false,1.0000,67,81,3,96,2026-07-14T06:23:14.245+00:00
https://aurora-cloud-backend-148505910831.us-central1.run.app/get-new-memecoins,aurora-cloud-backend-148505910831.us-central1.run.app,base,other,,false,1.0000,65,71,3,97,2026-07-14T06:23:43.686+00:00
https://avisradar-production.up.railway.app/api/agent/proofs/export,avisradar-production.up.railway.app,base,other,,false,1.0000,267,272,3,93,2026-07-14T06:22:44.617+00:00
https://base-sol-rugcheck.vercel.app/api/rugcheck,base-sol-rugcheck.vercel.app,base;solana:5eykt4usfv8p8njdtrepy1vzqkqzkvdp,other,,false,1.0000,243,258,3,94,2026-07-14T06:23:34.782+00:00
https://base-token-intel.onrender.com/api/new-pools,base-token-intel.onrender.com,base,other,,false,0.0000,211,313,3,40,2026-07-14T06:22:54.729+00:00
https://base-token-intel.onrender.com/api/token-report,base-token-intel.onrender.com,base,other,,false,0.0000,112,210,3,40,2026-07-14T06:22:57.606+00:00
https://basehub-alpha.vercel.app/api/x402-nft-wheel,basehub-alpha.vercel.app,base,other,,false,1.0000,128,151,3,95,2026-07-17T06:16:09.25+00:00
https://basepost.vercel.app/api/articles/base-launches-sub-accounts-the-future-of-onchain-ux,basepost.vercel.app,base,other,,false,1.0000,80,112,3,96,2026-07-15T05:49:53.842+00:00
https://beaf2727f590ce.lhr.life/base-edge,beaf2727f590ce.lhr.life,base,other,,false,0.0000,8000,8000,3,40,2026-07-13T07:40:06.248+00:00
https://biopulse-nine.vercel.app/api/bio/birding,biopulse-nine.vercel.app,base;solana:5eykt4usfv8p8njdtrepy1vzqkqzkvdp,other,,false,1.0000,119,163,3,95,2026-07-11T06:15:17.303+00:00
https://blockrun-web-vbsbhh7lea-uc.a.run.app/api/v1/stocks/kr/price/000660,blockrun-web-vbsbhh7lea-uc.a.run.app,base,other,,false,1.0000,48,72,6,97,2026-07-12T06:09:29.885+00:00
https://blockrun.ai/api/v1/exa/contents,blockrun.ai,base,inference,1P,false,1.0000,83,177,3,95,2026-07-15T05:57:45.099+00:00
https://brack-hive.tail4f568d.ts.net/metabolic-check,brack-hive.tail4f568d.ts.net,base,other,,false,1.0000,630,903,6,86,2026-07-14T06:18:35.389+00:00
https://bridge.eruditepay.com/v1/tron/address/counterparties,bridge.eruditepay.com,base;tron:728126428,other,,false,1.0000,447,506,3,90,2026-07-14T06:24:56.6+00:00
https://bridge.eruditepay.com/v1/tron/token/metadata,bridge.eruditepay.com,base;tron:728126428,other,,false,1.0000,453,473,3,90,2026-07-14T06:26:34.763+00:00
https://btcnode.uk/api/agent/conan,btcnode.uk,base,other,,false,1.0000,122,143,3,95,2026-07-12T06:11:16.465+00:00
https://btcnode.uk/api/agent/scrape,btcnode.uk,base,other,,false,1.0000,107,119,3,96,2026-07-12T06:11:34.918+00:00
https://btcnode.uk/api/agent/whales,btcnode.uk,base,other,,false,0.8333,230,6796,6,51,2026-07-13T07:31:03.311+00:00
https://btcnode.uk/api/game-theory,btcnode.uk,base,other,,false,1.0000,271,274,3,93,2026-07-13T07:36:21.837+00:00
https://btcnode.uk/api/systems-theory,btcnode.uk,base,other,,false,1.0000,265,271,3,93,2026-07-13T07:39:16.638+00:00
https://buildpulse-alpha.vercel.app/api/build/code,buildpulse-alpha.vercel.app,base;solana:5eykt4usfv8p8njdtrepy1vzqkqzkvdp,other,,false,1.0000,111,154,3,95,2026-07-17T06:15:48.755+00:00
https://buildpulse.theaslangroupllc.com/api/build/schedule,buildpulse.theaslangroupllc.com,base;solana:5eykt4usfv8p8njdtrepy1vzqkqzkvdp,other,,false,1.0000,136,145,3,95,2026-07-17T06:15:00.472+00:00
https://businessrisk.hergertsynthora.com/service,businessrisk.hergertsynthora.com,base,other,,false,0.6667,496,8000,9,40,2026-07-17T06:11:50.263+00:00
https://c454-2405-201-5c17-fa64-7041-8ff3-83bd-7081.ngrok-free.app/x402/actions_manage,c454-2405-201-5c17-fa64-7041-8ff3-83bd-7081.ngrok-free.app,base,other,,false,1.0000,57,124,3,96,2026-07-15T05:51:01.258+00:00
https://cdp.bitcoinsapi.com/api/v1/ai/explain/transaction/66b3e61d2c9a5e3fb79d3a0dd291efc1864cb7cc4b09c951f6b3d8927c734b59,cdp.bitcoinsapi.com,base,other,,false,0.0000,27,103,3,40,2026-07-12T06:11:49.677+00:00
https://cdp.bitcoinsapi.com/api/v1/ai/fees/advice,cdp.bitcoinsapi.com,base,other,,false,0.0000,40,135,3,40,2026-07-11T06:17:25.134+00:00
https://chainscout.lonestaroracle.xyz/report,chainscout.lonestaroracle.xyz,base;solana:5eykt4usfv8p8njdtrepy1vzqkqzkvdp,other,,false,1.0000,394,406,3,91,2026-07-16T06:41:12.384+00:00
https://claim-verify.agentutil.net/v1/skill,claim-verify.agentutil.net,base,other,,false,1.0000,58,77,3,96,2026-07-17T06:14:06.259+00:00
https://clear-care-pulse.vercel.app/api/care/rights-letter,clear-care-pulse.vercel.app,base;solana:5eykt4usfv8p8njdtrepy1vzqkqzkvdp,other,,false,1.0000,119,124,3,95,2026-07-12T06:12:47.821+00:00
https://climatepulse-six.vercel.app/api/climate/event,climatepulse-six.vercel.app,base;solana:5eykt4usfv8p8njdtrepy1vzqkqzkvdp,other,,false,1.0000,116,288,6,94,2026-07-13T07:31:15.646+00:00
https://clinicalintelpulse.vercel.app/api/clinical/approval-outlook,clinicalintelpulse.vercel.app,base;solana:5eykt4usfv8p8njdtrepy1vzqkqzkvdp,other,,false,1.0000,55,81,3,96,2026-07-12T06:12:32.331+00:00
https://clinicalintelpulse.vercel.app/api/clinical/trial-brief,clinicalintelpulse.vercel.app,base;solana:5eykt4usfv8p8njdtrepy1vzqkqzkvdp,other,,false,1.0000,53,72,3,97,2026-07-12T06:12:37.223+00:00
https://clonecho.builda.company/x402/s/apple-stackexchange-search,clonecho.builda.company,base,other,,false,1.0000,202,306,3,94,2026-07-12T06:11:39.014+00:00
https://clonecho.builda.company/x402/s/bajs-zagreb-status,clonecho.builda.company,base,other,,false,1.0000,305,653,3,91,2026-07-12T06:12:16.115+00:00
https://clonecho.builda.company/x402/s/barcelona-ambici-stations,clonecho.builda.company,base,other,,false,1.0000,337,588,3,91,2026-07-15T05:50:12.792+00:00
https://clonecho.builda.company/x402/s/bicing-barcelona-stations,clonecho.builda.company,base,other,,false,1.0000,447,892,3,89,2026-07-15T05:50:04.981+00:00
https://clonecho.builda.company/x402/s/bicing-barcelona-status,clonecho.builda.company,base,other,,false,1.0000,381,817,3,90,2026-07-12T06:12:18.907+00:00
https://clonecho.builda.company/x402/s/comtrade-annual-imports-total,clonecho.builda.company,base,other,,false,1.0000,584,2854,3,85,2026-07-12T06:12:28.571+00:00
https://clonecho.builda.company/x402/s/datamuse-antonyms,clonecho.builda.company,base,other,,false,1.0000,170,233,3,94,2026-07-12T06:12:53.388+00:00
https://clonecho.builda.company/x402/s/datamuse-followers,clonecho.builda.company,base,other,,false,1.0000,296,475,3,91,2026-07-15T05:50:10.536+00:00
https://clonecho.builda.company/x402/s/datamuse-hypernyms,clonecho.builda.company,base,other,,false,1.0000,210,233,3,94,2026-07-12T06:12:19.68+00:00
https://clonecho.builda.company/x402/s/dbpedia-lookup,clonecho.builda.company,base,other,,false,1.0000,270,605,3,92,2026-07-15T05:50:15.126+00:00
https://clonecho.builda.company/x402/s/deezer-playlist,clonecho.builda.company,base,other,,false,1.0000,286,503,3,92,2026-07-15T05:50:17.241+00:00
https://clonecho.builda.company/x402/s/deezer-radio,clonecho.builda.company,base,other,,false,1.0000,603,618,3,87,2026-07-15T05:50:22.715+00:00
https://clonecho.builda.company/x402/s/ecosystems-advisories,clonecho.builda.company,base,other,,false,1.0000,227,496,3,92,2026-07-15T05:49:23.5+00:00
https://clonecho.builda.company/x402/s/espn-epl-news,clonecho.builda.company,base,other,,false,1.0000,294,330,3,92,2026-07-15T05:50:18.321+00:00
https://clonecho.builda.company/x402/s/espn-indycar-scoreboard-date,clonecho.builda.company,base,other,,false,1.0000,203,245,3,94,2026-07-15T05:50:27.211+00:00
https://clonecho.builda.company/x402/s/f1-circuits-by-season,clonecho.builda.company,base,other,,false,1.0000,246,482,3,93,2026-07-15T05:50:07.244+00:00
https://clonecho.builda.company/x402/s/f1-drivers-by-season,clonecho.builda.company,base,other,,false,1.0000,252,347,3,93,2026-07-15T05:50:28.152+00:00
https://clonecho.builda.company/x402/s/f1-finish-status-codes,clonecho.builda.company,base,other,,false,1.0000,249,481,3,93,2026-07-15T05:50:33.07+00:00
https://clonecho.builda.company/x402/s/f1-race-results-by-season,clonecho.builda.company,base,other,,false,1.0000,532,890,6,88,2026-07-13T07:31:14.837+00:00
https://clonecho.builda.company/x402/s/f1-race-schedule,clonecho.builda.company,base,other,,false,1.0000,247,558,3,92,2026-07-15T05:50:31.049+00:00
https://clonecho.builda.company/x402/s/f1-seasons-list,clonecho.builda.company,base,other,,false,1.0000,258,343,3,93,2026-07-15T05:50:36.567+00:00
https://clonecho.builda.company/x402/s/fhir-medication-request-list,clonecho.builda.company,base,other,,false,1.0000,971,991,3,80,2026-07-12T06:11:37.982+00:00
https://clonecho.builda.company/x402/s/mexico-city-ecobici-stations,clonecho.builda.company,base,other,,false,1.0000,121,188,3,95,2026-07-15T05:51:03.062+00:00
https://clonecho.builda.company/x402/s/mlb-draft,clonecho.builda.company,base,other,,false,1.0000,475,519,3,89,2026-07-13T07:32:00.742+00:00
https://clonecho.builda.company/x402/s/mlb-leagues,clonecho.builda.company,base,other,,false,1.0000,132,237,3,95,2026-07-15T05:50:47.727+00:00
https://clonecho.builda.company/x402/s/mlb-team-pitching,clonecho.builda.company,base,other,,false,1.0000,144,1487,3,92,2026-07-15T05:50:35.056+00:00
https://clonecho.builda.company/x402/s/mobi-vancouver-status,clonecho.builda.company,base,other,,false,1.0000,460,653,3,89,2026-07-13T07:32:10.588+00:00
https://clonecho.builda.company/x402/s/ncbi-esearch-books,clonecho.builda.company,base,other,,false,1.0000,208,282,3,94,2026-07-15T05:50:45.228+00:00
https://clonecho.builda.company/x402/s/ncbi-esearch-dbsnp,clonecho.builda.company,base,other,,false,1.0000,226,292,3,93,2026-07-15T05:51:09.558+00:00
https://clonecho.builda.company/x402/s/ncbi-esearch-gap,clonecho.builda.company,base,other,,false,1.0000,184,232,3,94,2026-07-15T05:51:11.799+00:00
https://clonecho.builda.company/x402/s/ncbi-esearch-medgen,clonecho.builda.company,base,other,,false,0.6667,240,292,3,78,2026-07-15T05:51:10.588+00:00
https://clonecho.builda.company/x402/s/ncbi-esearch-omim,clonecho.builda.company,base,other,,false,1.0000,239,343,3,93,2026-07-15T05:51:20.645+00:00
https://clonecho.builda.company/x402/s/ncbi-esearch-pcsubstance,clonecho.builda.company,base,other,,false,1.0000,418,441,3,90,2026-07-13T07:32:22.826+00:00
https://clonecho.builda.company/x402/s/ncbi-esearch-pmc,clonecho.builda.company,base,other,,false,1.0000,304,359,3,92,2026-07-15T05:51:04.028+00:00
https://clonecho.builda.company/x402/s/ncbi-esearch-structure,clonecho.builda.company,base,other,,false,1.0000,228,246,3,94,2026-07-15T05:51:21.756+00:00
https://clonecho.builda.company/x402/s/netherlands-rdw-vehicle-fuel,clonecho.builda.company,base,other,,false,1.0000,339,804,3,91,2026-07-15T05:50:58.9+00:00
https://clonecho.builda.company/x402/s/nws-alert-types,clonecho.builda.company,base,other,,false,1.0000,156,272,3,94,2026-07-15T05:51:15.647+00:00
https://clonecho.builda.company/x402/s/open5e-backgrounds,clonecho.builda.company,base,other,,false,1.0000,980,988,3,81,2026-07-15T05:51:30.486+00:00
https://clonecho.builda.company/x402/s/scryfall-sets,clonecho.builda.company,base,other,,false,1.0000,523,899,3,88,2026-07-13T07:32:25.385+00:00
https://clonecho.builda.company/x402/s/sportsdb-league-teams,clonecho.builda.company,base,other,,false,1.0000,346,387,3,92,2026-07-15T05:52:57.929+00:00
https://clonecho.builda.company/x402/s/sportsdb-search-team,clonecho.builda.company,base,other,,false,1.0000,125,236,3,95,2026-07-15T05:51:25.581+00:00
https://clonecho.builda.company/x402/s/stackoverflow-search,clonecho.builda.company,base,other,,false,1.0000,427,588,3,90,2026-07-15T05:53:35.396+00:00
https://clonecho.builda.company/x402/s/superhero-database,clonecho.builda.company,base,other,,false,1.0000,145,245,3,95,2026-07-15T05:51:26.854+00:00
https://clonecho.builda.company/x402/s/tax-revenue-gdp,clonecho.builda.company,base,other,,false,0.0000,8000,8000,3,40,2026-07-13T07:33:01.881+00:00
https://clonecho.builda.company/x402/s/uk-carbon-intensity-by-date,clonecho.builda.company,base,other,,false,1.0000,817,923,3,83,2026-07-15T05:56:04.705+00:00
https://clonecho.builda.company/x402/s/uk-flood-monitoring-stations-by-river,clonecho.builda.company,base,other,,false,1.0000,822,1513,3,83,2026-07-13T07:33:40.723+00:00
https://clonecho.builda.company/x402/s/vietnam-provincia,clonecho.builda.company,base,other,,false,1.0000,650,2363,3,85,2026-07-13T07:33:48.88+00:00
https://clonecho.builda.company/x402/s/worldbank-fdi-inflows,clonecho.builda.company,base,other,,false,1.0000,409,543,3,90,2026-07-16T06:36:11.368+00:00
https://clonecho.builda.company/x402/s/worldbank-gdp-growth,clonecho.builda.company,base,other,,false,1.0000,394,531,3,91,2026-07-16T06:36:21.628+00:00
https://clonecho.builda.company/x402/s/worldbank-gdp-per-capita,clonecho.builda.company,base,other,,false,1.0000,354,449,3,91,2026-07-16T06:36:40.147+00:00
https://clonecho.builda.company/x402/s/worldbank-lending-interest-rate,clonecho.builda.company,base,other,,false,1.0000,258,6285,3,90,2026-07-16T06:36:59.279+00:00
https://clonecho.builda.company/x402/s/worldbank-surface-area,clonecho.builda.company,base,other,,false,1.0000,426,1004,3,88,2026-07-16T06:37:21.228+00:00
https://clonecho.builda.company/x402/s/worldbank-tax-revenue,clonecho.builda.company,base,other,,false,1.0000,463,5040,3,87,2026-07-16T06:37:42.704+00:00
https://clonecho.builda.company/x402/s/worldbank-under5-mortality,clonecho.builda.company,base,other,,false,1.0000,176,228,3,94,2026-07-16T06:37:49.771+00:00
https://clonecho.builda.company/x402/s/worldbank-urban-population,clonecho.builda.company,base,other,,false,1.0000,232,379,3,93,2026-07-16T06:37:54.203+00:00
https://clonecho.builda.company/x402/s/wttr-current-conditions,clonecho.builda.company,base,other,,false,1.0000,261,585,3,92,2026-07-16T06:38:07.597+00:00
https://clonecho.builda.company/x402/s/wttr-hourly-forecast,clonecho.builda.company,base,other,,false,1.0000,363,839,3,90,2026-07-16T06:38:23.1+00:00
https://clonecho.builda.company/x402/s/zaragoza-bizi-stations,clonecho.builda.company,base,other,,false,1.0000,414,694,3,90,2026-07-16T06:38:28.712+00:00
https://clonecho.builda.company/x402/savings-bonds,clonecho.builda.company,base,other,,false,1.0000,317,844,3,91,2026-07-16T06:38:34.34+00:00
https://clonecho.builda.company/x402/scholarly-works,clonecho.builda.company,base,other,,false,1.0000,922,969,3,82,2026-07-16T06:38:47.98+00:00
https://clonecho.builda.company/x402/species-occurrences,clonecho.builda.company,base,other,,false,1.0000,358,2743,3,89,2026-07-16T06:39:04.887+00:00
https://clonecho.builda.company/x402/stock-quote,clonecho.builda.company,base,other,,false,1.0000,158,250,3,94,2026-07-16T06:39:21.959+00:00
https://clonecho.builda.company/x402/team-profile,clonecho.builda.company,base,other,,false,1.0000,197,490,3,93,2026-07-13T07:33:52.827+00:00
https://clonecho.builda.company/x402/treasury-auctions,clonecho.builda.company,base,other,,false,1.0000,597,889,3,87,2026-07-13T07:34:01.338+00:00
https://clonecho.builda.company/x402/treasury-fx,clonecho.builda.company,base,other,,false,1.0000,635,728,3,86,2026-07-13T07:33:36.228+00:00
https://clonecho.builda.company/x402/trend-detect,clonecho.builda.company,base,other,,false,1.0000,142,142,3,95,2026-07-16T06:39:46.174+00:00
https://clonecho.builda.company/x402/uv-index,clonecho.builda.company,base,other,,false,1.0000,523,861,3,88,2026-07-13T07:36:43.14+00:00
https://clonecho.builda.company/x402/weather-alerts,clonecho.builda.company,base,other,,false,1.0000,191,411,3,93,2026-07-11T06:12:10.997+00:00
https://clonecho.builda.company/x402/who-indicator,clonecho.builda.company,base,other,,false,1.0000,205,251,3,94,2026-07-13T07:36:52.324+00:00
https://clonecho.builda.company/x402/who-indicators,clonecho.builda.company,base,other,,false,1.0000,156,367,3,93,2026-07-11T06:12:22.716+00:00
https://clonecho.builda.company/x402/xkcd,clonecho.builda.company,base,other,,false,1.0000,314,374,3,92,2026-07-11T06:15:29.61+00:00
https://collectablespulse.vercel.app/api/collect/population,collectablespulse.vercel.app,base;solana:5eykt4usfv8p8njdtrepy1vzqkqzkvdp,other,,false,1.0000,54,138,3,95,2026-07-12T06:12:50.301+00:00
https://collectablespulse.vercel.app/api/collect/value,collectablespulse.vercel.app,base;solana:5eykt4usfv8p8njdtrepy1vzqkqzkvdp,other,,false,1.0000,277,290,3,93,2026-07-14T06:23:07.623+00:00
https://compliancepulse.theaslangroupllc.com/api/comply/cyber,compliancepulse.theaslangroupllc.com,base;solana:5eykt4usfv8p8njdtrepy1vzqkqzkvdp,other,,false,1.0000,91,269,3,94,2026-07-17T06:14:15.057+00:00
https://content.hugen.tokyo/content/metadata,content.hugen.tokyo,base;solana:5eykt4usfv8p8njdtrepy1vzqkqzkvdp,other,,false,1.0000,479,547,3,88,2026-07-11T06:16:44.087+00:00
https://cron.agentutil.net/v1/explain,cron.agentutil.net,base,other,,false,1.0000,52,113,3,95,2026-07-17T06:13:24.075+00:00
https://cryptopulse-xi-five.vercel.app/api/strategy,cryptopulse-xi-five.vercel.app,base;solana:5eykt4usfv8p8njdtrepy1vzqkqzkvdp,other,,false,1.0000,118,122,3,96,2026-07-13T07:34:50.199+00:00
https://d2ngmd5yvdfkqu.cloudfront.net/prediction-markets/pmcs-stats,d2ngmd5yvdfkqu.cloudfront.net,base,other,,false,1.0000,223,3863,6,93,2026-07-14T06:18:15.024+00:00
https://data.japanagent.dev/crypto/price,data.japanagent.dev,base,other,,false,0.0000,356,420,3,40,2026-07-14T06:22:11.515+00:00
https://dealpulse.theaslangroupllc.com/api/deals/event,dealpulse.theaslangroupllc.com,base;solana:5eykt4usfv8p8njdtrepy1vzqkqzkvdp,other,,false,1.0000,111,157,3,95,2026-07-17T06:14:50.319+00:00
https://debtpulse.vercel.app/api/debt/freedom-roadmap,debtpulse.vercel.app,base;solana:5eykt4usfv8p8njdtrepy1vzqkqzkvdp,other,,false,1.0000,247,251,3,93,2026-07-14T06:24:06.463+00:00
https://defi-api.agenticfi.wtf/api/defi/lending-rates,defi-api.agenticfi.wtf,base,other,,false,1.0000,78,1718,3,94,2026-07-17T06:15:22.366+00:00
https://dex-pair-price.hergertsynthora.com/service,dex-pair-price.hergertsynthora.com,base,other,,false,0.0000,8000,8000,3,40,2026-07-17T06:13:05.639+00:00
https://econ.memoryapi.org/x402/econ/demographics,econ.memoryapi.org,base,other,,false,1.0000,67,740,3,94,2026-07-12T06:10:05.895+00:00
https://edupulse-xi-blond.vercel.app/api/exam/explain,edupulse-xi-blond.vercel.app,base;solana:5eykt4usfv8p8njdtrepy1vzqkqzkvdp,other,,false,1.0000,49,78,3,96,2026-07-12T06:12:43.359+00:00
https://edupulse-xi-blond.vercel.app/api/study/schedule,edupulse-xi-blond.vercel.app,base;solana:5eykt4usfv8p8njdtrepy1vzqkqzkvdp,other,,false,1.0000,86,95,3,96,2026-07-12T06:12:29.672+00:00
https://eltociear-tokenguard.hf.space/news,eltociear-tokenguard.hf.space,base,other,,false,1.0000,53,129,3,95,2026-07-12T06:12:48.804+00:00
https://emc2ai.io/x402/bitquery/latest-pairs,emc2ai.io,base;solana;lightning:mainnet;solana:5eykt4usfv8p8njdtrepy1vzqkqzkvdp,data,1P,false,1.0000,387,407,3,91,2026-07-11T06:15:08.779+00:00
https://emc2ai.io/x402/bitquery/virtual-pools,emc2ai.io,base;solana;lightning:mainnet;solana:5eykt4usfv8p8njdtrepy1vzqkqzkvdp,data,1P,false,1.0000,410,512,3,90,2026-07-11T06:15:06.614+00:00
https://emc2ai.io/x402/bitquery/whaleintel,emc2ai.io,base;solana;lightning:mainnet;solana:5eykt4usfv8p8njdtrepy1vzqkqzkvdp,data,1P,false,1.0000,276,355,3,93,2026-07-11T06:15:57.669+00:00
https://enrich-gate.vercel.app/ai,enrich-gate.vercel.app,base,other,,false,1.0000,104,121,3,96,2026-07-13T07:37:12.984+00:00
https://enrich-gate.vercel.app/neural-search,enrich-gate.vercel.app,base,other,,false,1.0000,99,122,3,96,2026-07-13T07:37:31.344+00:00
https://enrich-gate.vercel.app/scrape,enrich-gate.vercel.app,base,other,,false,1.0000,128,171,3,95,2026-07-13T07:36:37.036+00:00
https://enrich-gate.vercel.app/search,enrich-gate.vercel.app,base,other,,false,1.0000,106,224,3,95,2026-07-13T07:33:20.058+00:00
https://entirely-modest-rodent.ngrok-free.app/m2m-payment/bazaar/package,entirely-modest-rodent.ngrok-free.app,base,other,,false,1.0000,12,24,3,97,2026-07-13T07:36:40.298+00:00
https://entirely-modest-rodent.ngrok-free.app/m2m-payment/bazaar/search,entirely-modest-rodent.ngrok-free.app,base,other,,false,1.0000,13,15,3,98,2026-07-13T07:37:01.02+00:00
https://equity.lonestaroracle.xyz/equity,equity.lonestaroracle.xyz,base,other,,false,1.0000,479,662,6,88,2026-07-13T07:30:43.258+00:00
https://evplus-funding-server.onrender.com/api/x402/bias/recommend,evplus-funding-server.onrender.com,base,other,,false,1.0000,93,100,3,95,2026-07-13T07:37:39.058+00:00
https://evplus-funding-server.onrender.com/api/x402/signals/current,evplus-funding-server.onrender.com,base,other,,false,1.0000,96,224,3,95,2026-07-17T06:13:27.187+00:00
https://fanfare.run/v1/game-trip-bundle,fanfare.run,base,data,3P,false,1.0000,113,345,6,94,2026-07-16T06:33:43.773+00:00
https://fanfare.run/v1/team-profile-bundle,fanfare.run,base,data,3P,false,1.0000,81,174,3,95,2026-07-11T06:11:55.895+00:00
https://fanfare.run/wnba/flights,fanfare.run,base,data,3P,false,1.0000,66,72,3,96,2026-07-11T06:12:13.593+00:00
https://fanfare.run/wnba/hotels,fanfare.run,base,data,3P,false,1.0000,53,70,3,97,2026-07-11T06:13:09.244+00:00
https://fanfare.run/wnba/tickets,fanfare.run,base,data,3P,false,1.0000,39,51,3,97,2026-07-15T05:58:03.839+00:00
https://fear-greed.hergertsynthora.com/service,fear-greed.hergertsynthora.com,base,other,,false,1.0000,515,654,3,89,2026-07-16T06:37:45.07+00:00
https://filing.memoryapi.org/x402/filing/earnings,filing.memoryapi.org,base,other,,false,0.0000,185,326,3,40,2026-07-14T06:21:42.126+00:00
https://filing.memoryapi.org/x402/filing/events,filing.memoryapi.org,base,other,,false,0.0000,185,197,3,40,2026-07-14T06:21:53.882+00:00
https://filing.memoryapi.org/x402/filing/fda,filing.memoryapi.org,base,other,,false,1.0000,259,681,6,94,2026-07-15T05:48:35.862+00:00
https://filing.memoryapi.org/x402/filing/insider,filing.memoryapi.org,base,other,,false,0.0000,93,100,3,40,2026-07-14T06:21:57.037+00:00
https://filing.memoryapi.org/x402/filing/recent,filing.memoryapi.org,base,other,,false,0.0000,102,197,3,40,2026-07-14T06:22:04.608+00:00
https://financial-analyst-api-production-b81a.up.railway.app/fix-flip/underwrite,financial-analyst-api-production-b81a.up.railway.app,base,other,,false,1.0000,176,190,3,95,2026-07-17T06:15:44.057+00:00
https://financial-analyst-api-production-b81a.up.railway.app/monte-carlo/simulate,financial-analyst-api-production-b81a.up.railway.app,base,other,,false,1.0000,177,192,3,95,2026-07-17T06:15:55.269+00:00
https://findpulse-omega.vercel.app/api/find/product,findpulse-omega.vercel.app,base;solana:5eykt4usfv8p8njdtrepy1vzqkqzkvdp,other,,false,1.0000,92,112,3,95,2026-07-12T06:12:32.786+00:00
https://floyd.lonestaroracle.xyz/hire,floyd.lonestaroracle.xyz,base,other,,false,1.0000,50,92,3,96,2026-07-12T06:12:43.731+00:00
https://fpds-mcp.mtree.workers.dev/v1/contracts/search,fpds-mcp.mtree.workers.dev,base,other,,false,1.0000,63,221,3,95,2026-07-13T07:38:03.233+00:00
https://freepik.x402.paysponge.com/v1/ai/image-relight,freepik.x402.paysponge.com,base,media,3P,false,1.0000,241,423,6,93,2026-07-16T06:33:50.088+00:00
https://freepik.x402.paysponge.com/v1/ai/image-to-video/kling-pro,freepik.x402.paysponge.com,base,media,3P,false,1.0000,267,373,3,93,2026-07-12T06:09:55.202+00:00
https://freepik.x402.paysponge.com/v1/ai/image-to-video/kling-v2/{task-id},freepik.x402.paysponge.com,base,media,3P,false,1.0000,125,141,3,96,2026-07-11T06:17:50.913+00:00
https://freepik.x402.paysponge.com/v1/ai/image-to-video/minimax-hailuo-02-1080p,freepik.x402.paysponge.com,base,media,3P,false,1.0000,147,306,6,93,2026-07-16T06:33:58.056+00:00
https://freepik.x402.paysponge.com/v1/ai/image-to-video/minimax-hailuo-2-3-1080p,freepik.x402.paysponge.com,base,media,3P,false,1.0000,189,311,3,93,2026-07-11T06:11:50.077+00:00
https://freepik.x402.paysponge.com/v1/ai/image-to-video/runway-4-5/{task-id},freepik.x402.paysponge.com,base,media,3P,false,1.0000,148,250,6,95,2026-07-16T06:34:02.381+00:00
https://freepik.x402.paysponge.com/v1/ai/image-to-video/seedance-pro-720p/{task-id},freepik.x402.paysponge.com,base,media,3P,false,1.0000,155,255,9,95,2026-07-16T06:34:06.556+00:00
https://freepik.x402.paysponge.com/v1/ai/image-to-video/veo-3-1/{task-id},freepik.x402.paysponge.com,base,media,3P,false,1.0000,267,275,3,93,2026-07-11T06:11:31.356+00:00
https://freepik.x402.paysponge.com/v1/ai/image-to-video/wan-v2-6-720p/{task-id},freepik.x402.paysponge.com,base,media,3P,false,1.0000,132,150,3,95,2026-07-13T07:35:54.84+00:00
https://freepik.x402.paysponge.com/v1/ai/music-generation/{task-id},freepik.x402.paysponge.com,base,media,3P,false,1.0000,92,111,3,96,2026-07-13T07:36:09.515+00:00
https://freepik.x402.paysponge.com/v1/ai/mystic,freepik.x402.paysponge.com,base,media,3P,false,1.0000,105,109,3,96,2026-07-11T06:12:16.09+00:00
https://freepik.x402.paysponge.com/v1/ai/skin-enhancer,freepik.x402.paysponge.com,base,media,3P,false,1.0000,113,193,3,95,2026-07-11T06:13:15.324+00:00
https://freepik.x402.paysponge.com/v1/ai/text-to-image,freepik.x402.paysponge.com,base,media,3P,false,1.0000,202,214,3,94,2026-07-11T06:13:12.404+00:00
https://freepik.x402.paysponge.com/v1/ai/text-to-image/flux-dev,freepik.x402.paysponge.com,base,media,3P,false,1.0000,115,241,3,95,2026-07-11T06:12:56.428+00:00
https://freepik.x402.paysponge.com/v1/ai/text-to-image/flux-dev/{task-id},freepik.x402.paysponge.com,base,media,3P,false,1.0000,73,112,3,96,2026-07-13T07:35:59.634+00:00
https://freepik.x402.paysponge.com/v1/ai/text-to-image/flux-kontext-pro,freepik.x402.paysponge.com,base,media,3P,false,1.0000,277,336,3,93,2026-07-15T05:51:24.85+00:00
https://freepik.x402.paysponge.com/v1/ai/text-to-image/flux-kontext-pro/{task-id},freepik.x402.paysponge.com,base,media,3P,false,1.0000,303,421,3,92,2026-07-11T06:14:38.142+00:00
https://freepik.x402.paysponge.com/v1/ai/text-to-image/flux-pro-v1-1,freepik.x402.paysponge.com,base,media,3P,false,1.0000,124,210,3,95,2026-07-11T06:13:26.387+00:00
https://freepik.x402.paysponge.com/v1/ai/text-to-image/flux-pro-v1-1/{task-id},freepik.x402.paysponge.com,base,media,3P,false,1.0000,103,121,3,96,2026-07-11T06:13:28.408+00:00
https://freepik.x402.paysponge.com/v1/ai/text-to-image/nano-banana-pro/{task-id},freepik.x402.paysponge.com,base,media,3P,false,1.0000,124,252,3,95,2026-07-11T06:13:59.193+00:00
https://freepik.x402.paysponge.com/v1/ai/text-to-image/seedream-v5-lite,freepik.x402.paysponge.com,base,media,3P,false,1.0000,708,883,3,84,2026-07-11T06:14:36.653+00:00
https://freepik.x402.paysponge.com/v1/ai/text-to-image/seedream-v5-lite/{task-id},freepik.x402.paysponge.com,base,media,3P,false,1.0000,165,244,3,94,2026-07-11T06:13:57.124+00:00
https://freepik.x402.paysponge.com/v1/ai/text-to-video/ltx-2-fast,freepik.x402.paysponge.com,base,media,3P,false,1.0000,694,881,3,85,2026-07-11T06:14:48.057+00:00
https://freepik.x402.paysponge.com/v1/ai/text-to-video/ltx-2-pro,freepik.x402.paysponge.com,base,media,3P,false,1.0000,694,1051,3,84,2026-07-11T06:14:17.861+00:00
https://freepik.x402.paysponge.com/v1/ai/text-to-video/veo-3-1-fast,freepik.x402.paysponge.com,base,media,3P,false,1.0000,129,200,3,95,2026-07-11T06:11:54.897+00:00
https://freepik.x402.paysponge.com/v1/ai/text-to-video/veo-3-1/{task-id},freepik.x402.paysponge.com,base,media,3P,false,1.0000,116,116,3,96,2026-07-11T06:14:58.102+00:00
https://freepik.x402.paysponge.com/v1/ai/text-to-video/wan-2-5-t2v-1080p,freepik.x402.paysponge.com,base,media,3P,false,1.0000,116,205,3,95,2026-07-11T06:15:00.043+00:00
https://freepik.x402.paysponge.com/v1/ai/text-to-video/wan-2-5-t2v-480p,freepik.x402.paysponge.com,base,media,3P,false,1.0000,265,454,9,92,2026-07-16T06:33:53.691+00:00
https://freepik.x402.paysponge.com/v1/ai/text-to-video/wan-2-5-t2v-720p,freepik.x402.paysponge.com,base,media,3P,false,1.0000,179,427,3,93,2026-07-11T06:15:19.347+00:00
https://freepik.x402.paysponge.com/v1/ai/video-upscaler/{task-id},freepik.x402.paysponge.com,base,media,3P,false,1.0000,286,544,3,91,2026-07-15T05:51:19.411+00:00
https://freepik.x402.paysponge.com/v1/ai/video/kling-advanced-custom-elements/{task-id},freepik.x402.paysponge.com,base,media,3P,false,1.0000,121,235,3,95,2026-07-11T06:16:21.24+00:00
https://freepik.x402.paysponge.com/v1/ai/video/kling-v3-motion-control-pro,freepik.x402.paysponge.com,base,media,3P,false,1.0000,116,148,3,96,2026-07-11T06:16:33.055+00:00
https://freepik.x402.paysponge.com/v1/ai/video/kling-v3-motion-control-pro/{task-id},freepik.x402.paysponge.com,base,media,3P,false,1.0000,256,276,3,92,2026-07-11T06:16:40.326+00:00
https://freepik.x402.paysponge.com/v1/ai/video/kling-v3-motion-control-std,freepik.x402.paysponge.com,base,media,3P,false,1.0000,616,873,3,86,2026-07-11T06:16:42.775+00:00
https://freepik.x402.paysponge.com/v1/ai/video/kling-v3-omni,freepik.x402.paysponge.com,base,media,3P,false,1.0000,115,204,3,95,2026-07-11T06:16:56.543+00:00
https://freepik.x402.paysponge.com/v1/ai/video/kling-v3/{task-id},freepik.x402.paysponge.com,base,media,3P,false,1.0000,131,255,3,95,2026-07-11T06:16:58.489+00:00
https://freepik.x402.paysponge.com/v1/ai/video/omni-human-1-5,freepik.x402.paysponge.com,base,media,3P,false,1.0000,117,127,3,96,2026-07-11T06:17:02.978+00:00
https://freepik.x402.paysponge.com/v1/ai/video/runway-act-two,freepik.x402.paysponge.com,base,media,3P,false,1.0000,104,112,3,96,2026-07-11T06:17:08.021+00:00
https://freepik.x402.paysponge.com/v1/ai/video/seedance-1-5-pro-1080p/{task-id},freepik.x402.paysponge.com,base,media,3P,false,1.0000,108,247,3,95,2026-07-11T06:17:14.662+00:00
https://freepik.x402.paysponge.com/v1/ai/video/seedance-1-5-pro-480p,freepik.x402.paysponge.com,base,media,3P,false,1.0000,103,126,3,96,2026-07-11T06:17:17.309+00:00
https://freepik.x402.paysponge.com/v1/ai/video/seedance-1-5-pro-480p/{task-id},freepik.x402.paysponge.com,base,media,3P,false,1.0000,115,115,3,96,2026-07-11T06:17:05.292+00:00
https://freepik.x402.paysponge.com/v1/ai/video/seedance-1-5-pro-720p,freepik.x402.paysponge.com,base,media,3P,false,1.0000,100,111,3,96,2026-07-11T06:17:23.255+00:00
https://freepik.x402.paysponge.com/v1/ai/video/vfx/{task-id},freepik.x402.paysponge.com,base,media,3P,false,1.0000,95,118,3,96,2026-07-11T06:17:26.013+00:00
https://freepik.x402.paysponge.com/v1/icons/{id},freepik.x402.paysponge.com,base,media,3P,false,1.0000,115,230,3,95,2026-07-11T06:17:11.96+00:00
https://freepik.x402.paysponge.com/v1/music,freepik.x402.paysponge.com,base,media,3P,false,1.0000,111,112,3,96,2026-07-11T06:17:33.206+00:00
https://fx-rates.hergertsynthora.com/service,fx-rates.hergertsynthora.com,base,other,,false,0.5000,4364,8000,6,40,2026-07-17T06:12:17.969+00:00
https://gankdat.com/x402/data/uk-tenders,gankdat.com,base,other,,false,1.0000,260,283,3,92,2026-07-13T07:39:26.685+00:00
https://gateway.sanfoundation.com/x402/v1/agents/017/reports,gateway.sanfoundation.com,base,other,,false,1.0000,907,1155,3,82,2026-07-11T06:17:20.506+00:00
https://gateway.spraay.app/api/v1/auth/session,gateway.spraay.app,base;solana:5eykt4usfv8p8njdtrepy1vzqkqzkvdp,other,,false,1.0000,201,261,3,94,2026-07-11T06:15:12.749+00:00
https://gateway.spraay.app/api/v1/compute/batch,gateway.spraay.app,base;solana:5eykt4usfv8p8njdtrepy1vzqkqzkvdp,other,,false,1.0000,153,166,3,95,2026-07-16T06:38:03.702+00:00
https://gateway.spraay.app/api/v1/defi/positions,gateway.spraay.app,base;solana:5eykt4usfv8p8njdtrepy1vzqkqzkvdp,other,,false,0.0000,144,151,3,40,2026-07-16T06:38:17.083+00:00
https://gateway.spraay.app/api/v1/sctp/supplier,gateway.spraay.app,base;solana:5eykt4usfv8p8njdtrepy1vzqkqzkvdp,other,,false,1.0000,138,148,3,95,2026-07-16T06:38:13.221+00:00
https://gateway.spraay.app/api/v1/search/web,gateway.spraay.app,base;solana:5eykt4usfv8p8njdtrepy1vzqkqzkvdp,other,,false,1.0000,154,224,3,95,2026-07-11T06:18:16.519+00:00
https://gateway.spraay.app/bittensor/v1/models,gateway.spraay.app,base;solana:5eykt4usfv8p8njdtrepy1vzqkqzkvdp,other,,false,1.0000,233,494,3,93,2026-07-16T06:36:28.447+00:00
https://gateway.stride20k.com/v1/category-breakdown,gateway.stride20k.com,base,other,,false,1.0000,158,304,3,94,2026-07-16T06:41:17.623+00:00
https://gatewaypay.online/x402/proxy/list,gatewaypay.online,base,other,,false,0.0000,219,231,3,40,2026-07-16T06:36:41.297+00:00
https://gifu-server.onrender.com/api/x402/credits/purchase/10,gifu-server.onrender.com,base,other,,false,1.0000,227,256,3,93,2026-07-11T06:13:01.727+00:00
https://gifu-server.onrender.com/api/x402/credits/purchase/500,gifu-server.onrender.com,base,other,,false,1.0000,102,106,3,96,2026-07-11T06:13:50.88+00:00
https://glim.sh/api/v1/amazon/get,glim.sh,base;eip155:143;solana:5eykt4usfv8p8njdtrepy1vzqkqzkvdp,other,,false,1.0000,685,794,3,86,2026-07-17T06:13:31.458+00:00
https://glim.sh/api/v1/amazon/search,glim.sh,base;eip155:143;solana:5eykt4usfv8p8njdtrepy1vzqkqzkvdp,other,,false,1.0000,356,451,3,91,2026-07-17T06:14:00.535+00:00
https://glim.sh/api/v1/github/get,glim.sh,base;eip155:143;solana:5eykt4usfv8p8njdtrepy1vzqkqzkvdp,other,,false,1.0000,709,878,3,85,2026-07-17T06:14:09.787+00:00
https://glim.sh/api/v1/github/search,glim.sh,base;eip155:143;solana:5eykt4usfv8p8njdtrepy1vzqkqzkvdp,other,,false,1.0000,355,360,3,92,2026-07-17T06:14:27.397+00:00
https://glim.sh/api/v1/twitter/get,glim.sh,base;eip155:143;solana:5eykt4usfv8p8njdtrepy1vzqkqzkvdp,other,,false,1.0000,364,375,3,92,2026-07-17T06:14:56.076+00:00
https://global-econ-x402-production.up.railway.app/world/inflation/AUS,global-econ-x402-production.up.railway.app,base,other,,false,0.0000,170,179,3,40,2026-07-17T06:16:47.69+00:00
https://global-econ-x402-production.up.railway.app/world/population/GBR,global-econ-x402-production.up.railway.app,base,other,,false,0.0000,172,195,3,40,2026-07-17T06:16:11.499+00:00
https://goal402-x402.percha.workers.dev/leagues/hc/matches,goal402-x402.percha.workers.dev,base,other,,false,1.0000,199,359,3,93,2026-07-14T06:25:52.246+00:00
https://goal402-x402.percha.workers.dev/matches/egdcbej/predictions,goal402-x402.percha.workers.dev,base,other,,false,1.0000,263,268,3,93,2026-07-14T06:20:29.828+00:00
https://goal402-x402.percha.workers.dev/matches/live,goal402-x402.percha.workers.dev,base,other,,false,1.0000,214,301,3,94,2026-07-14T06:22:40.196+00:00
https://goal402-x402.percha.workers.dev/matches/today,goal402-x402.percha.workers.dev,base,other,,false,1.0000,211,927,3,92,2026-07-15T05:49:47.707+00:00
https://goal402-x402.percha.workers.dev/teams/iia,goal402-x402.percha.workers.dev,base,other,,false,1.0000,198,241,3,93,2026-07-14T06:25:55.296+00:00
https://goblinpowerunit.ai/x402/v1/code-api-surface,goblinpowerunit.ai,base,other,,false,1.0000,153,162,3,94,2026-07-17T06:13:22.573+00:00
https://goblinpowerunit.ai/x402/v1/demand/commitments,goblinpowerunit.ai,base,other,,false,1.0000,80,183,3,95,2026-07-17T06:13:21.646+00:00
https://gotobi.hugen.tokyo/gotobi/dates,gotobi.hugen.tokyo,base;solana:5eykt4usfv8p8njdtrepy1vzqkqzkvdp,other,,false,1.0000,581,649,3,88,2026-07-12T06:10:47.671+00:00
https://govspendpulse.vercel.app/api/govspend/contract-brief,govspendpulse.vercel.app,base;solana:5eykt4usfv8p8njdtrepy1vzqkqzkvdp,other,,false,1.0000,100,155,3,95,2026-07-11T06:13:27.765+00:00
https://gridpulse-amber.vercel.app/api/energy/solar,gridpulse-amber.vercel.app,base;solana:5eykt4usfv8p8njdtrepy1vzqkqzkvdp,other,,false,1.0000,118,161,3,95,2026-07-13T07:36:14.047+00:00
https://hirescrape.com/api/tools/instagram,hirescrape.com,base,other,,false,1.0000,89,121,3,96,2026-07-12T06:11:07.087+00:00
https://hirescrape.com/api/tools/linkedin,hirescrape.com,base,other,,false,1.0000,97,125,3,96,2026-07-12T06:11:10.328+00:00
https://httpay.xyz/api/agent-directory,httpay.xyz,base,other,,false,1.0000,96,137,3,95,2026-07-11T06:13:16.678+00:00
https://httpay.xyz/api/bridge-intel,httpay.xyz,base,other,,false,1.0000,77,85,3,96,2026-07-11T06:17:04.868+00:00
https://httpay.xyz/api/chain-compare/base/ethereum,httpay.xyz,base,other,,false,1.0000,29,29,3,97,2026-07-13T07:33:11.524+00:00
https://httpay.xyz/api/color-convert,httpay.xyz,base,other,,false,1.0000,85,100,3,96,2026-07-11T06:16:46.29+00:00
https://httpay.xyz/api/dex-volume-tracker,httpay.xyz,base,other,,false,1.0000,26,33,3,97,2026-07-12T06:12:03.831+00:00
https://httpay.xyz/api/gas-oracle,httpay.xyz,base,other,,false,1.0000,38,40,3,97,2026-07-12T06:12:03.674+00:00
https://httpay.xyz/api/gateway/anthropic/%7B*path%7D/*,httpay.xyz,base,other,,false,1.0000,96,106,3,96,2026-07-11T06:13:37.056+00:00
https://httpay.xyz/api/gateway/basescan/%7B*path%7D,httpay.xyz,base,other,,false,1.0000,27,32,3,97,2026-07-12T06:12:23.437+00:00
https://httpay.xyz/api/gateway/basescan/%7B*path%7D/*,httpay.xyz,base,other,,false,1.0000,35,56,3,97,2026-07-12T06:10:48.037+00:00
https://httpay.xyz/api/gateway/circleci/%7B*path%7D/*,httpay.xyz,base,other,,false,1.0000,102,111,3,96,2026-07-11T06:17:00.62+00:00
https://httpay.xyz/api/gateway/eth-ankr/%7B*path%7D/*,httpay.xyz,base,other,,false,1.0000,27,34,3,97,2026-07-12T06:12:50.011+00:00
https://httpay.xyz/api/gateway/eth-base/test-*path/*,httpay.xyz,base,other,,false,1.0000,83,88,3,96,2026-07-11T06:13:23.75+00:00
https://httpay.xyz/api/gateway/eth-publicnode/%7B*path%7D,httpay.xyz,base,other,,false,1.0000,38,55,6,96,2026-07-13T07:31:53.086+00:00
https://httpay.xyz/api/gateway/github/%7B*path%7D/*,httpay.xyz,base,other,,false,1.0000,74,94,3,96,2026-07-11T06:13:56.51+00:00
https://httpay.xyz/api/gateway/petstore/%7B*path%7D/*,httpay.xyz,base,other,,false,1.0000,63,96,3,96,2026-07-11T06:13:44.818+00:00
https://httpay.xyz/api/gateway/sendgrid/%7B*path%7D/*,httpay.xyz,base,other,,false,1.0000,65,72,3,97,2026-07-11T06:13:48.187+00:00
https://httpay.xyz/api/gateway/spotify/%7B*path%7D/*,httpay.xyz,base,other,,false,1.0000,101,102,3,96,2026-07-17T06:17:33.169+00:00
https://httpay.xyz/api/gateway/stripe/%7B*path%7D,httpay.xyz,base,other,,false,1.0000,57,62,3,97,2026-07-15T05:50:53.174+00:00
https://httpay.xyz/api/gateway/turso/%7B*path%7D,httpay.xyz,base,other,,false,1.0000,157,164,3,95,2026-07-16T06:36:37.858+00:00
https://httpay.xyz/api/gateway/vercel/%7B*path%7D,httpay.xyz,base,other,,false,1.0000,153,163,3,95,2026-07-16T06:37:06.663+00:00
https://httpay.xyz/api/gateway/wikipedia/%7B*path%7D,httpay.xyz,base,other,,false,1.0000,144,158,3,95,2026-07-16T06:38:51.712+00:00
https://httpay.xyz/api/liquidation-scanner,httpay.xyz,base,other,,false,1.0000,107,108,3,96,2026-07-11T06:13:13.333+00:00
https://httpay.xyz/api/twitter-sentiment,httpay.xyz,base,other,,false,1.0000,99,102,3,96,2026-07-11T06:16:38.888+00:00
https://httpay.xyz/api/web-search,httpay.xyz,base,other,,false,1.0000,82,86,3,96,2026-07-11T06:17:11.428+00:00
https://human.twin3.ai/v1/human,human.twin3.ai,base;eip155:196,other,,false,0.0000,352,998,3,40,2026-07-11T06:12:05.852+00:00
https://ibancheck.hergertsynthora.com/service,ibancheck.hergertsynthora.com,base,other,,false,1.0000,484,540,6,89,2026-07-16T06:37:56.318+00:00
https://inference.agenticsourcelab.tech/x402/v1/intelligence/agentic-source-lab-spark2-nemotron-3-nano-128k-raw-inference,inference.agenticsourcelab.tech,base,other,,false,1.0000,133,151,3,95,2026-07-11T06:14:24.001+00:00
https://inference.agenticsourcelab.tech/x402/v1/intelligence/agentic-source-lab-spark2-nemotron-3-nano-64k-raw-inference,inference.agenticsourcelab.tech,base,other,,false,1.0000,73,119,3,96,2026-07-11T06:14:31.971+00:00
https://insurepulse.vercel.app/api/insure/life,insurepulse.vercel.app,base;solana:5eykt4usfv8p8njdtrepy1vzqkqzkvdp,other,,false,1.0000,76,109,3,96,2026-07-12T06:10:53.699+00:00
https://insurepulse.vercel.app/api/insure/umbrella,insurepulse.vercel.app,base;solana:5eykt4usfv8p8njdtrepy1vzqkqzkvdp,other,,false,1.0000,64,73,3,96,2026-07-12T06:11:03.482+00:00
https://jeeves.originaltorrent.com/v1/chat/completions,jeeves.originaltorrent.com,base,other,,false,0.0000,8000,8000,3,40,2026-07-17T06:13:22.858+00:00
https://jmt-x402-proxy.jmthomasofficial.workers.dev/v2/api/edgar-company-lookup,jmt-x402-proxy.jmthomasofficial.workers.dev,base,other,,false,0.0000,276,286,3,40,2026-07-15T05:51:48.4+00:00
https://kronossignals.com/api/v1/stablecoins,kronossignals.com,base,other,,false,1.0000,164,170,3,95,2026-07-13T07:36:17.544+00:00
https://kronossignals.com/api/v1/token-risk,kronossignals.com,base,other,,false,1.0000,132,135,3,96,2026-07-13T07:36:27.013+00:00
https://legal.402box.io/exchange_listing_compliance_package,legal.402box.io,base,other,,false,0.0000,8000,8000,3,40,2026-07-11T06:16:36.001+00:00
https://legalpulse-rho.vercel.app/api/legal/estate,legalpulse-rho.vercel.app,base;solana:5eykt4usfv8p8njdtrepy1vzqkqzkvdp,other,,false,1.0000,65,151,3,95,2026-07-12T06:12:20.607+00:00
https://legalpulse-rho.vercel.app/api/legal/ip,legalpulse-rho.vercel.app,base;solana:5eykt4usfv8p8njdtrepy1vzqkqzkvdp,other,,false,1.0000,159,294,3,93,2026-07-12T06:11:47.899+00:00
https://lowpaymentfee.com/api/endpoint-100,lowpaymentfee.com,base,other,,false,0.0000,444,446,3,40,2026-07-14T06:23:09.654+00:00
https://lowpaymentfee.com/api/endpoint-11,lowpaymentfee.com,base,other,,false,0.0000,473,514,3,40,2026-07-16T06:39:34.905+00:00
https://lowpaymentfee.com/api/endpoint-81,lowpaymentfee.com,base,other,,false,0.0000,385,389,3,40,2026-07-17T06:14:18.311+00:00
https://lowpaymentfee.com/api/endpoint-82,lowpaymentfee.com,base,other,,false,0.0000,385,462,3,40,2026-07-17T06:16:17.915+00:00
https://lowpaymentfee.com/api/endpoint-88,lowpaymentfee.com,base,other,,false,0.0000,452,751,3,40,2026-07-14T06:23:21.73+00:00
https://lowpaymentfee.com/api/endpoint-99,lowpaymentfee.com,base,other,,false,0.0000,510,536,3,40,2026-07-13T07:34:10.752+00:00
https://lowpaymentfee.com/api/resource/48,lowpaymentfee.com,base,other,,false,0.0000,338,338,3,40,2026-07-15T05:49:34.76+00:00
https://lowpaymentfee.com/api/v1/accounts/32/statements,lowpaymentfee.com,base,other,,false,0.0000,494,526,3,40,2026-07-14T06:23:13.913+00:00
https://lowpaymentfee.com/api/v1/accounts/33/balance,lowpaymentfee.com,base,other,,false,0.0000,339,340,3,40,2026-07-15T05:49:35.856+00:00
https://lowpaymentfee.com/api/v1/accounts/33/statements,lowpaymentfee.com,base,other,,false,0.0000,336,354,3,40,2026-07-15T05:49:49.773+00:00
https://lowpaymentfee.com/api/v1/accounts/35,lowpaymentfee.com,base,other,,false,0.0000,476,492,3,40,2026-07-14T06:23:23.306+00:00
https://lowpaymentfee.com/api/v1/accounts/35/balance,lowpaymentfee.com,base,other,,false,0.0000,336,340,3,40,2026-07-15T05:49:57.593+00:00
https://lowpaymentfee.com/api/v1/accounts/39/balance,lowpaymentfee.com,base,other,,false,0.0000,334,339,3,40,2026-07-15T05:50:39.557+00:00
https://lowpaymentfee.com/api/v1/accounts/39/statements,lowpaymentfee.com,base,other,,false,0.0000,335,357,3,40,2026-07-15T05:50:43.49+00:00
https://lowpaymentfee.com/api/v1/accounts/4,lowpaymentfee.com,base,other,,false,0.0000,385,391,3,40,2026-07-17T06:16:22.552+00:00
https://lowpaymentfee.com/api/v1/accounts/4/balance,lowpaymentfee.com,base,other,,false,0.0000,337,352,3,40,2026-07-15T05:50:50.445+00:00
https://lowpaymentfee.com/api/v1/accounts/42/balance,lowpaymentfee.com,base,other,,false,0.0000,336,340,3,40,2026-07-15T05:50:40.992+00:00
https://lowpaymentfee.com/api/v1/accounts/43,lowpaymentfee.com,base,other,,false,0.0000,333,336,3,40,2026-07-15T05:50:46.66+00:00
https://lowpaymentfee.com/api/v1/accounts/43/statements,lowpaymentfee.com,base,other,,false,0.0000,332,338,3,40,2026-07-15T05:50:54.22+00:00
https://lowpaymentfee.com/api/v1/accounts/44,lowpaymentfee.com,base,other,,false,0.0000,355,358,3,40,2026-07-15T05:51:06.903+00:00
https://lowpaymentfee.com/api/v1/accounts/45,lowpaymentfee.com,base,other,,false,0.0000,376,408,3,40,2026-07-17T06:15:38.225+00:00
https://lowpaymentfee.com/api/v1/accounts/45/statements,lowpaymentfee.com,base,other,,false,0.0000,347,349,3,40,2026-07-15T05:50:55.313+00:00
https://lowpaymentfee.com/api/v1/accounts/46,lowpaymentfee.com,base,other,,false,0.0000,331,334,3,40,2026-07-15T05:51:05.611+00:00
https://lowpaymentfee.com/api/v1/accounts/46/balance,lowpaymentfee.com,base,other,,false,0.0000,336,342,3,40,2026-07-15T05:51:34.957+00:00
https://lowpaymentfee.com/api/v1/accounts/46/statements,lowpaymentfee.com,base,other,,false,0.0000,404,412,3,40,2026-07-17T06:16:28.939+00:00
https://lowpaymentfee.com/api/v1/accounts/47,lowpaymentfee.com,base,other,,false,0.0000,332,337,3,40,2026-07-15T05:51:38.736+00:00
https://lowpaymentfee.com/api/v1/accounts/47/statements,lowpaymentfee.com,base,other,,false,0.0000,340,340,3,40,2026-07-15T05:50:56.383+00:00
https://lowpaymentfee.com/api/v1/accounts/48,lowpaymentfee.com,base,other,,false,0.0000,336,354,3,40,2026-07-15T05:51:47.328+00:00
https://lowpaymentfee.com/api/v1/accounts/48/balance,lowpaymentfee.com,base,other,,false,0.0000,333,340,3,40,2026-07-15T05:51:52.52+00:00
https://lowpaymentfee.com/api/v1/accounts/48/statements,lowpaymentfee.com,base,other,,false,0.0000,346,726,3,40,2026-07-15T05:51:00.77+00:00
https://lowpaymentfee.com/api/v1/accounts/49,lowpaymentfee.com,base,other,,false,0.0000,335,336,3,40,2026-07-15T05:51:56.048+00:00
https://lowpaymentfee.com/api/v1/accounts/49/balance,lowpaymentfee.com,base,other,,false,0.0000,373,414,3,40,2026-07-17T06:16:12.734+00:00
https://lowpaymentfee.com/api/v1/accounts/5,lowpaymentfee.com,base,other,,false,0.0000,336,355,3,40,2026-07-15T05:51:49.967+00:00
https://lowpaymentfee.com/api/v1/accounts/50/balance,lowpaymentfee.com,base,other,,false,0.0000,342,351,3,40,2026-07-15T05:52:01.104+00:00
https://lowpaymentfee.com/api/v1/accounts/52,lowpaymentfee.com,base,other,,false,0.0000,336,362,3,40,2026-07-15T05:52:03.13+00:00
https://lowpaymentfee.com/api/v1/accounts/52/balance,lowpaymentfee.com,base,other,,false,0.0000,338,354,3,40,2026-07-15T05:52:13.914+00:00
https://lowpaymentfee.com/api/v1/accounts/52/statements,lowpaymentfee.com,base,other,,false,0.0000,333,339,3,40,2026-07-15T05:52:17.165+00:00
https://lowpaymentfee.com/api/v1/accounts/53,lowpaymentfee.com,base,other,,false,0.0000,399,400,3,40,2026-07-17T06:16:23.81+00:00
https://lowpaymentfee.com/api/v1/accounts/54/balance,lowpaymentfee.com,base,other,,false,0.0000,379,399,3,40,2026-07-17T06:16:31.164+00:00
https://lowpaymentfee.com/api/v1/accounts/56/statements,lowpaymentfee.com,base,other,,false,0.0000,339,800,3,40,2026-07-15T05:54:40.183+00:00
https://lowpaymentfee.com/api/v1/accounts/57,lowpaymentfee.com,base,other,,false,0.0000,410,414,3,40,2026-07-17T06:16:35.799+00:00
https://lowpaymentfee.com/api/v1/accounts/58,lowpaymentfee.com,base,other,,false,0.0000,377,382,3,40,2026-07-17T06:16:38.962+00:00
https://lowpaymentfee.com/api/v1/accounts/58/statements,lowpaymentfee.com,base,other,,false,0.0000,347,752,3,40,2026-07-15T05:56:20.774+00:00
https://lowpaymentfee.com/api/v1/accounts/59/statements,lowpaymentfee.com,base,other,,false,0.0000,336,341,3,40,2026-07-15T05:57:14.761+00:00
https://lowpaymentfee.com/api/v1/accounts/6/balance,lowpaymentfee.com,base,other,,false,0.0000,339,344,3,40,2026-07-15T05:56:16.235+00:00
https://lowpaymentfee.com/api/v1/accounts/6/statements,lowpaymentfee.com,base,other,,false,0.0000,401,411,3,40,2026-07-17T06:16:42.634+00:00
https://lowpaymentfee.com/api/v1/accounts/60/balance,lowpaymentfee.com,base,other,,false,0.0000,399,403,3,40,2026-07-17T06:16:40.2+00:00
https://lowpaymentfee.com/api/v1/accounts/64,lowpaymentfee.com,base,other,,false,0.0000,395,502,6,40,2026-07-16T06:33:49.15+00:00
https://lowpaymentfee.com/api/v1/accounts/65/balance,lowpaymentfee.com,base,other,,false,0.0000,404,404,3,40,2026-07-17T06:16:53.049+00:00
https://lowpaymentfee.com/api/v1/accounts/65/statements,lowpaymentfee.com,base,other,,false,0.0000,401,414,3,40,2026-07-17T06:16:56.624+00:00
https://lowpaymentfee.com/api/v1/accounts/66/balance,lowpaymentfee.com,base,other,,false,0.0000,385,398,3,40,2026-07-17T06:17:03.473+00:00
https://lowpaymentfee.com/api/v1/accounts/66/statements,lowpaymentfee.com,base,other,,false,0.0000,402,408,3,40,2026-07-17T06:17:07.822+00:00
https://lowpaymentfee.com/api/v1/accounts/69/statements,lowpaymentfee.com,base,other,,false,0.0000,456,463,3,40,2026-07-16T06:34:32.496+00:00
https://lowpaymentfee.com/api/v1/accounts/7,lowpaymentfee.com,base,other,,false,0.0000,473,475,3,40,2026-07-16T06:34:39.747+00:00
https://lowpaymentfee.com/api/v1/accounts/81/statements,lowpaymentfee.com,base,other,,false,0.0000,468,473,3,40,2026-07-16T06:35:01.406+00:00
https://lowpaymentfee.com/api/v1/accounts/86,lowpaymentfee.com,base,other,,false,0.0000,462,753,3,40,2026-07-16T06:35:13.336+00:00
https://lowpaymentfee.com/api/v1/accounts/86/balance,lowpaymentfee.com,base,other,,false,0.0000,337,439,6,40,2026-07-16T06:34:16.135+00:00
https://lowpaymentfee.com/api/v1/ach/12,lowpaymentfee.com,base,other,,false,0.0000,366,371,3,40,2026-07-11T06:12:30.62+00:00
https://lowpaymentfee.com/api/v1/ach/126,lowpaymentfee.com,base,other,,false,0.0000,392,407,3,40,2026-07-17T06:17:00.559+00:00
https://lowpaymentfee.com/api/v1/ach/141,lowpaymentfee.com,base,other,,false,0.0000,493,546,6,40,2026-07-14T06:18:37.532+00:00
https://lowpaymentfee.com/api/v1/ach/147,lowpaymentfee.com,base,other,,false,0.0000,463,748,3,40,2026-07-16T06:35:46.867+00:00
https://lowpaymentfee.com/api/v1/ach/158,lowpaymentfee.com,base,other,,false,0.0000,390,396,3,40,2026-07-17T06:17:17.386+00:00
https://lowpaymentfee.com/api/v1/ach/17,lowpaymentfee.com,base,other,,false,0.0000,376,380,3,40,2026-07-11T06:12:34.724+00:00
https://lowpaymentfee.com/api/v1/ach/181,lowpaymentfee.com,base,other,,false,0.0000,366,372,3,40,2026-07-11T06:12:37.619+00:00
https://lowpaymentfee.com/api/v1/ach/189,lowpaymentfee.com,base,other,,false,0.0000,395,607,3,40,2026-07-11T06:12:17.592+00:00
https://lowpaymentfee.com/api/v1/ach/95,lowpaymentfee.com,base,other,,false,0.0000,530,867,3,40,2026-07-13T07:39:44.214+00:00
https://lowpaymentfee.com/api/v1/apikeys/39,lowpaymentfee.com,base,other,,false,0.0000,547,564,3,40,2026-07-13T07:42:02.561+00:00
https://lowpaymentfee.com/api/v1/apikeys/43,lowpaymentfee.com,base,other,,false,0.0000,468,469,3,40,2026-07-16T06:35:50.713+00:00
https://lowpaymentfee.com/api/v1/apikeys/47,lowpaymentfee.com,base,other,,false,0.0000,534,553,6,40,2026-07-14T06:18:23.612+00:00
https://lowpaymentfee.com/api/v1/apikeys/60,lowpaymentfee.com,base,other,,false,0.0000,469,544,6,40,2026-07-14T06:18:42.417+00:00
https://lowpaymentfee.com/api/v1/apikeys/67,lowpaymentfee.com,base,other,,false,0.0000,508,663,6,40,2026-07-14T06:18:51.564+00:00
https://lowpaymentfee.com/api/v1/apikeys/81,lowpaymentfee.com,base,other,,false,0.0000,379,398,3,40,2026-07-17T06:17:13.409+00:00
https://lowpaymentfee.com/api/v1/apikeys/89,lowpaymentfee.com,base,other,,false,0.0000,541,762,6,40,2026-07-14T06:18:29.285+00:00
https://lowpaymentfee.com/api/v1/apikeys/9,lowpaymentfee.com,base,other,,false,0.0000,514,531,6,40,2026-07-14T06:18:57.503+00:00
https://lowpaymentfee.com/api/v1/apikeys/95,lowpaymentfee.com,base,other,,false,0.0000,444,454,3,40,2026-07-14T06:19:06.199+00:00
https://lowpaymentfee.com/api/v1/apikeys/96,lowpaymentfee.com,base,other,,false,0.0000,444,502,3,40,2026-07-14T06:19:27.354+00:00
https://lowpaymentfee.com/api/v1/apikeys/99,lowpaymentfee.com,base,other,,false,0.0000,471,501,3,40,2026-07-14T06:19:48.196+00:00
https://lowpaymentfee.com/api/v1/audit/logs/11,lowpaymentfee.com,base,other,,false,0.0000,440,750,3,40,2026-07-14T06:19:33.232+00:00
https://lowpaymentfee.com/api/v1/audit/logs/14,lowpaymentfee.com,base,other,,false,0.0000,479,751,3,40,2026-07-14T06:19:22.802+00:00
https://lowpaymentfee.com/api/v1/audit/logs/15,lowpaymentfee.com,base,other,,false,0.0000,236,430,3,40,2026-07-14T06:19:18.959+00:00
https://lowpaymentfee.com/api/v1/audit/logs/17,lowpaymentfee.com,base,other,,false,0.0000,433,457,3,40,2026-07-14T06:19:44.506+00:00
https://lowpaymentfee.com/api/v1/audit/logs/18,lowpaymentfee.com,base,other,,false,0.0000,529,801,6,40,2026-07-14T06:19:13.46+00:00
https://lowpaymentfee.com/api/v1/audit/logs/20,lowpaymentfee.com,base,other,,false,0.0000,462,463,3,40,2026-07-14T06:19:53.426+00:00
https://lowpaymentfee.com/api/v1/audit/logs/21,lowpaymentfee.com,base,other,,false,0.0000,457,483,3,40,2026-07-14T06:20:14.207+00:00
https://lowpaymentfee.com/api/v1/audit/logs/22,lowpaymentfee.com,base,other,,false,0.0000,526,867,6,40,2026-07-14T06:19:10.133+00:00
https://lowpaymentfee.com/api/v1/audit/logs/24,lowpaymentfee.com,base,other,,false,0.0000,451,456,3,40,2026-07-14T06:20:22.541+00:00
https://lowpaymentfee.com/api/v1/audit/logs/25,lowpaymentfee.com,base,other,,false,0.0000,470,499,3,40,2026-07-14T06:19:59.912+00:00
https://lowpaymentfee.com/api/v1/audit/logs/26,lowpaymentfee.com,base,other,,false,0.0000,462,513,3,40,2026-07-14T06:20:31.154+00:00
https://lowpaymentfee.com/api/v1/audit/logs/27,lowpaymentfee.com,base,other,,false,0.0000,493,560,6,40,2026-07-14T06:19:11.627+00:00
https://lowpaymentfee.com/api/v1/audit/logs/30,lowpaymentfee.com,base,other,,false,0.0000,433,449,3,40,2026-07-14T06:20:47.515+00:00
https://lowpaymentfee.com/api/v1/audit/logs/32,lowpaymentfee.com,base,other,,false,0.0000,527,529,3,40,2026-07-14T06:20:01.552+00:00
https://lowpaymentfee.com/api/v1/audit/logs/35,lowpaymentfee.com,base,other,,false,0.0000,493,766,3,40,2026-07-14T06:20:49.391+00:00
https://lowpaymentfee.com/api/v1/audit/logs/37,lowpaymentfee.com,base,other,,false,0.0000,465,473,3,40,2026-07-14T06:20:08.592+00:00
https://lowpaymentfee.com/api/v1/audit/logs/38,lowpaymentfee.com,base,other,,false,0.0000,462,463,3,40,2026-07-14T06:20:24.387+00:00
https://lowpaymentfee.com/api/v1/audit/logs/39,lowpaymentfee.com,base,other,,false,0.0000,450,464,3,40,2026-07-14T06:19:56.232+00:00
https://lowpaymentfee.com/api/v1/audit/logs/40,lowpaymentfee.com,base,other,,false,0.0000,437,451,3,40,2026-07-14T06:20:53.866+00:00
https://lowpaymentfee.com/api/v1/audit/logs/41,lowpaymentfee.com,base,other,,false,0.0000,470,471,3,40,2026-07-14T06:20:05.567+00:00
https://lowpaymentfee.com/api/v1/audit/logs/42,lowpaymentfee.com,base,other,,false,0.0000,432,436,3,40,2026-07-14T06:20:20.728+00:00
https://lowpaymentfee.com/api/v1/audit/logs/43,lowpaymentfee.com,base,other,,false,0.0000,443,464,3,40,2026-07-14T06:19:57.702+00:00
https://lowpaymentfee.com/api/v1/audit/logs/44,lowpaymentfee.com,base,other,,false,0.0000,430,438,3,40,2026-07-14T06:20:57.983+00:00
https://lowpaymentfee.com/api/v1/audit/logs/46,lowpaymentfee.com,base,other,,false,0.0000,440,459,3,40,2026-07-14T06:20:07.04+00:00
https://lowpaymentfee.com/api/v1/audit/logs/49,lowpaymentfee.com,base,other,,false,0.0000,464,496,3,40,2026-07-14T06:21:03.589+00:00
https://lowpaymentfee.com/api/v1/audit/logs/5,lowpaymentfee.com,base,other,,false,0.0000,479,506,3,40,2026-07-14T06:21:05.814+00:00
https://lowpaymentfee.com/api/v1/audit/logs/50,lowpaymentfee.com,base,other,,false,0.0000,504,509,3,40,2026-07-14T06:21:25.413+00:00
https://lowpaymentfee.com/api/v1/audit/logs/51,lowpaymentfee.com,base,other,,false,0.0000,492,742,3,40,2026-07-14T06:21:10.013+00:00
https://lowpaymentfee.com/api/v1/audit/logs/53,lowpaymentfee.com,base,other,,false,0.0000,450,489,3,40,2026-07-14T06:20:59.617+00:00
https://lowpaymentfee.com/api/v1/audit/logs/56,lowpaymentfee.com,base,other,,false,0.0000,439,459,3,40,2026-07-14T06:21:15.809+00:00
https://lowpaymentfee.com/api/v1/audit/logs/6,lowpaymentfee.com,base,other,,false,0.0000,475,482,3,40,2026-07-14T06:21:26.948+00:00
https://lowpaymentfee.com/api/v1/audit/logs/60,lowpaymentfee.com,base,other,,false,0.0000,484,528,3,40,2026-07-14T06:21:14.344+00:00
https://lowpaymentfee.com/api/v1/audit/logs/61,lowpaymentfee.com,base,other,,false,0.0000,466,744,3,40,2026-07-14T06:21:40.665+00:00
https://lowpaymentfee.com/api/v1/audit/logs/63,lowpaymentfee.com,base,other,,false,0.0000,420,443,3,40,2026-07-14T06:21:31.542+00:00
https://lowpaymentfee.com/api/v1/audit/logs/66,lowpaymentfee.com,base,other,,false,0.0000,424,445,3,40,2026-07-14T06:21:43.708+00:00
https://lowpaymentfee.com/api/v1/audit/logs/7,lowpaymentfee.com,base,other,,false,0.0000,489,524,3,40,2026-07-14T06:21:59.335+00:00
https://lowpaymentfee.com/api/v1/audit/logs/71,lowpaymentfee.com,base,other,,false,0.0000,455,514,3,40,2026-07-14T06:22:03.717+00:00
https://lowpaymentfee.com/api/v1/audit/logs/72,lowpaymentfee.com,base,other,,false,0.0000,482,483,3,40,2026-07-14T06:21:35.559+00:00
https://lowpaymentfee.com/api/v1/audit/logs/75,lowpaymentfee.com,base,other,,false,0.0000,458,478,3,40,2026-07-14T06:21:37.762+00:00
https://lowpaymentfee.com/api/v1/audit/logs/76,lowpaymentfee.com,base,other,,false,0.0000,465,490,3,40,2026-07-14T06:22:13.709+00:00
https://lowpaymentfee.com/api/v1/audit/logs/77,lowpaymentfee.com,base,other,,false,0.0000,492,517,3,40,2026-07-14T06:22:52.207+00:00
https://lowpaymentfee.com/api/v1/audit/logs/78,lowpaymentfee.com,base,other,,false,0.0000,450,453,3,40,2026-07-14T06:23:01.552+00:00
https://lowpaymentfee.com/api/v1/audit/logs/79,lowpaymentfee.com,base,other,,false,0.0000,456,750,3,40,2026-07-14T06:22:01.143+00:00
https://lowpaymentfee.com/api/v1/auth/token,lowpaymentfee.com,base,other,,false,0.0000,444,465,3,40,2026-07-14T06:23:04.033+00:00
https://lowpaymentfee.com/api/v1/backups/2026-12,lowpaymentfee.com,base,other,,false,0.0000,395,402,3,40,2026-07-17T06:17:09.116+00:00
https://lowpaymentfee.com/api/v1/benefits/53,lowpaymentfee.com,base,other,,false,0.0000,375,382,3,40,2026-07-17T06:17:25.15+00:00
https://lowpaymentfee.com/api/v1/benefits/82,lowpaymentfee.com,base,other,,false,0.0000,446,488,3,40,2026-07-14T06:23:29.451+00:00
https://lowpaymentfee.com/api/v1/benefits/86,lowpaymentfee.com,base,other,,false,0.0000,380,407,3,40,2026-07-17T06:17:14.642+00:00
https://lowpaymentfee.com/api/v1/cards/95,lowpaymentfee.com,base,other,,false,0.0000,471,476,3,40,2026-07-16T06:40:13.222+00:00
https://lowpaymentfee.com/api/v1/cards/96,lowpaymentfee.com,base,other,,false,0.0000,476,757,3,40,2026-07-16T06:40:19.775+00:00
https://lowpaymentfee.com/api/v1/carts/13,lowpaymentfee.com,base,other,,false,0.0000,450,467,3,40,2026-07-16T06:40:25.151+00:00
https://lowpaymentfee.com/api/v1/carts/19,lowpaymentfee.com,base,other,,false,0.0000,447,452,3,40,2026-07-16T06:40:28.554+00:00
https://lowpaymentfee.com/api/v1/carts/26,lowpaymentfee.com,base,other,,false,0.0000,458,467,3,40,2026-07-16T06:40:41.767+00:00
https://lowpaymentfee.com/api/v1/carts/37,lowpaymentfee.com,base,other,,false,0.0000,373,599,3,40,2026-07-11T06:12:19.055+00:00
https://lowpaymentfee.com/api/v1/carts/41,lowpaymentfee.com,base,other,,false,0.0000,447,447,3,40,2026-07-14T06:23:36.631+00:00
https://lowpaymentfee.com/api/v1/carts/45,lowpaymentfee.com,base,other,,false,0.0000,460,460,3,40,2026-07-16T06:41:24.992+00:00
https://lowpaymentfee.com/api/v1/carts/48,lowpaymentfee.com,base,other,,false,0.0000,464,476,3,40,2026-07-16T06:40:34.472+00:00
https://lowpaymentfee.com/api/v1/carts/5,lowpaymentfee.com,base,other,,false,0.0000,230,440,3,40,2026-07-16T06:35:54.838+00:00
https://lowpaymentfee.com/api/v1/carts/58,lowpaymentfee.com,base,other,,false,0.0000,452,492,6,40,2026-07-17T06:11:18.335+00:00
https://lowpaymentfee.com/api/v1/carts/67,lowpaymentfee.com,base,other,,false,0.0000,378,380,3,40,2026-07-17T06:15:49.979+00:00
https://lowpaymentfee.com/api/v1/carts/7,lowpaymentfee.com,base,other,,false,0.0000,468,468,3,40,2026-07-16T06:40:09.847+00:00
https://lowpaymentfee.com/api/v1/carts/71,lowpaymentfee.com,base,other,,false,0.0000,461,463,3,40,2026-07-16T06:35:59.303+00:00
https://lowpaymentfee.com/api/v1/carts/8,lowpaymentfee.com,base,other,,false,0.0000,540,845,3,40,2026-07-13T07:34:04.149+00:00
https://lowpaymentfee.com/api/v1/carts/84,lowpaymentfee.com,base,other,,false,0.0000,389,406,3,40,2026-07-17T06:17:32.321+00:00
https://lowpaymentfee.com/api/v1/carts/87,lowpaymentfee.com,base,other,,false,0.0000,377,379,3,40,2026-07-17T06:17:26.381+00:00
https://lowpaymentfee.com/api/v1/carts/91,lowpaymentfee.com,base,other,,false,0.0000,399,402,3,40,2026-07-17T06:17:30.573+00:00
https://lowpaymentfee.com/api/v1/charges/110,lowpaymentfee.com,base,other,,false,0.0000,426,469,6,40,2026-07-17T06:12:35.673+00:00
https://lowpaymentfee.com/api/v1/charges/159,lowpaymentfee.com,base,other,,false,0.0000,378,399,3,40,2026-07-17T06:17:38.233+00:00
https://lowpaymentfee.com/api/v1/charges/250,lowpaymentfee.com,base,other,,false,0.0000,382,410,3,40,2026-07-17T06:16:51.525+00:00
https://lowpaymentfee.com/api/v1/charges/323,lowpaymentfee.com,base,other,,false,0.0000,153,366,3,40,2026-07-17T06:14:15.851+00:00
https://lowpaymentfee.com/api/v1/charges/394,lowpaymentfee.com,base,other,,false,0.0000,401,410,3,40,2026-07-17T06:14:44.863+00:00
https://lowpaymentfee.com/api/v1/charges/395,lowpaymentfee.com,base,other,,false,0.0000,403,412,3,40,2026-07-17T06:14:52.27+00:00
https://lowpaymentfee.com/api/v1/charges/397,lowpaymentfee.com,base,other,,false,0.0000,404,409,3,40,2026-07-17T06:14:59.803+00:00
https://lowpaymentfee.com/api/v1/charges/42,lowpaymentfee.com,base,other,,false,0.0000,373,384,3,40,2026-07-17T06:15:02.145+00:00
https://lowpaymentfee.com/api/v1/charges/43,lowpaymentfee.com,base,other,,false,0.0000,396,412,3,40,2026-07-17T06:15:07.867+00:00
https://lowpaymentfee.com/api/v1/charges/44,lowpaymentfee.com,base,other,,false,0.0000,407,410,3,40,2026-07-17T06:15:10.585+00:00
https://lowpaymentfee.com/api/v1/charges/45,lowpaymentfee.com,base,other,,false,0.0000,363,405,3,40,2026-07-17T06:15:12.999+00:00
https://lowpaymentfee.com/api/v1/charges/46,lowpaymentfee.com,base,other,,false,0.0000,401,408,3,40,2026-07-17T06:15:18.095+00:00
https://lowpaymentfee.com/api/v1/charges/47,lowpaymentfee.com,base,other,,false,0.0000,388,401,3,40,2026-07-17T06:15:24.056+00:00
https://lowpaymentfee.com/api/v1/charges/57,lowpaymentfee.com,base,other,,false,0.0000,376,397,3,40,2026-07-17T06:16:14.875+00:00
https://lowpaymentfee.com/api/v1/charges/61,lowpaymentfee.com,base,other,,false,0.0000,391,411,3,40,2026-07-17T06:17:04.747+00:00
https://lowpaymentfee.com/api/v1/charges/65,lowpaymentfee.com,base,other,,false,0.0000,385,404,3,40,2026-07-17T06:16:16.6+00:00
https://lowpaymentfee.com/api/v1/charges/66,lowpaymentfee.com,base,other,,false,0.0000,399,405,3,40,2026-07-17T06:16:50.053+00:00
https://lowpaymentfee.com/api/v1/charges/68,lowpaymentfee.com,base,other,,false,0.0000,377,397,3,40,2026-07-17T06:17:19.057+00:00
https://lowpaymentfee.com/api/v1/charges/71,lowpaymentfee.com,base,other,,false,0.0000,392,394,3,40,2026-07-17T06:17:49.676+00:00
https://lowpaymentfee.com/api/v1/claims/40,lowpaymentfee.com,base,other,,false,0.0000,402,407,3,40,2026-07-17T06:17:55.618+00:00
https://lowpaymentfee.com/api/v1/collections/1,lowpaymentfee.com,base,other,,false,0.0000,397,400,3,40,2026-07-17T06:17:58.499+00:00
https://lowpaymentfee.com/api/v1/collections/34/floor,lowpaymentfee.com,base,other,,false,0.0000,378,408,3,40,2026-07-17T06:18:05.751+00:00
https://lowpaymentfee.com/api/v1/compliance/reports/100,lowpaymentfee.com,base,other,,false,0.0000,371,403,3,40,2026-07-17T06:17:39.553+00:00
https://lowpaymentfee.com/api/v1/compliance/reports/65,lowpaymentfee.com,base,other,,false,0.0000,440,491,3,40,2026-07-14T06:23:40.802+00:00
https://lowpaymentfee.com/api/v1/crypto/ADA/ohlcv,lowpaymentfee.com,base,other,,false,0.0000,406,411,3,40,2026-07-17T06:18:01.851+00:00
https://lowpaymentfee.com/api/v1/crypto/BLUR/ohlcv,lowpaymentfee.com,base,other,,false,0.0000,383,407,3,40,2026-07-17T06:18:07.005+00:00
https://lowpaymentfee.com/api/v1/crypto/DOT/ohlcv,lowpaymentfee.com,base,other,,false,0.0000,374,688,3,40,2026-07-11T06:12:20.617+00:00
https://lowpaymentfee.com/api/v1/crypto/DYDX/ohlcv,lowpaymentfee.com,base,other,,false,0.0000,458,462,3,40,2026-07-16T06:36:15.526+00:00
https://lowpaymentfee.com/api/v1/crypto/FIL/ohlcv,lowpaymentfee.com,base,other,,false,0.0000,381,400,3,40,2026-07-17T06:17:35.32+00:00
https://lowpaymentfee.com/api/v1/customers/10,lowpaymentfee.com,base,other,,false,0.0000,466,759,3,40,2026-07-16T06:41:03.961+00:00
https://lowpaymentfee.com/api/v1/customers/13,lowpaymentfee.com,base,other,,false,0.0000,725,751,3,40,2026-07-11T06:11:34.589+00:00
https://lowpaymentfee.com/api/v1/customers/15,lowpaymentfee.com,base,other,,false,0.0000,447,470,3,40,2026-07-16T06:36:29.959+00:00
https://lowpaymentfee.com/api/v1/customers/26,lowpaymentfee.com,base,other,,false,0.0000,459,746,3,40,2026-07-16T06:36:50.278+00:00
https://lowpaymentfee.com/api/v1/customers/3,lowpaymentfee.com,base,other,,false,0.0000,380,387,3,40,2026-07-17T06:18:03.081+00:00
https://lowpaymentfee.com/api/v1/customers/38,lowpaymentfee.com,base,other,,false,0.0000,444,465,3,40,2026-07-14T06:23:46.818+00:00
https://lowpaymentfee.com/api/v1/customers/41,lowpaymentfee.com,base,other,,false,0.0000,384,415,3,40,2026-07-17T06:18:10.136+00:00
https://lowpaymentfee.com/api/v1/customers/42,lowpaymentfee.com,base,other,,false,0.0000,452,466,3,40,2026-07-16T06:37:31.752+00:00
https://lowpaymentfee.com/api/v1/customers/46,lowpaymentfee.com,base,other,,false,0.0000,381,392,3,40,2026-07-17T06:18:11.371+00:00
https://lowpaymentfee.com/api/v1/customers/47,lowpaymentfee.com,base,other,,false,0.0000,397,400,3,40,2026-07-17T06:18:12.622+00:00
https://lowpaymentfee.com/api/v1/customers/55,lowpaymentfee.com,base,other,,false,0.0000,375,402,3,40,2026-07-17T06:18:45.173+00:00
https://lowpaymentfee.com/api/v1/customers/56,lowpaymentfee.com,base,other,,false,0.0000,346,358,3,40,2026-07-15T05:50:48.809+00:00
https://lowpaymentfee.com/api/v1/customers/63,lowpaymentfee.com,base,other,,false,0.0000,537,562,3,40,2026-07-13T07:36:50.167+00:00
https://lowpaymentfee.com/api/v1/customers/73,lowpaymentfee.com,base,other,,false,0.0000,463,468,3,40,2026-07-14T06:26:15.503+00:00
https://lowpaymentfee.com/api/v1/customers/8,lowpaymentfee.com,base,other,,false,0.0000,454,470,3,40,2026-07-16T06:40:46.18+00:00
https://lowpaymentfee.com/api/v1/customers/9,lowpaymentfee.com,base,other,,false,0.0000,459,471,3,40,2026-07-16T06:37:52.892+00:00
https://lowpaymentfee.com/api/v1/database/snapshots/2024-11,lowpaymentfee.com,base,other,,false,0.0000,393,398,3,40,2026-07-17T06:18:23.15+00:00
https://lowpaymentfee.com/api/v1/defi/APT/liquidity,lowpaymentfee.com,base,other,,false,0.0000,401,414,3,40,2026-07-17T06:18:37.609+00:00
https://lowpaymentfee.com/api/v1/defi/BAT/liquidity,lowpaymentfee.com,base,other,,false,0.0000,469,472,3,40,2026-07-16T06:37:29.847+00:00
https://lowpaymentfee.com/api/v1/defi/CAKE/liquidity,lowpaymentfee.com,base,other,,false,0.0000,452,463,3,40,2026-07-16T06:40:30.959+00:00
https://lowpaymentfee.com/api/v1/defi/lido/apy,lowpaymentfee.com,base,other,,false,0.0000,365,397,3,40,2026-07-17T06:18:39.056+00:00
https://lowpaymentfee.com/api/v1/defi/pancakeswap/pools,lowpaymentfee.com,base,other,,false,0.0000,501,779,3,40,2026-07-14T06:23:58.359+00:00
https://lowpaymentfee.com/api/v1/defi/RNDR/liquidity,lowpaymentfee.com,base,other,,false,0.0000,395,427,3,40,2026-07-17T06:18:40.33+00:00
https://lowpaymentfee.com/api/v1/ehr/25,lowpaymentfee.com,base,other,,false,0.0000,452,466,3,40,2026-07-16T06:36:17.886+00:00
https://lowpaymentfee.com/api/v1/ehr/37,lowpaymentfee.com,base,other,,false,0.0000,463,474,3,40,2026-07-16T06:36:00.607+00:00
https://lowpaymentfee.com/api/v1/ehr/38,lowpaymentfee.com,base,other,,false,0.0000,380,381,3,40,2026-07-17T06:18:16.363+00:00
https://lowpaymentfee.com/api/v1/ehr/43,lowpaymentfee.com,base,other,,false,0.0000,413,420,3,40,2026-07-17T06:18:43.945+00:00
https://lowpaymentfee.com/api/v1/ehr/47,lowpaymentfee.com,base,other,,false,0.0000,461,475,3,40,2026-07-16T06:38:12.246+00:00
https://lowpaymentfee.com/api/v1/ehr/50,lowpaymentfee.com,base,other,,false,0.0000,462,463,3,40,2026-07-16T06:38:19.779+00:00
https://lowpaymentfee.com/api/v1/ehr/55,lowpaymentfee.com,base,other,,false,0.0000,529,565,3,40,2026-07-13T07:36:13.457+00:00
https://lowpaymentfee.com/api/v1/ehr/56,lowpaymentfee.com,base,other,,false,0.0000,463,467,3,40,2026-07-16T06:38:44.643+00:00
https://lowpaymentfee.com/api/v1/emails/17/attachments,lowpaymentfee.com,base,other,,false,0.0000,471,471,3,40,2026-07-16T06:37:24.746+00:00
https://lowpaymentfee.com/api/v1/emails/39,lowpaymentfee.com,base,other,,false,0.0000,451,517,3,40,2026-07-14T06:24:04.94+00:00
https://lowpaymentfee.com/api/v1/emails/39/attachments,lowpaymentfee.com,base,other,,false,0.0000,463,488,3,40,2026-07-14T06:23:43.02+00:00
https://lowpaymentfee.com/api/v1/emails/80,lowpaymentfee.com,base,other,,false,0.0000,471,473,3,40,2026-07-16T06:38:14.919+00:00
https://lowpaymentfee.com/api/v1/employees/141/salary,lowpaymentfee.com,base,other,,false,0.0000,453,463,3,40,2026-07-14T06:24:08.305+00:00
https://lowpaymentfee.com/api/v1/employees/157,lowpaymentfee.com,base,other,,false,0.0000,466,480,3,40,2026-07-14T06:20:46.068+00:00
https://lowpaymentfee.com/api/v1/employees/189,lowpaymentfee.com,base,other,,false,0.0000,445,476,3,40,2026-07-16T06:38:00.752+00:00
https://lowpaymentfee.com/api/v1/employees/91,lowpaymentfee.com,base,other,,false,0.0000,457,777,3,40,2026-07-14T06:24:11.142+00:00
https://lowpaymentfee.com/api/v1/finance/AXP/earnings,lowpaymentfee.com,base,other,,false,0.0000,393,408,3,40,2026-07-17T06:17:23.722+00:00
https://lowpaymentfee.com/api/v1/finance/BLK/earnings,lowpaymentfee.com,base,other,,false,0.0000,150,352,3,40,2026-07-17T06:18:25.549+00:00
https://lowpaymentfee.com/api/v1/finance/COST/earnings,lowpaymentfee.com,base,other,,false,0.0000,460,470,3,40,2026-07-16T06:38:09.121+00:00
https://lowpaymentfee.com/api/v1/finance/F/earnings,lowpaymentfee.com,base,other,,false,0.0000,376,385,3,40,2026-07-17T06:15:32.127+00:00
https://lowpaymentfee.com/api/v1/finance/LIN/earnings,lowpaymentfee.com,base,other,,false,0.0000,546,860,3,40,2026-07-13T07:36:29.211+00:00
https://lowpaymentfee.com/api/v1/finance/ORCL/earnings,lowpaymentfee.com,base,other,,false,0.0000,458,475,3,40,2026-07-16T06:40:39.483+00:00
https://lowpaymentfee.com/api/v1/forex/AUDCAD,lowpaymentfee.com,base,other,,false,0.0000,446,460,3,40,2026-07-14T06:24:21.989+00:00
https://lowpaymentfee.com/api/v1/generate/resource/170,lowpaymentfee.com,base,other,,false,0.0000,376,709,3,40,2026-07-11T06:12:33.502+00:00
https://lowpaymentfee.com/api/v1/generate/resource/78,lowpaymentfee.com,base,other,,false,0.0000,375,377,3,40,2026-07-17T06:15:57.908+00:00
https://lowpaymentfee.com/api/v1/generate/resource/90,lowpaymentfee.com,base,other,,false,0.0000,446,454,3,40,2026-07-16T06:40:17.881+00:00
https://lowpaymentfee.com/api/v1/inbox/162,lowpaymentfee.com,base,other,,false,0.0000,442,479,3,40,2026-07-14T06:24:26.859+00:00
https://lowpaymentfee.com/api/v1/inbox/37,lowpaymentfee.com,base,other,,false,0.0000,468,511,3,40,2026-07-14T06:24:29.439+00:00
https://lowpaymentfee.com/api/v1/invoices/33,lowpaymentfee.com,base,other,,false,0.0000,396,405,3,40,2026-07-17T06:16:59.061+00:00
https://lowpaymentfee.com/api/v1/invoices/34,lowpaymentfee.com,base,other,,false,0.0000,473,752,3,40,2026-07-16T06:38:41.478+00:00
https://lowpaymentfee.com/api/v1/invoices/43,lowpaymentfee.com,base,other,,false,0.0000,403,410,3,40,2026-07-17T06:15:34.681+00:00
https://lowpaymentfee.com/api/v1/item/22,lowpaymentfee.com,base,other,,false,0.0000,333,337,3,40,2026-07-15T05:50:24.362+00:00
https://lowpaymentfee.com/api/v1/item/26,lowpaymentfee.com,base,other,,false,0.0000,379,381,3,40,2026-07-11T06:12:38.845+00:00
https://lowpaymentfee.com/api/v1/keys/91,lowpaymentfee.com,base,other,,false,0.0000,443,500,3,40,2026-07-14T06:24:12.439+00:00
https://lowpaymentfee.com/api/v1/keys/93,lowpaymentfee.com,base,other,,false,0.0000,470,498,3,40,2026-07-14T06:23:05.599+00:00
https://lowpaymentfee.com/api/v1/lab/results/100,lowpaymentfee.com,base,other,,false,0.0000,457,480,3,40,2026-07-14T06:22:59.747+00:00
https://lowpaymentfee.com/api/v1/lab/results/44,lowpaymentfee.com,base,other,,false,0.0000,454,517,3,40,2026-07-14T06:24:38.092+00:00
https://lowpaymentfee.com/api/v1/lab/results/79,lowpaymentfee.com,base,other,,false,0.0000,466,468,3,40,2026-07-14T06:24:59.473+00:00
https://lowpaymentfee.com/api/v1/notifications/48,lowpaymentfee.com,base,other,,false,0.0000,471,476,3,40,2026-07-16T06:40:22.478+00:00
https://lowpaymentfee.com/api/v1/orders/18,lowpaymentfee.com,base,other,,false,0.0000,468,485,3,40,2026-07-16T06:40:52.151+00:00
https://lowpaymentfee.com/api/v1/orders/23,lowpaymentfee.com,base,other,,false,0.0000,409,415,3,40,2026-07-17T06:18:31.325+00:00
https://lowpaymentfee.com/api/v1/orders/25,lowpaymentfee.com,base,other,,false,0.0000,363,693,3,40,2026-07-11T06:12:40.379+00:00
https://lowpaymentfee.com/api/v1/orders/35,lowpaymentfee.com,base,other,,false,0.0000,460,465,3,40,2026-07-16T06:40:56.795+00:00
https://lowpaymentfee.com/api/v1/orders/44,lowpaymentfee.com,base,other,,false,0.0000,471,477,3,40,2026-07-16T06:39:47.715+00:00
https://lowpaymentfee.com/api/v1/orders/45,lowpaymentfee.com,base,other,,false,0.0000,467,468,3,40,2026-07-16T06:41:10.787+00:00
https://lowpaymentfee.com/api/v1/orders/51,lowpaymentfee.com,base,other,,false,0.0000,514,541,3,40,2026-07-13T07:34:48.215+00:00
https://lowpaymentfee.com/api/v1/orders/54,lowpaymentfee.com,base,other,,false,0.0000,385,539,3,40,2026-07-11T06:12:22.023+00:00
https://lowpaymentfee.com/api/v1/orders/63,lowpaymentfee.com,base,other,,false,0.0000,461,476,3,40,2026-07-16T06:41:19.162+00:00
https://lowpaymentfee.com/api/v1/orders/76,lowpaymentfee.com,base,other,,false,0.0000,460,465,3,40,2026-07-16T06:41:30.163+00:00
https://lowpaymentfee.com/api/v1/orders/83,lowpaymentfee.com,base,other,,false,0.0000,451,472,3,40,2026-07-16T06:41:16.304+00:00
https://lowpaymentfee.com/api/v1/orders/88,lowpaymentfee.com,base,other,,false,0.0000,544,877,3,40,2026-07-13T07:35:48.202+00:00
https://lowpaymentfee.com/api/v1/payments/359,lowpaymentfee.com,base,other,,false,0.0000,462,469,3,40,2026-07-16T06:41:40.194+00:00
https://lowpaymentfee.com/api/v1/paypal/payouts/65,lowpaymentfee.com,base,other,,false,0.0000,377,383,3,40,2026-07-11T06:12:41.605+00:00
https://lowpaymentfee.com/api/v1/paypal/payouts/90,lowpaymentfee.com,base,other,,false,0.0000,378,386,3,40,2026-07-11T06:12:23.945+00:00
https://lowpaymentfee.com/api/v1/policies/19,lowpaymentfee.com,base,other,,false,0.0000,452,743,3,40,2026-07-16T06:41:43.578+00:00
https://lowpaymentfee.com/api/v1/policies/36,lowpaymentfee.com,base,other,,false,0.0000,449,463,3,40,2026-07-14T06:25:23.76+00:00
https://lowpaymentfee.com/api/v1/policies/38,lowpaymentfee.com,base,other,,false,0.0000,360,365,3,40,2026-07-11T06:12:48.343+00:00
https://lowpaymentfee.com/api/v1/products/15,lowpaymentfee.com,base,other,,false,0.0000,464,474,3,40,2026-07-16T06:41:48.707+00:00
https://lowpaymentfee.com/api/v1/products/2,lowpaymentfee.com,base,other,,false,0.0000,420,727,3,40,2026-07-17T06:13:55.262+00:00
https://lowpaymentfee.com/api/v1/products/21/inventory,lowpaymentfee.com,base,other,,false,0.0000,451,464,3,40,2026-07-16T06:41:54.387+00:00
https://lowpaymentfee.com/api/v1/products/25,lowpaymentfee.com,base,other,,false,0.0000,469,471,3,40,2026-07-16T06:42:01.457+00:00
https://lowpaymentfee.com/api/v1/products/31,lowpaymentfee.com,base,other,,false,0.0000,411,421,3,40,2026-07-17T06:18:35.388+00:00
https://lowpaymentfee.com/api/v1/products/48,lowpaymentfee.com,base,other,,false,0.0000,409,413,3,40,2026-07-17T06:13:52.498+00:00
https://lowpaymentfee.com/api/v1/products/53,lowpaymentfee.com,base,other,,false,0.0000,458,498,3,40,2026-07-14T06:25:18.251+00:00
https://lowpaymentfee.com/api/v1/products/56,lowpaymentfee.com,base,other,,false,0.0000,338,338,3,40,2026-07-15T05:50:51.536+00:00
https://lowpaymentfee.com/api/v1/products/62/inventory,lowpaymentfee.com,base,other,,false,0.0000,422,471,6,40,2026-07-17T06:11:24.44+00:00
https://lowpaymentfee.com/api/v1/products/63/inventory,lowpaymentfee.com,base,other,,false,0.0000,380,405,3,40,2026-07-17T06:15:27.354+00:00
https://lowpaymentfee.com/api/v1/products/83/inventory,lowpaymentfee.com,base,other,,false,0.0000,431,474,6,40,2026-07-17T06:11:53.228+00:00
https://lowpaymentfee.com/api/v1/products/9,lowpaymentfee.com,base,other,,false,0.0000,401,406,3,40,2026-07-17T06:16:20.376+00:00
https://lowpaymentfee.com/api/v1/products/9/inventory,lowpaymentfee.com,base,other,,false,0.0000,379,399,3,40,2026-07-17T06:14:30.079+00:00
https://lowpaymentfee.com/api/v1/products/92,lowpaymentfee.com,base,other,,false,0.0000,440,476,6,40,2026-07-17T06:12:20.206+00:00
https://lowpaymentfee.com/api/v1/products/97,lowpaymentfee.com,base,other,,false,0.0000,523,758,3,40,2026-07-13T07:36:39.053+00:00
https://lowpaymentfee.com/api/v1/stocks/ACN,lowpaymentfee.com,base,other,,false,0.0000,370,408,3,40,2026-07-17T06:18:19.567+00:00
https://lowpaymentfee.com/api/v1/stocks/ADP/history,lowpaymentfee.com,base,other,,false,0.0000,410,453,6,40,2026-07-17T06:12:20.994+00:00
https://lowpaymentfee.com/api/v1/stocks/AVGO/price,lowpaymentfee.com,base,other,,false,0.0000,432,460,6,40,2026-07-17T06:12:23.06+00:00
https://lowpaymentfee.com/api/v1/stocks/COIN/price,lowpaymentfee.com,base,other,,false,0.0000,472,492,3,40,2026-07-14T06:24:14.321+00:00
https://lowpaymentfee.com/api/v1/stocks/INTU/price,lowpaymentfee.com,base,other,,false,0.0000,388,388,3,40,2026-07-17T06:15:41.472+00:00
https://lowpaymentfee.com/api/v1/stocks/LOW/price,lowpaymentfee.com,base,other,,false,0.0000,380,408,3,40,2026-07-17T06:12:41.267+00:00
https://lowpaymentfee.com/api/v1/stocks/LRCX/history,lowpaymentfee.com,base,other,,false,0.0000,377,384,3,40,2026-07-17T06:13:15.969+00:00
https://lowpaymentfee.com/api/v1/stocks/MA,lowpaymentfee.com,base,other,,false,0.0000,415,415,3,40,2026-07-17T06:13:28.735+00:00
https://lowpaymentfee.com/api/v1/stocks/TSLA/price,lowpaymentfee.com,base,other,,false,0.0000,536,537,3,40,2026-07-13T07:36:33.33+00:00
https://lowpaymentfee.com/api/v1/stocks/XOM,lowpaymentfee.com,base,other,,false,0.0000,397,406,3,40,2026-07-17T06:16:03.119+00:00
https://lowpaymentfee.com/api/v1/stripe/invoices/121,lowpaymentfee.com,base,other,,false,0.0000,363,371,3,40,2026-07-11T06:13:06.075+00:00
https://lowpaymentfee.com/api/v1/stripe/invoices/122,lowpaymentfee.com,base,other,,false,0.0000,358,522,3,40,2026-07-11T06:12:31.792+00:00
https://lowpaymentfee.com/api/v1/stripe/invoices/123,lowpaymentfee.com,base,other,,false,0.0000,376,743,3,40,2026-07-11T06:12:36.413+00:00
https://lowpaymentfee.com/api/v1/stripe/invoices/125,lowpaymentfee.com,base,other,,false,0.0000,376,380,3,40,2026-07-11T06:12:24.982+00:00
https://lowpaymentfee.com/api/v1/stripe/invoices/126,lowpaymentfee.com,base,other,,false,0.0000,372,372,3,40,2026-07-11T06:13:03.656+00:00
https://lowpaymentfee.com/api/v1/stripe/invoices/128,lowpaymentfee.com,base,other,,false,0.0000,376,377,3,40,2026-07-11T06:13:07.276+00:00
https://lowpaymentfee.com/api/v1/stripe/invoices/131,lowpaymentfee.com,base,other,,false,0.0000,377,381,3,40,2026-07-11T06:12:49.551+00:00
https://lowpaymentfee.com/api/v1/stripe/invoices/134,lowpaymentfee.com,base,other,,false,0.0000,373,381,3,40,2026-07-11T06:13:04.883+00:00
https://lowpaymentfee.com/api/v1/stripe/invoices/141,lowpaymentfee.com,base,other,,false,0.0000,378,695,3,40,2026-07-11T06:12:26.568+00:00
https://lowpaymentfee.com/api/v1/stripe/invoices/143,lowpaymentfee.com,base,other,,false,0.0000,363,377,3,40,2026-07-11T06:12:50.739+00:00
https://lowpaymentfee.com/api/v1/stripe/invoices/148,lowpaymentfee.com,base,other,,false,0.0000,376,376,3,40,2026-07-11T06:12:42.83+00:00
https://lowpaymentfee.com/api/v1/stripe/invoices/149,lowpaymentfee.com,base,other,,false,0.0000,378,378,3,40,2026-07-11T06:12:51.943+00:00
https://lowpaymentfee.com/api/v1/stripe/invoices/155,lowpaymentfee.com,base,other,,false,0.0000,377,386,3,40,2026-07-11T06:12:58.165+00:00
https://lowpaymentfee.com/api/v1/stripe/invoices/156,lowpaymentfee.com,base,other,,false,0.0000,371,375,3,40,2026-07-11T06:12:52.955+00:00
https://lowpaymentfee.com/api/v1/stripe/invoices/159,lowpaymentfee.com,base,other,,false,0.0000,375,377,3,40,2026-07-11T06:12:59.397+00:00
https://lowpaymentfee.com/api/v1/stripe/invoices/160,lowpaymentfee.com,base,other,,false,0.0000,379,380,3,40,2026-07-11T06:12:44.053+00:00
https://lowpaymentfee.com/api/v1/stripe/invoices/161,lowpaymentfee.com,base,other,,false,0.0000,367,370,3,40,2026-07-11T06:13:00.584+00:00
https://lowpaymentfee.com/api/v1/stripe/invoices/164,lowpaymentfee.com,base,other,,false,0.0000,374,378,3,40,2026-07-11T06:13:08.477+00:00
https://lowpaymentfee.com/api/v1/stripe/invoices/165,lowpaymentfee.com,base,other,,false,0.0000,374,381,3,40,2026-07-11T06:12:46.125+00:00
https://lowpaymentfee.com/api/v1/stripe/invoices/166,lowpaymentfee.com,base,other,,false,0.0000,372,372,3,40,2026-07-11T06:12:55.864+00:00
https://lowpaymentfee.com/api/v1/tokens/BCH,lowpaymentfee.com,base,other,,false,0.0000,379,417,3,40,2026-07-17T06:17:29.093+00:00
https://lowpaymentfee.com/api/v1/tokens/TRX,lowpaymentfee.com,base,other,,false,0.0000,396,406,3,40,2026-07-17T06:13:33.514+00:00
https://lowpaymentfee.com/api/v1/tokens/ZEC/price,lowpaymentfee.com,base,other,,false,0.0000,487,518,3,40,2026-07-14T06:25:35.557+00:00
https://lowpaymentfee.com/api/v1/trades/100,lowpaymentfee.com,base,other,,false,0.0000,453,746,3,40,2026-07-14T06:25:28.587+00:00
https://lowpaymentfee.com/api/v1/trades/101,lowpaymentfee.com,base,other,,false,0.0000,486,494,3,40,2026-07-14T06:24:16.905+00:00
https://lowpaymentfee.com/api/v1/trades/102,lowpaymentfee.com,base,other,,false,0.0000,468,518,3,40,2026-07-14T06:25:05.964+00:00
https://lowpaymentfee.com/api/v1/trades/106,lowpaymentfee.com,base,other,,false,0.0000,459,476,3,40,2026-07-14T06:25:44.168+00:00
https://lowpaymentfee.com/api/v1/trades/107,lowpaymentfee.com,base,other,,false,0.0000,461,495,3,40,2026-07-14T06:25:31.112+00:00
https://lowpaymentfee.com/api/v1/trades/109,lowpaymentfee.com,base,other,,false,0.0000,469,745,3,40,2026-07-14T06:25:38.112+00:00
https://lowpaymentfee.com/api/v1/trades/111,lowpaymentfee.com,base,other,,false,0.0000,457,511,3,40,2026-07-14T06:26:00.198+00:00
https://lowpaymentfee.com/api/v1/trades/116,lowpaymentfee.com,base,other,,false,0.0000,453,512,3,40,2026-07-14T06:26:17.063+00:00
https://lowpaymentfee.com/api/v1/trades/117,lowpaymentfee.com,base,other,,false,0.0000,458,471,3,40,2026-07-14T06:26:05.096+00:00
https://lowpaymentfee.com/api/v1/trades/119,lowpaymentfee.com,base,other,,false,0.0000,432,518,3,40,2026-07-14T06:26:08.302+00:00
https://lowpaymentfee.com/api/v1/trades/12,lowpaymentfee.com,base,other,,false,0.0000,452,455,3,40,2026-07-14T06:26:11.207+00:00
https://lowpaymentfee.com/api/v1/trades/121,lowpaymentfee.com,base,other,,false,0.0000,457,470,3,40,2026-07-14T06:26:20.22+00:00
https://lowpaymentfee.com/api/v1/trades/127,lowpaymentfee.com,base,other,,false,0.0000,450,496,3,40,2026-07-14T06:26:39.345+00:00
https://lowpaymentfee.com/api/v1/trades/129,lowpaymentfee.com,base,other,,false,0.0000,413,452,6,40,2026-07-15T05:48:38.905+00:00
https://lowpaymentfee.com/api/v1/trades/130,lowpaymentfee.com,base,other,,false,0.0000,390,455,6,40,2026-07-15T05:48:48.21+00:00
https://lowpaymentfee.com/api/v1/trades/131,lowpaymentfee.com,base,other,,false,0.0000,388,485,6,40,2026-07-15T05:48:42.304+00:00
https://lowpaymentfee.com/api/v1/trades/132,lowpaymentfee.com,base,other,,false,0.0000,343,345,3,40,2026-07-15T05:48:51.637+00:00
https://lowpaymentfee.com/api/v1/trades/133,lowpaymentfee.com,base,other,,false,0.0000,454,727,6,40,2026-07-15T05:48:45.613+00:00
https://lowpaymentfee.com/api/v1/trades/145,lowpaymentfee.com,base,other,,false,0.0000,339,342,3,40,2026-07-15T05:48:53.816+00:00
https://lowpaymentfee.com/api/v1/trades/146,lowpaymentfee.com,base,other,,false,0.0000,335,362,3,40,2026-07-15T05:48:56.564+00:00
https://lowpaymentfee.com/api/v1/trades/147,lowpaymentfee.com,base,other,,false,0.0000,342,752,3,40,2026-07-15T05:48:59.741+00:00
https://lowpaymentfee.com/api/v1/trades/150,lowpaymentfee.com,base,other,,false,0.0000,341,346,3,40,2026-07-15T05:49:09.911+00:00
https://lowpaymentfee.com/api/v1/trades/151,lowpaymentfee.com,base,other,,false,0.0000,334,336,3,40,2026-07-15T05:49:02.457+00:00
https://lowpaymentfee.com/api/v1/trades/157,lowpaymentfee.com,base,other,,false,0.0000,337,342,3,40,2026-07-15T05:49:06.681+00:00
https://lowpaymentfee.com/api/v1/trades/158,lowpaymentfee.com,base,other,,false,0.0000,334,335,3,40,2026-07-15T05:49:12.46+00:00
https://lowpaymentfee.com/api/v1/trades/9,lowpaymentfee.com,base,other,,false,0.0000,368,376,3,40,2026-07-11T06:17:21.726+00:00
https://lowpaymentfee.com/api/v1/trades/90,lowpaymentfee.com,base,other,,false,0.0000,428,468,6,40,2026-07-17T06:12:29.504+00:00
https://lowpaymentfee.com/api/v1/trades/91,lowpaymentfee.com,base,other,,false,0.0000,388,393,3,40,2026-07-17T06:13:26.619+00:00
https://lowpaymentfee.com/api/v1/trades/93,lowpaymentfee.com,base,other,,false,0.0000,368,401,6,40,2026-07-12T06:09:27.846+00:00
https://lowpaymentfee.com/api/v1/trades/94,lowpaymentfee.com,base,other,,false,0.0000,381,404,3,40,2026-07-17T06:13:34.988+00:00
https://lowpaymentfee.com/api/v1/trades/95,lowpaymentfee.com,base,other,,false,0.0000,375,613,3,40,2026-07-11T06:17:07.601+00:00
https://lowpaymentfee.com/api/v1/trades/99,lowpaymentfee.com,base,other,,false,0.0000,377,724,3,40,2026-07-11T06:13:47.664+00:00
https://lowpaymentfee.com/api/v1/transactions/1,lowpaymentfee.com,base,other,,false,0.0000,167,347,3,40,2026-07-11T06:17:31.733+00:00
https://lowpaymentfee.com/api/v1/transactions/10/receipt,lowpaymentfee.com,base,other,,false,0.0000,365,604,3,40,2026-07-11T06:18:07.146+00:00
https://lowpaymentfee.com/api/v1/transactions/100/receipt,lowpaymentfee.com,base,other,,false,0.0000,360,500,6,40,2026-07-12T06:09:31.606+00:00
https://lowpaymentfee.com/api/v1/transactions/102/receipt,lowpaymentfee.com,base,other,,false,0.0000,379,747,3,40,2026-07-11T06:13:44.503+00:00
https://lowpaymentfee.com/api/v1/transactions/103,lowpaymentfee.com,base,other,,false,0.0000,341,342,3,40,2026-07-15T05:49:16.646+00:00
https://lowpaymentfee.com/api/v1/transactions/105,lowpaymentfee.com,base,other,,false,0.0000,356,374,6,40,2026-07-12T06:09:38.553+00:00
https://lowpaymentfee.com/api/v1/transactions/111/receipt,lowpaymentfee.com,base,other,,false,0.0000,364,373,3,40,2026-07-11T06:16:53.939+00:00
https://lowpaymentfee.com/api/v1/transactions/113,lowpaymentfee.com,base,other,,false,0.0000,341,377,6,40,2026-07-12T06:09:39.786+00:00
https://lowpaymentfee.com/api/v1/transactions/114,lowpaymentfee.com,base,other,,false,0.0000,387,693,3,40,2026-07-17T06:13:09.452+00:00
https://lowpaymentfee.com/api/v1/transactions/114/receipt,lowpaymentfee.com,base,other,,false,0.0000,332,334,3,40,2026-07-15T05:49:26.159+00:00
https://lowpaymentfee.com/api/v1/transactions/115,lowpaymentfee.com,base,other,,false,0.0000,361,469,3,40,2026-07-11T06:16:37.61+00:00
https://lowpaymentfee.com/api/v1/transactions/115/receipt,lowpaymentfee.com,base,other,,false,0.0000,376,376,3,40,2026-07-11T06:17:54.559+00:00
https://lowpaymentfee.com/api/v1/transactions/116/receipt,lowpaymentfee.com,base,other,,false,0.0000,331,334,3,40,2026-07-15T05:49:30.108+00:00
https://lowpaymentfee.com/api/v1/transactions/119/receipt,lowpaymentfee.com,base,other,,false,0.0000,336,338,3,40,2026-07-15T05:49:33.316+00:00
https://lowpaymentfee.com/api/v1/transactions/120/receipt,lowpaymentfee.com,base,other,,false,0.0000,329,330,3,40,2026-07-15T05:49:39.391+00:00
https://lowpaymentfee.com/api/v1/transactions/121,lowpaymentfee.com,base,other,,false,0.0000,342,356,3,40,2026-07-12T06:09:50.238+00:00
https://lowpaymentfee.com/api/v1/transactions/121/receipt,lowpaymentfee.com,base,other,,false,0.0000,332,711,3,40,2026-07-12T06:09:57.618+00:00
https://lowpaymentfee.com/api/v1/transactions/122/receipt,lowpaymentfee.com,base,other,,false,0.0000,354,704,3,40,2026-07-12T06:10:12.252+00:00
https://lowpaymentfee.com/api/v1/transactions/124,lowpaymentfee.com,base,other,,false,0.0000,338,356,3,40,2026-07-15T05:49:42.455+00:00
https://lowpaymentfee.com/api/v1/transactions/125,lowpaymentfee.com,base,other,,false,0.0000,326,327,3,40,2026-07-12T06:10:36.512+00:00
https://lowpaymentfee.com/api/v1/transactions/128/receipt,lowpaymentfee.com,base,other,,false,0.0000,335,351,3,40,2026-07-15T05:49:52.307+00:00
https://lowpaymentfee.com/api/v1/transactions/129,lowpaymentfee.com,base,other,,false,0.0000,327,342,3,40,2026-07-12T06:10:13.771+00:00
https://lowpaymentfee.com/api/v1/transactions/13/receipt,lowpaymentfee.com,base,other,,false,0.0000,559,639,6,40,2026-07-12T06:09:47.504+00:00
https://lowpaymentfee.com/api/v1/transactions/130,lowpaymentfee.com,base,other,,false,0.0000,179,317,3,40,2026-07-12T06:09:54.233+00:00
https://lowpaymentfee.com/api/v1/transactions/131/receipt,lowpaymentfee.com,base,other,,false,0.0000,355,732,6,40,2026-07-12T06:09:42.725+00:00
https://lowpaymentfee.com/api/v1/transactions/137/receipt,lowpaymentfee.com,base,other,,false,0.0000,326,349,3,40,2026-07-12T06:10:16.938+00:00
https://lowpaymentfee.com/api/v1/wallet/BLUR/balance,lowpaymentfee.com,base,other,,false,0.0000,382,386,3,40,2026-07-11T06:13:36.209+00:00
https://lowpaymentfee.com/api/v1/wallet/FLR/balance,lowpaymentfee.com,base,other,,false,0.0000,377,384,3,40,2026-07-17T06:14:07.264+00:00
https://lowpaymentfee.com/api/v1/wallet/LINK/balance,lowpaymentfee.com,base,other,,false,0.0000,393,408,3,40,2026-07-17T06:14:11.085+00:00
https://lowpaymentfee.com/api/v1/wallet/MASK/balance,lowpaymentfee.com,base,other,,false,0.0000,377,394,3,40,2026-07-17T06:14:20.474+00:00
https://lowpaymentfee.com/api/v1/wire/154,lowpaymentfee.com,base,other,,false,0.0000,336,530,3,40,2026-07-12T06:12:23.056+00:00
https://lowpaymentfee.com/api/v1/wire/30,lowpaymentfee.com,base,other,,false,0.0000,330,330,3,40,2026-07-12T06:12:34.722+00:00
https://lowpaymentfee.com/api/v1/wire/42,lowpaymentfee.com,base,other,,false,0.0000,335,337,3,40,2026-07-15T05:49:55.607+00:00
https://lowpaymentfee.com/api/v1/wire/47,lowpaymentfee.com,base,other,,false,0.0000,337,339,3,40,2026-07-15T05:49:59.999+00:00
https://mailcheck.hugen.tokyo/mailcheck/disposable,mailcheck.hugen.tokyo,base;solana:5eykt4usfv8p8njdtrepy1vzqkqzkvdp,other,,false,1.0000,666,994,3,85,2026-07-11T06:17:29.069+00:00
https://marketpulse-brown.vercel.app/api/market/content-brief,marketpulse-brown.vercel.app,base;solana:5eykt4usfv8p8njdtrepy1vzqkqzkvdp,other,,false,1.0000,106,136,3,95,2026-07-12T06:10:44.387+00:00
https://mechamanda.com/api/concerts,mechamanda.com,base,other,,false,1.0000,153,210,3,95,2026-07-11T06:16:55.56+00:00
https://mesh.heurist.xyz/x402/agents/AIXBTProjectInfoAgent/get_market_summary,mesh.heurist.xyz,base,data,1P,false,1.0000,69,70,3,96,2026-07-11T06:14:07.468+00:00
https://mesh.heurist.xyz/x402/agents/AIXBTProjectInfoAgent/search_projects,mesh.heurist.xyz,base,data,1P,false,1.0000,68,70,3,96,2026-07-11T06:15:58.938+00:00
https://mesh.heurist.xyz/x402/agents/ExaSearchDigestAgent/exa_scrape_url,mesh.heurist.xyz,base,data,1P,false,1.0000,60,66,3,96,2026-07-11T06:16:24.392+00:00
https://mesh.heurist.xyz/x402/agents/FundingRateAgent/find_spot_futures_opportunities,mesh.heurist.xyz,base,data,1P,false,1.0000,65,65,3,96,2026-07-11T06:16:23.908+00:00
https://mesh.heurist.xyz/x402/agents/GoplusAnalysisAgent/fetch_security_details,mesh.heurist.xyz,base,data,1P,false,1.0000,67,98,3,96,2026-07-11T06:11:55.458+00:00
https://mesh.heurist.xyz/x402/agents/WanVideoGenAgent/image_to_video_with_audio_480p_5s,mesh.heurist.xyz,base,data,1P,false,1.0000,47,61,3,97,2026-07-11T06:16:33.287+00:00
https://mesh.heurist.xyz/x402/agents/YahooFinanceAgent/quote_snapshot,mesh.heurist.xyz,base,data,1P,false,1.0000,60,71,3,96,2026-07-11T06:16:57.877+00:00
https://mesh.heurist.xyz/x402/solana/agents/ExaSearchDigestAgent/exa_web_search,mesh.heurist.xyz,base,search,,false,1.0000,110,115,3,96,2026-07-15T05:51:54.044+00:00
https://mesh.heurist.xyz/x402/solana/agents/PondWalletAnalysisAgent/analyze_ethereum_wallet,mesh.heurist.xyz,base;solana,data,1P,false,1.0000,45,47,3,97,2026-07-11T06:17:49.321+00:00
https://mindpulse-lilac.vercel.app/api/mind/grief,mindpulse-lilac.vercel.app,base;solana:5eykt4usfv8p8njdtrepy1vzqkqzkvdp,other,,false,1.0000,115,159,3,95,2026-07-17T06:13:10.489+00:00
https://mlb-stats-api.fly.dev/nba/players,mlb-stats-api.fly.dev,base,other,,false,1.0000,103,212,3,95,2026-07-15T05:49:45.518+00:00
https://mpp.hyreagent.fun/cdp/nansen/pnl-leaderboard,mpp.hyreagent.fun,base,other,,false,1.0000,376,571,3,89,2026-07-14T06:22:46.448+00:00
https://mru-oracle.com/fuel,mru-oracle.com,base,other,,false,1.0000,106,143,3,96,2026-07-11T06:16:25.851+00:00
https://munch.x420.dev/api/puff-custom,munch.x420.dev,base,other,,false,1.0000,653,713,3,86,2026-07-16T06:35:09.759+00:00
https://nanobanana-x402.fly.dev/api/generate-image,nanobanana-x402.fly.dev,base,other,,false,1.0000,58,74,3,96,2026-07-11T06:11:41.49+00:00
https://nittarab.dev/secret,nittarab.dev,base,other,,false,1.0000,473,478,3,90,2026-07-14T06:24:51.146+00:00
https://norm.agentutil.net/v1/batch,norm.agentutil.net,base,other,,false,1.0000,61,148,3,95,2026-07-17T06:14:22.938+00:00
https://norm.agentutil.net/v1/check,norm.agentutil.net,base,other,,false,1.0000,44,122,3,95,2026-07-12T06:11:48.861+00:00
https://nwb-vending.com/2nd-pages/materials-factory/templates/change-order-mid-job/full/playbook.json,nwb-vending.com,base,other,,false,0.6667,467,7247,3,76,2026-07-15T05:52:12.173+00:00
https://nwb-vending.com/2nd-pages/materials-factory/templates/client-asset-request/full/playbook.json,nwb-vending.com,base,other,,false,1.0000,43,417,3,94,2026-07-15T05:52:19.067+00:00
https://nwb-vending.com/2nd-pages/materials-factory/templates/client-intake-playbook/full/playbook.json,nwb-vending.com,base,other,,false,0.3333,8000,8000,3,52,2026-07-15T05:52:46.704+00:00
https://nwb-vending.com/2nd-pages/materials-factory/templates/client-onboarding-first/full/playbook.json,nwb-vending.com,base,other,,false,0.6667,48,7205,3,81,2026-07-15T05:53:08.02+00:00
https://nwb-vending.com/2nd-pages/materials-factory/templates/client-status-update/full/playbook.json,nwb-vending.com,base,other,,false,1.0000,41,368,3,94,2026-07-15T05:53:36.674+00:00
https://nwb-vending.com/2nd-pages/materials-factory/templates/coi-insurance-request/full/playbook.json,nwb-vending.com,base,other,,false,0.6667,668,7267,3,74,2026-07-15T05:52:28.843+00:00
https://nwb-vending.com/2nd-pages/materials-factory/templates/complaint-recovery-playbook/full/playbook.json,nwb-vending.com,base,other,,false,0.6667,34,7203,3,82,2026-07-15T05:52:55.551+00:00
https://nwb-vending.com/2nd-pages/materials-factory/templates/contact-account-transfer/full/playbook.json,nwb-vending.com,base,other,,false,0.0000,8000,8000,3,40,2026-07-15T05:53:32.741+00:00
https://nwb-vending.com/2nd-pages/materials-factory/templates/damage-transit-claim/full/playbook.json,nwb-vending.com,base,other,,false,0.3333,8000,8000,3,67,2026-07-15T05:53:53.423+00:00
https://nwb-vending.com/2nd-pages/materials-factory/templates/delivery-handoff/full/playbook.json,nwb-vending.com,base,other,,false,1.0000,30,37,3,97,2026-07-15T05:53:55.162+00:00
https://nwb-vending.com/2nd-pages/materials-factory/templates/design-revision-loop/full/playbook.json,nwb-vending.com,base,other,,false,0.6667,37,7204,3,82,2026-07-15T05:54:23.811+00:00
https://nwb-vending.com/2nd-pages/materials-factory/templates/emergency-after-hours/full/playbook.json,nwb-vending.com,base,other,,false,1.0000,31,44,3,96,2026-07-15T05:54:25.217+00:00
https://nwb-vending.com/2nd-pages/materials-factory/templates/employee-onboarding-kit/full/playbook.json,nwb-vending.com,base,other,,false,1.0000,483,655,3,88,2026-07-15T05:54:27.894+00:00
https://nwb-vending.com/2nd-pages/materials-factory/templates/estimate-revision/full/playbook.json,nwb-vending.com,base,other,,false,0.3333,8000,8000,3,56,2026-07-15T05:54:14.594+00:00
https://nwb-vending.com/2nd-pages/materials-factory/templates/event-deadline-crunch/full/playbook.json,nwb-vending.com,base,other,,false,0.0000,8000,8000,3,40,2026-07-15T05:55:07.22+00:00
https://nwb-vending.com/2nd-pages/materials-factory/templates/finished-goods-storage/full/playbook.json,nwb-vending.com,base,other,,false,1.0000,43,47,3,97,2026-07-15T05:54:26.237+00:00
https://nwb-vending.com/2nd-pages/materials-factory/templates/goodwill-credit/full/playbook.json,nwb-vending.com,base,other,,false,0.6667,47,7205,3,82,2026-07-15T05:54:37.5+00:00
https://nwb-vending.com/2nd-pages/materials-factory/templates/hiring-character-gauge/full/playbook.json,nwb-vending.com,base,other,,false,0.6667,54,7205,3,81,2026-07-15T05:55:17.447+00:00
https://nwb-vending.com/2nd-pages/materials-factory/templates/install-on-site-coord/full/playbook.json,nwb-vending.com,base,other,,false,0.0000,8000,8000,3,40,2026-07-15T05:56:02.024+00:00
https://nwb-vending.com/2nd-pages/materials-factory/templates/invoice-payment-chase/full/playbook.json,nwb-vending.com,base,other,,false,0.6667,34,7203,3,82,2026-07-15T05:56:13.325+00:00
https://nwb-vending.com/2nd-pages/materials-factory/templates/job-close-archive/full/playbook.json,nwb-vending.com,base,other,,false,1.0000,48,393,3,94,2026-07-15T05:56:18.374+00:00
https://nwb-vending.com/2nd-pages/materials-factory/templates/job-pause-hold/full/playbook.json,nwb-vending.com,base,other,,false,0.3333,8000,8000,3,67,2026-07-15T05:55:34.857+00:00
https://nwb-vending.com/2nd-pages/materials-factory/templates/job-priority-queue/full/playbook.json,nwb-vending.com,base,other,,false,0.6667,39,7204,3,81,2026-07-15T05:56:29.133+00:00
https://nwb-vending.com/2nd-pages/materials-factory/templates/lost-lead-archive/full/playbook.json,nwb-vending.com,base,other,,false,1.0000,34,41,3,96,2026-07-15T05:56:15.159+00:00
https://nwb-vending.com/2nd-pages/materials-factory/templates/meeting-phone-qualify/full/playbook.json,nwb-vending.com,base,other,,false,1.0000,36,41,3,97,2026-07-15T05:56:19.042+00:00
https://nwb-vending.com/2nd-pages/materials-factory/templates/multi-location-coord/full/playbook.json,nwb-vending.com,base,other,,false,0.3333,8000,8000,3,67,2026-07-15T05:56:55.521+00:00
https://nwb-vending.com/2nd-pages/materials-factory/templates/net-terms-credit-app/full/playbook.json,nwb-vending.com,base,other,,false,0.6667,35,7203,3,82,2026-07-15T05:56:38.322+00:00
https://nwb-vending.com/2nd-pages/materials-factory/templates/not-a-fit-referral/full/playbook.json,nwb-vending.com,base,other,,false,0.6667,38,7204,3,82,2026-07-15T05:57:24.486+00:00
https://nwb-vending.com/2nd-pages/materials-factory/templates/payment-plan-partial/full/playbook.json,nwb-vending.com,base,other,,false,0.3333,8000,8000,3,67,2026-07-15T05:57:44.269+00:00
https://nwb-vending.com/2nd-pages/materials-factory/templates/permit-municipality/full/playbook.json,nwb-vending.com,base,other,,false,0.3333,8000,8000,3,67,2026-07-15T05:57:13.009+00:00
https://nwb-vending.com/2nd-pages/materials-factory/templates/physical-sample-proof/full/playbook.json,nwb-vending.com,base,other,,false,0.3333,8000,8000,3,67,2026-07-15T05:58:03.616+00:00
https://nwb-vending.com/2nd-pages/materials-factory/templates/pickup-will-call/full/playbook.json,nwb-vending.com,base,other,,false,1.0000,32,35,3,97,2026-07-15T05:57:26.664+00:00
https://nwb-vending.com/2nd-pages/materials-factory/templates/portfolio-photo-permission/full/playbook.json,nwb-vending.com,base,other,,false,0.6667,81,8000,6,96,2026-07-16T06:33:42.868+00:00
https://nwb-vending.com/2nd-pages/materials-factory/templates/post-delivery-survey/full/playbook.json,nwb-vending.com,base,other,,false,0.8333,82,6109,6,96,2026-07-16T06:33:54.056+00:00
https://nwb-vending.com/2nd-pages/materials-factory/templates/production-handoff-internal/full/playbook.json,nwb-vending.com,base,other,,false,0.8333,72,6018,6,97,2026-07-16T06:33:58.402+00:00
https://nwb-vending.com/2nd-pages/materials-factory/templates/progress-photo-update/full/playbook.json,nwb-vending.com,base,other,,false,0.8333,76,6021,6,96,2026-07-16T06:34:02.756+00:00
https://nwb-vending.com/2nd-pages/materials-factory/templates/project-kickoff/full/playbook.json,nwb-vending.com,base,other,,false,0.8333,76,6029,6,96,2026-07-16T06:33:41.704+00:00
https://nwb-vending.com/2nd-pages/materials-factory/templates/proof-approval-gate/full/playbook.json,nwb-vending.com,base,other,,false,0.6667,80,8000,6,96,2026-07-16T06:33:51.241+00:00
https://nwb-vending.com/2nd-pages/materials-factory/templates/qc-fail-rework/full/playbook.json,nwb-vending.com,base,other,,false,0.6667,77,8000,6,97,2026-07-16T06:33:54.816+00:00
https://nwb-vending.com/2nd-pages/materials-factory/templates/quote-estimate-gate/full/playbook.json,nwb-vending.com,base,other,,false,0.6667,78,8000,6,97,2026-07-16T06:34:00.079+00:00
https://nwb-vending.com/2nd-pages/materials-factory/templates/quote-follow-up/full/playbook.json,nwb-vending.com,base,other,,false,0.8333,76,6022,6,96,2026-07-16T06:34:06.926+00:00
https://nwb-vending.com/2nd-pages/materials-factory/templates/referral-ask/full/playbook.json,nwb-vending.com,base,other,,false,0.6667,79,8000,6,96,2026-07-16T06:34:11.046+00:00
https://nwb-vending.com/2nd-pages/materials-factory/templates/refund-cancellation/full/playbook.json,nwb-vending.com,base,other,,false,0.8333,70,6018,6,97,2026-07-16T06:34:15.064+00:00
https://nwb-vending.com/2nd-pages/materials-factory/templates/reorder-repeat-client/full/playbook.json,nwb-vending.com,base,other,,false,0.8333,235,6233,6,94,2026-07-16T06:34:19.413+00:00
https://nwb-vending.com/2nd-pages/materials-factory/templates/retainer-ongoing/full/playbook.json,nwb-vending.com,base,other,,false,0.8333,73,6020,6,97,2026-07-16T06:34:03.499+00:00
https://nwb-vending.com/2nd-pages/materials-factory/templates/rush-client-comms/full/playbook.json,nwb-vending.com,base,other,,false,0.8333,72,6020,6,97,2026-07-16T06:34:09.924+00:00
https://nwb-vending.com/2nd-pages/materials-factory/templates/seasonal-capacity-notice/full/playbook.json,nwb-vending.com,base,other,,false,1.0000,60,87,6,96,2026-07-16T06:34:14.712+00:00
https://nwb-vending.com/2nd-pages/materials-factory/templates/shipping-tracking-update/full/playbook.json,nwb-vending.com,base,other,,false,1.0000,61,79,6,97,2026-07-16T06:34:24.277+00:00
https://nwb-vending.com/2nd-pages/materials-factory/templates/subcontractor-handoff/full/playbook.json,nwb-vending.com,base,other,,false,1.0000,72,76,3,97,2026-07-16T06:34:29.781+00:00
https://nwb-vending.com/2nd-pages/materials-factory/templates/tax-exempt-cert/full/playbook.json,nwb-vending.com,base,other,,false,1.0000,76,81,3,97,2026-07-16T06:34:37.39+00:00
https://nwb-vending.com/2nd-pages/materials-factory/templates/weekly-ops-review/full/playbook.json,nwb-vending.com,base,other,,false,1.0000,71,75,3,97,2026-07-16T06:35:05.844+00:00
https://nwb-vending.com/2nd-pages/materials-factory/tools/ai-task-fit/full/rules.json,nwb-vending.com,base,other,,false,1.0000,77,79,3,97,2026-07-16T06:34:41.944+00:00
https://nwb-vending.com/2nd-pages/materials-factory/tools/scope-creep-say-no/full/rules.json,nwb-vending.com,base,other,,false,1.0000,71,79,3,97,2026-07-16T06:34:51.453+00:00
https://nwb-vending.com/2nd-pages/materials-factory/tools/should-i-automate/full/rules.json,nwb-vending.com,base,other,,false,1.0000,78,81,3,97,2026-07-16T06:34:52.961+00:00
https://nwb-vending.com/2nd-pages/materials-factory/training/llm-api-bootcamp/full/playbook.json,nwb-vending.com,base,other,,false,1.0000,81,86,3,96,2026-07-16T06:35:03.736+00:00
https://ocr-extract.api.klymax402.com/api/ocr,ocr-extract.api.klymax402.com,base,other,,false,1.0000,389,419,3,91,2026-07-12T06:09:53.529+00:00
https://odood.com/v1/extract,odood.com,base,other,,false,1.0000,246,378,3,93,2026-07-11T06:17:49.105+00:00
https://omnicall.gocreativeai.com/v1/ai/pro/:var1,omnicall.gocreativeai.com,base;solana:5eykt4usfv8p8njdtrepy1vzqkqzkvdp,other,,false,1.0000,209,341,3,93,2026-07-11T06:16:32.583+00:00
https://openwebninja-x402.vercel.app/api/amazon/product-details,openwebninja-x402.vercel.app,base,other,,false,1.0000,254,267,3,93,2026-07-14T06:23:26.97+00:00
https://openwebninja-x402.vercel.app/api/play-store-apps/app-details,openwebninja-x402.vercel.app,base,other,,false,1.0000,158,242,3,94,2026-07-17T06:14:25.705+00:00
https://openwebninja-x402.vercel.app/api/play-store-apps/top-free-games,openwebninja-x402.vercel.app,base,other,,false,1.0000,126,158,3,95,2026-07-11T06:17:06.137+00:00
https://openwebninja-x402.vercel.app/api/walmart/products-by-category,openwebninja-x402.vercel.app,base,other,,false,1.0000,145,157,3,95,2026-07-17T06:14:28.373+00:00
https://oracle-network-onchain-signal.fly.dev/v1/token/supply-locked,oracle-network-onchain-signal.fly.dev,base,other,,false,0.0000,8000,8000,3,40,2026-07-11T06:15:54.421+00:00
https://orbisapi.com/api/proxy/gas-fee-estimator-api-a96f58/info,orbisapi.com,base;solana:5eykt4usfv8p8njdtrepy1vzqkqzkvdp,other,,false,1.0000,80,92,6,97,2026-07-14T06:18:30.996+00:00
https://orbisapi.com/api/proxy/instagram-profile-data-api-32a0fd/profile,orbisapi.com,base;solana:5eykt4usfv8p8njdtrepy1vzqkqzkvdp,other,,false,1.0000,49,51,3,97,2026-07-11T06:13:10.216+00:00
https://orbisapi.com/proxy/1031-exchange-intelligence-api-cf73d2,orbisapi.com,base;solana:5eykt4usfv8p8njdtrepy1vzqkqzkvdp,other,,false,1.0000,77,90,6,97,2026-07-14T06:18:48.51+00:00
https://orbisapi.com/proxy/360-feedback-scorer-api-7e707b,orbisapi.com,base,other,,false,1.0000,50,51,3,97,2026-07-17T06:18:23.643+00:00
https://orbisapi.com/proxy/50-30-20-budget-rule-api-92f382,orbisapi.com,base,other,,false,1.0000,62,66,3,97,2026-07-14T06:25:19.616+00:00
https://orbisapi.com/proxy/510k-readiness-score-api-bb8388/bulk,orbisapi.com,base;solana:5eykt4usfv8p8njdtrepy1vzqkqzkvdp,other,,false,1.0000,82,91,6,97,2026-07-14T06:18:52.254+00:00
https://orbisapi.com/proxy/a-b-hypothesis-builder-api-2beff1,orbisapi.com,base,other,,false,1.0000,91,93,3,96,2026-07-13T07:38:29.199+00:00
https://orbisapi.com/proxy/a-b-test-detector-api-cc5a5d,orbisapi.com,base,other,,false,1.0000,69,70,3,97,2026-07-14T06:25:36.254+00:00
https://orbisapi.com/proxy/a-b-test-detector-api-cc5a5d/bulk,orbisapi.com,base;solana:5eykt4usfv8p8njdtrepy1vzqkqzkvdp,other,,false,1.0000,66,81,3,96,2026-07-14T06:23:50.05+00:00
https://orbisapi.com/proxy/a-b-test-significance-calculator-api-ee35d1,orbisapi.com,base,other,,false,1.0000,66,79,3,97,2026-07-14T06:25:44.541+00:00
https://orbisapi.com/proxy/a3-report-score-api-03f532/describe,orbisapi.com,base;solana:5eykt4usfv8p8njdtrepy1vzqkqzkvdp,other,,false,1.0000,69,70,3,97,2026-07-14T06:20:27.624+00:00
https://orbisapi.com/proxy/ab-test-analyzer-api-b258fb,orbisapi.com,base,other,,false,1.0000,91,94,3,96,2026-07-13T07:36:56.981+00:00
https://orbisapi.com/proxy/ab-test-analyzer-v2-api-1d4559,orbisapi.com,base,other,,false,1.0000,88,91,3,96,2026-07-13T07:36:41.126+00:00
https://orbisapi.com/proxy/ab-test-power-calculator-api-66051e,orbisapi.com,base,other,,false,1.0000,92,93,3,96,2026-07-13T07:37:34.855+00:00
https://orbisapi.com/proxy/abandoned-cart-predictor-api-19a1ae,orbisapi.com,base,other,,false,1.0000,88,90,3,96,2026-07-13T07:36:23.704+00:00
https://orbisapi.com/proxy/abbreviation-expander-api-33619d,orbisapi.com,base,other,,false,1.0000,68,69,3,97,2026-07-14T06:25:50.062+00:00
https://orbisapi.com/proxy/abbreviation-expander-api-33619d/bulk,orbisapi.com,base;solana:5eykt4usfv8p8njdtrepy1vzqkqzkvdp,other,,false,1.0000,63,67,3,97,2026-07-14T06:20:33.138+00:00
https://orbisapi.com/proxy/abc-inventory-classifier-api-cece46,orbisapi.com,base,other,,false,1.0000,75,75,3,97,2026-07-14T06:25:52.909+00:00
https://orbisapi.com/proxy/abnormal-psychology-38d15e,orbisapi.com,base,other,,false,1.0000,89,93,3,96,2026-07-16T06:39:28.376+00:00
https://orbisapi.com/proxy/absenteeism-cost-calculator-api-5419c4,orbisapi.com,base,other,,false,1.0000,52,53,3,97,2026-07-17T06:18:20.037+00:00
https://orbisapi.com/proxy/abstract-classifier-api-4f2c3c,orbisapi.com,base,other,,false,1.0000,89,90,3,96,2026-07-13T07:33:51.731+00:00
https://orbisapi.com/proxy/abstractive-summary-api-678d9e,orbisapi.com,base,other,,false,1.0000,90,91,3,96,2026-07-13T07:33:37.183+00:00
https://orbisapi.com/proxy/academic-integrity-checker-api-4a9a0f,orbisapi.com,base,other,,false,1.0000,90,93,3,96,2026-07-13T07:38:05.827+00:00
https://orbisapi.com/proxy/accept-header-parser-api-1b70e7,orbisapi.com,base,other,,false,1.0000,67,69,3,97,2026-07-14T06:25:47.355+00:00
https://orbisapi.com/proxy/access-review-helper-api-ebf0e2,orbisapi.com,base,other,,false,1.0000,66,71,3,97,2026-07-14T06:25:39.479+00:00
https://orbisapi.com/proxy/access-review-scorer-api-008544,orbisapi.com,base,other,,false,1.0000,91,92,3,96,2026-07-13T07:33:50.34+00:00
https://orbisapi.com/proxy/accessibility-audit-planner-api-e27c5b,orbisapi.com,base,other,,false,1.0000,89,93,3,96,2026-07-13T07:37:34.338+00:00
https://orbisapi.com/proxy/accessibility-score-api-2d309b,orbisapi.com,base,other,,false,1.0000,90,102,3,96,2026-07-13T07:33:50.821+00:00
https://orbisapi.com/proxy/accessible-travel-planner-api-e20dd8,orbisapi.com,base,other,,false,1.0000,91,95,3,96,2026-07-13T07:37:54.86+00:00
https://orbisapi.com/proxy/account-expansion-scorer-api-8c35b4,orbisapi.com,base,other,,false,1.0000,49,50,3,97,2026-07-17T06:15:46.699+00:00
https://orbisapi.com/proxy/account-health-scorer-api-a691d1,orbisapi.com,base,other,,false,1.0000,50,51,3,97,2026-07-17T06:15:10.815+00:00
https://orbisapi.com/proxy/account-scoring-score-api-7d0401/info,orbisapi.com,base;solana:5eykt4usfv8p8njdtrepy1vzqkqzkvdp,other,,false,1.0000,60,82,3,96,2026-07-14T06:21:29.402+00:00
https://orbisapi.com/proxy/account-takeover-detect-1bb424,orbisapi.com,base,other,,false,1.0000,67,83,6,96,2026-07-16T06:34:27.432+00:00
https://orbisapi.com/proxy/accounting-software-api-cfbd11,orbisapi.com,base;solana:5eykt4usfv8p8njdtrepy1vzqkqzkvdp,other,,false,1.0000,64,80,3,96,2026-07-14T06:21:46.914+00:00
https://orbisapi.com/proxy/accounting-terms-api-5d958f,orbisapi.com,base,other,,false,1.0000,92,97,3,96,2026-07-16T06:40:49.744+00:00
https://orbisapi.com/proxy/accounts-aging-calculator-api-069b11,orbisapi.com,base,other,,false,1.0000,89,90,3,96,2026-07-13T07:33:30.186+00:00
https://orbisapi.com/proxy/accrual-calculator-api-51cb31,orbisapi.com,base,other,,false,1.0000,50,50,3,97,2026-07-17T06:14:38.905+00:00
https://orbisapi.com/proxy/acoustic-doppler-score-api-d65e0c/analyze,orbisapi.com,base;solana:5eykt4usfv8p8njdtrepy1vzqkqzkvdp,other,,false,1.0000,69,70,3,97,2026-07-14T06:21:50.112+00:00
https://orbisapi.com/proxy/acoustic-treatment-calculator-api-d82484,orbisapi.com,base,other,,false,1.0000,91,94,3,96,2026-07-13T07:33:32.768+00:00
https://orbisapi.com/proxy/acronym-expander-api-d74348,orbisapi.com,base,other,,false,1.0000,89,93,3,96,2026-07-13T07:37:25.706+00:00
https://orbisapi.com/proxy/acronym-generator-api-76ebe5,orbisapi.com,base,other,,false,1.0000,52,52,3,97,2026-07-17T06:15:42.174+00:00
https://orbisapi.com/proxy/action-items-extract-466386,orbisapi.com,base,other,,false,1.0000,82,97,3,96,2026-07-16T06:34:45.007+00:00
https://orbisapi.com/proxy/action-plan-validator-api-704448,orbisapi.com,base,other,,false,1.0000,52,57,3,97,2026-07-17T06:13:53.138+00:00
https://orbisapi.com/proxy/action-planner-api-81eec4,orbisapi.com,base,other,,false,1.0000,69,71,3,97,2026-07-14T06:21:10.698+00:00
https://orbisapi.com/proxy/activation-readiness-score-api-04f6c2/info,orbisapi.com,base;solana:5eykt4usfv8p8njdtrepy1vzqkqzkvdp,other,,false,1.0000,67,69,3,97,2026-07-14T06:22:02.143+00:00
https://orbisapi.com/proxy/active-learning-score-api-2e26c2,orbisapi.com,base,other,,false,1.0000,29,34,3,97,2026-07-12T06:10:06.475+00:00
https://orbisapi.com/proxy/active-listening-138e54,orbisapi.com,base,other,,false,1.0000,82,87,3,96,2026-07-16T06:39:31.227+00:00
https://orbisapi.com/proxy/actuarial-calculator-api-b0dc89,orbisapi.com,base,other,,false,1.0000,89,91,3,96,2026-07-13T07:37:10.107+00:00
https://orbisapi.com/proxy/actuarial-data-intel-api-839436/openapi,orbisapi.com,base;solana:5eykt4usfv8p8njdtrepy1vzqkqzkvdp,other,,false,1.0000,71,81,3,96,2026-07-14T06:22:08.333+00:00
https://orbisapi.com/proxy/actuarial-exposure-calculator-api-b58fc7,orbisapi.com,base,other,,false,1.0000,73,79,3,96,2026-07-14T06:23:54.43+00:00
https://orbisapi.com/proxy/acupuncture-guide-32c911,orbisapi.com,base,other,,false,1.0000,84,84,3,96,2026-07-16T06:39:16.329+00:00
https://orbisapi.com/proxy/ad-break-optimizer-api-924219,orbisapi.com,base,other,,false,1.0000,31,31,3,97,2026-07-12T06:10:07.343+00:00
https://orbisapi.com/proxy/ad-copy-analyzer-api-147748,orbisapi.com,base;solana:5eykt4usfv8p8njdtrepy1vzqkqzkvdp,other,,false,1.0000,62,66,3,97,2026-07-14T06:22:42.316+00:00
https://orbisapi.com/proxy/ad-copy-generator-api-810438,orbisapi.com,base,other,,false,1.0000,83,85,3,96,2026-07-16T06:39:38.623+00:00
https://orbisapi.com/proxy/ad-copy-scorer-api-469352,orbisapi.com,base,other,,false,1.0000,48,49,3,97,2026-07-17T06:17:09.791+00:00
https://orbisapi.com/proxy/ad-copy-scorer-api-b459a6,orbisapi.com,base,other,,false,1.0000,90,94,3,96,2026-07-13T07:37:22.776+00:00
https://orbisapi.com/proxy/ad-headline-generator-api-d403cf,orbisapi.com,base,other,,false,1.0000,95,165,3,95,2026-07-16T06:39:31.717+00:00
https://orbisapi.com/proxy/ad-spend-calculator-api-0aa5c4,orbisapi.com,base,other,,false,1.0000,49,53,3,97,2026-07-17T06:18:32.231+00:00
https://orbisapi.com/proxy/adaptation-cost-calculator-api-9ada8a,orbisapi.com,base,other,,false,1.0000,30,32,3,97,2026-07-12T06:12:23.304+00:00
https://orbisapi.com/proxy/adapter-pattern-guide-api-8f03dc,orbisapi.com,base,other,,false,1.0000,46,50,3,97,2026-07-15T05:49:47.909+00:00
https://orbisapi.com/proxy/adapter-pattern-guide-api-8f03dc/info,orbisapi.com,base;solana:5eykt4usfv8p8njdtrepy1vzqkqzkvdp,other,,false,1.0000,65,65,3,97,2026-07-14T06:23:02.221+00:00
https://orbisapi.com/proxy/adaptive-curriculum-api-8dcfce,orbisapi.com,base;solana:5eykt4usfv8p8njdtrepy1vzqkqzkvdp,other,,false,1.0000,69,70,3,97,2026-07-14T06:23:16.436+00:00
https://orbisapi.com/proxy/address-components-17e04c,orbisapi.com,base,other,,false,1.0000,81,81,3,97,2026-07-16T06:34:32.881+00:00
https://orbisapi.com/proxy/address-formatter-api-91b0bd,orbisapi.com,base,other,,false,1.0000,77,78,3,96,2026-07-14T06:21:20.987+00:00
https://orbisapi.com/proxy/address-normalize-2297de,orbisapi.com,base,other,,false,1.0000,82,98,3,96,2026-07-16T06:34:27.824+00:00
https://orbisapi.com/proxy/address-normalizer-api-ffb800,orbisapi.com,base,other,,false,1.0000,66,67,3,97,2026-07-14T06:20:11.352+00:00
https://orbisapi.com/proxy/address-shipping-validate-549527,orbisapi.com,base,other,,false,1.0000,81,83,3,97,2026-07-16T06:34:41.583+00:00
https://orbisapi.com/proxy/address-validate-6003f1,orbisapi.com,base,other,,false,1.0000,93,141,3,96,2026-07-16T06:34:47.392+00:00
https://orbisapi.com/proxy/address-verification-score-api-895631/classify,orbisapi.com,base;solana:5eykt4usfv8p8njdtrepy1vzqkqzkvdp,other,,false,1.0000,67,69,3,97,2026-07-14T06:23:56.444+00:00
https://orbisapi.com/proxy/address-verification-score-api-895631/score,orbisapi.com,base;solana:5eykt4usfv8p8njdtrepy1vzqkqzkvdp,other,,false,1.0000,64,70,3,97,2026-07-14T06:24:08.624+00:00
https://orbisapi.com/proxy/adhd-screening-score-api-828bf3,orbisapi.com,base,other,,false,1.0000,93,94,3,96,2026-07-13T07:39:35.99+00:00
https://orbisapi.com/proxy/adjuvant-selection-score-api-17c8bd,orbisapi.com,base,other,,false,1.0000,94,94,3,96,2026-07-13T07:39:41.911+00:00
https://orbisapi.com/proxy/admet-score-api-e33d3b,orbisapi.com,base,other,,false,1.0000,93,93,3,96,2026-07-13T07:39:46.516+00:00
https://orbisapi.com/proxy/adoption-curve-classifier-api-957a7d,orbisapi.com,base,other,,false,1.0000,31,42,3,97,2026-07-12T06:12:23.737+00:00
https://orbisapi.com/proxy/adr-calculator-api-5d6fad,orbisapi.com,base,other,,false,1.0000,91,91,3,96,2026-07-13T07:39:49.256+00:00
https://orbisapi.com/proxy/adverse-event-score-api-af84c2,orbisapi.com,base,other,,false,1.0000,90,91,3,96,2026-07-13T07:40:35.469+00:00
https://orbisapi.com/proxy/adverse-media-score-api-83e61c,orbisapi.com,base,other,,false,1.0000,91,92,3,96,2026-07-13T07:40:37.328+00:00
https://orbisapi.com/proxy/aerogel-property-score-api-892fc0,orbisapi.com,base;solana:5eykt4usfv8p8njdtrepy1vzqkqzkvdp,other,,false,1.0000,91,92,3,96,2026-07-13T07:40:42.436+00:00
https://orbisapi.com/proxy/aerogel-property-score-api-892fc0/,orbisapi.com,base;solana:5eykt4usfv8p8njdtrepy1vzqkqzkvdp,other,,false,1.0000,70,70,3,97,2026-07-14T06:24:33.585+00:00
https://orbisapi.com/proxy/affiliate-commission-calculator-api-4bb1e1,orbisapi.com,base,other,,false,1.0000,50,50,3,97,2026-07-17T06:18:29.809+00:00
https://orbisapi.com/proxy/affiliate-tracker-api-api-b41d14,orbisapi.com,base;solana:5eykt4usfv8p8njdtrepy1vzqkqzkvdp,other,,false,1.0000,50,57,3,97,2026-07-11T06:13:53.891+00:00
https://orbisapi.com/proxy/affiliate-tracker-api-b5658f,orbisapi.com,base,other,,false,1.0000,81,92,6,97,2026-07-14T06:18:21.246+00:00
https://orbisapi.com/proxy/affordability-calculator-api-221bad,orbisapi.com,base,other,,false,1.0000,31,33,3,97,2026-07-12T06:12:20.285+00:00
https://orbisapi.com/proxy/ag-sustainability-certification-score-api-873775,orbisapi.com,base,other,,false,1.0000,84,91,6,97,2026-07-14T06:18:26.479+00:00
https://orbisapi.com/proxy/ag-sustainability-certification-score-api-873775/compare,orbisapi.com,base;solana:5eykt4usfv8p8njdtrepy1vzqkqzkvdp,other,,false,1.0000,43,46,3,97,2026-07-15T05:49:21.676+00:00
https://orbisapi.com/proxy/ag-sustainability-certification-score-api-873775/parse,orbisapi.com,base;solana:5eykt4usfv8p8njdtrepy1vzqkqzkvdp,other,,false,1.0000,44,45,3,97,2026-07-15T05:49:52.884+00:00
https://orbisapi.com/proxy/age-appropriate-api-da811b,orbisapi.com,base,other,,false,1.0000,83,90,6,97,2026-07-14T06:18:35.728+00:00
https://orbisapi.com/proxy/age-appropriateness-score-api-f636aa,orbisapi.com,base,other,,false,1.0000,80,90,6,97,2026-07-14T06:18:42.767+00:00
https://orbisapi.com/proxy/age-calculator-api-852a14,orbisapi.com,base,other,,false,1.0000,72,76,3,97,2026-07-14T06:21:01.683+00:00
https://orbisapi.com/proxy/age-calculator-api-9e2de5,orbisapi.com,base,other,,false,1.0000,52,52,3,97,2026-07-17T06:15:50.207+00:00
https://orbisapi.com/proxy/age-from-dob-calculator-api-f59506,orbisapi.com,base,other,,false,1.0000,54,55,3,97,2026-07-17T06:17:20.835+00:00
https://orbisapi.com/proxy/age-of-exploration-deep-f7e68b,orbisapi.com,base,other,,false,1.0000,81,85,3,96,2026-07-16T06:39:19.906+00:00
https://orbisapi.com/proxy/age-verification-api-0da0ab,orbisapi.com,base,other,,false,1.0000,67,75,3,96,2026-07-14T06:25:51.395+00:00
https://orbisapi.com/proxy/agenda-builder-api-1ee52f,orbisapi.com,base,other,,false,1.0000,49,49,3,97,2026-07-17T06:14:34.247+00:00
https://orbisapi.com/proxy/agent-allow-list-validator-api-aff708,orbisapi.com,base,other,,false,1.0000,81,89,6,97,2026-07-14T06:18:48.18+00:00
https://orbisapi.com/proxy/agent-audit-trail-api-0cb87a/reconstruct,orbisapi.com,base;solana:5eykt4usfv8p8njdtrepy1vzqkqzkvdp,other,,false,1.0000,41,49,3,97,2026-07-15T05:49:56.18+00:00
https://orbisapi.com/proxy/agent-based-model-score-api-8322b4,orbisapi.com,base,other,,false,1.0000,33,34,3,97,2026-07-12T06:10:06.618+00:00
https://orbisapi.com/proxy/agent-chain-of-thought-api-ffffe4/score,orbisapi.com,base;solana:5eykt4usfv8p8njdtrepy1vzqkqzkvdp,other,,false,1.0000,44,46,3,97,2026-07-15T05:50:05.178+00:00
https://orbisapi.com/proxy/agent-checkpoint-save-7b2008,orbisapi.com,base,other,,false,1.0000,90,94,3,96,2026-07-16T06:34:29.014+00:00
https://orbisapi.com/proxy/agent-confidence-scorer-api-fb9dbc,orbisapi.com,base,other,,false,1.0000,91,91,3,96,2026-07-13T07:34:07.052+00:00
https://orbisapi.com/proxy/agent-config-get-207f17,orbisapi.com,base,other,,false,1.0000,87,144,3,96,2026-07-16T06:34:38.203+00:00
https://orbisapi.com/proxy/agent-context-api-fc3d9c,orbisapi.com,base,other,,false,1.0000,43,49,3,97,2026-07-15T05:49:17.371+00:00
https://orbisapi.com/proxy/agent-cost-estimator-api-04a982,orbisapi.com,base,other,,false,1.0000,69,74,3,97,2026-07-14T06:25:53.573+00:00
https://orbisapi.com/proxy/agent-data-minimization-auditor-api-b282ab/%20-%20List%20available%20endpoints%20and%20example%20usage,orbisapi.com,base;solana:5eykt4usfv8p8njdtrepy1vzqkqzkvdp,other,,false,1.0000,42,44,3,97,2026-07-15T05:50:13.344+00:00
https://orbisapi.com/proxy/agent-decision-log-api-32c8ba,orbisapi.com,base,other,,false,1.0000,44,44,3,97,2026-07-15T05:49:11.412+00:00
https://orbisapi.com/proxy/agent-delegation-chain-tracker-api-6e94db/openapi%20-%20Return%20this%20API's%20OpenAPI%203.0%20specification,orbisapi.com,base;solana:5eykt4usfv8p8njdtrepy1vzqkqzkvdp,other,,false,1.0000,45,46,3,97,2026-07-15T05:50:24.571+00:00
https://orbisapi.com/proxy/agent-error-classifier-api-e96f37,orbisapi.com,base,other,,false,1.0000,90,91,3,96,2026-07-13T07:33:42.098+00:00
https://orbisapi.com/proxy/agent-feedback-collector-api-394755,orbisapi.com,base,other,,false,1.0000,90,91,3,96,2026-07-13T07:33:54.659+00:00
https://orbisapi.com/proxy/agent-file-upload-safety-gate-api-8d794c,orbisapi.com,base,other,,false,1.0000,49,63,3,97,2026-07-11T06:13:16.283+00:00
https://orbisapi.com/proxy/agent-graph-score-api-f6c8fc,orbisapi.com,base,other,,false,1.0000,70,75,3,97,2026-07-14T06:24:01.68+00:00
https://orbisapi.com/proxy/agent-handoff-quality-score-api-a28479,orbisapi.com,base;solana:5eykt4usfv8p8njdtrepy1vzqkqzkvdp,other,,false,1.0000,43,52,3,97,2026-07-15T05:50:37.151+00:00
https://orbisapi.com/proxy/agent-health-checker-api-77761c,orbisapi.com,base,other,,false,1.0000,62,67,3,97,2026-07-14T06:20:12.701+00:00
https://orbisapi.com/proxy/agent-identity-api-914e95,orbisapi.com,base;solana:5eykt4usfv8p8njdtrepy1vzqkqzkvdp,other,,false,1.0000,42,43,3,97,2026-07-15T05:50:39.924+00:00
https://orbisapi.com/proxy/agent-kv-store-a46458,orbisapi.com,base;solana:5eykt4usfv8p8njdtrepy1vzqkqzkvdp,other,,false,1.0000,82,83,3,97,2026-07-16T06:34:34.835+00:00
https://orbisapi.com/proxy/agent-kv-store-a46458/bulk,orbisapi.com,base;solana:5eykt4usfv8p8njdtrepy1vzqkqzkvdp,other,,false,1.0000,43,48,3,97,2026-07-15T05:50:51.916+00:00
https://orbisapi.com/proxy/agent-log-store-61976e,orbisapi.com,base,other,,false,1.0000,80,80,3,97,2026-07-16T06:34:40.116+00:00
https://orbisapi.com/proxy/agent-loop-detector-api-3f4805,orbisapi.com,base,other,,false,1.0000,90,92,3,96,2026-07-13T07:34:27.959+00:00
https://orbisapi.com/proxy/agent-loop-detector-api-dc9aa5,orbisapi.com,base,other,,false,1.0000,33,36,3,97,2026-07-12T06:10:08.588+00:00
https://orbisapi.com/proxy/agent-memory-api-64f66e,orbisapi.com,base,other,,false,1.0000,43,44,3,97,2026-07-15T05:49:06.862+00:00
https://orbisapi.com/proxy/agent-memory-context-engine-dc2621,orbisapi.com,base;solana:5eykt4usfv8p8njdtrepy1vzqkqzkvdp,other,,false,1.0000,43,44,3,97,2026-07-15T05:51:05.802+00:00
https://orbisapi.com/proxy/agent-memory-formatter-api-8015bf,orbisapi.com,base,other,,false,1.0000,52,53,3,97,2026-07-17T06:13:46.129+00:00
https://orbisapi.com/proxy/agent-memory-recall-67d1f2,orbisapi.com,base,other,,false,1.0000,78,79,3,97,2026-07-16T06:34:46.12+00:00
https://orbisapi.com/proxy/agent-observability-event-schema-api-bbb705,orbisapi.com,base;solana:5eykt4usfv8p8njdtrepy1vzqkqzkvdp,other,,false,1.0000,41,46,3,97,2026-07-15T05:51:12.172+00:00
https://orbisapi.com/proxy/agent-output-parser-api-752b6a,orbisapi.com,base,other,,false,1.0000,91,92,3,96,2026-07-13T07:34:41.724+00:00
https://orbisapi.com/proxy/agent-output-validator-api-65fdab,orbisapi.com,base,other,,false,1.0000,62,67,3,97,2026-07-14T06:25:42.31+00:00
https://orbisapi.com/proxy/agent-permission-inheritance-resolver-api-59752a,orbisapi.com,base,other,,false,1.0000,80,91,6,97,2026-07-14T06:18:58.834+00:00
https://orbisapi.com/proxy/agent-persona-validator-api-27594d,orbisapi.com,base,other,,false,1.0000,49,53,3,97,2026-07-17T06:15:03.136+00:00
https://orbisapi.com/proxy/agent-scratchpad-analyzer-api-89c867,orbisapi.com,base;solana:5eykt4usfv8p8njdtrepy1vzqkqzkvdp,other,,false,1.0000,43,57,3,97,2026-07-15T05:51:07.842+00:00
https://orbisapi.com/proxy/agent-scratchpad-b16e7a,orbisapi.com,base;solana:5eykt4usfv8p8njdtrepy1vzqkqzkvdp,other,,false,1.0000,81,82,3,96,2026-07-16T06:34:30.154+00:00
https://orbisapi.com/proxy/agent-session-api-6412f2,orbisapi.com,base,other,,false,1.0000,44,48,3,97,2026-07-15T05:49:14.532+00:00
https://orbisapi.com/proxy/agent-session-manager-api-332be7,orbisapi.com,base,other,,false,1.0000,42,47,3,97,2026-07-15T05:49:12.823+00:00
https://orbisapi.com/proxy/agent-skills-routing-api-878656,orbisapi.com,base;solana:5eykt4usfv8p8njdtrepy1vzqkqzkvdp,other,,false,1.0000,45,47,3,97,2026-07-15T05:52:14.306+00:00
https://orbisapi.com/proxy/agent-state-schema-api-cedb67,orbisapi.com,base,other,,false,1.0000,89,92,3,96,2026-07-13T07:33:25.32+00:00
https://orbisapi.com/proxy/agent-state-schema-api-cedb67/parse,orbisapi.com,base;solana:5eykt4usfv8p8njdtrepy1vzqkqzkvdp,other,,false,1.0000,43,45,3,97,2026-07-15T05:52:17.526+00:00
https://orbisapi.com/proxy/agent-task-decomposer-api-c882c3,orbisapi.com,base,other,,false,1.0000,79,91,6,97,2026-07-14T06:19:03.253+00:00
https://orbisapi.com/proxy/agent-tools-api-da6a78,orbisapi.com,base,other,,false,1.0000,43,43,3,97,2026-07-15T05:49:07.053+00:00
https://orbisapi.com/proxy/agent-typed-data-hash-calculator-api-e337f5,orbisapi.com,base,other,,false,1.0000,48,52,3,97,2026-07-11T06:14:03.37+00:00
https://orbisapi.com/proxy/agent-workflow-builder-api-77e970,orbisapi.com,base,other,,false,1.0000,82,97,3,96,2026-07-16T06:39:57.063+00:00
https://orbisapi.com/proxy/aggression-index-calculator-api-8ce373,orbisapi.com,base,other,,false,1.0000,32,40,3,97,2026-07-12T06:12:23.584+00:00
https://orbisapi.com/proxy/agile-terms-glossary-api-c32b77,orbisapi.com,base,other,,false,1.0000,43,46,3,97,2026-07-15T05:49:28.696+00:00
https://orbisapi.com/proxy/agri-blockchain-score-api-477ab4,orbisapi.com,base,other,,false,1.0000,31,34,3,97,2026-07-12T06:10:07.484+00:00
https://orbisapi.com/proxy/agri-blockchain-score-api-477ab4/info,orbisapi.com,base;solana:5eykt4usfv8p8njdtrepy1vzqkqzkvdp,other,,false,1.0000,44,48,3,97,2026-07-15T05:54:40.785+00:00
https://orbisapi.com/proxy/agricultural-ai-accuracy-api-108aee,orbisapi.com,base,other,,false,1.0000,29,32,3,97,2026-07-12T06:10:08.872+00:00
https://orbisapi.com/proxy/agricultural-subsidy-checker-api-aa551c,orbisapi.com,base,other,,false,1.0000,29,32,3,97,2026-07-12T06:12:20.14+00:00
https://orbisapi.com/proxy/ai-a-b-copy-tester-api-49d8f9,orbisapi.com,base,other,,false,1.0000,79,92,6,97,2026-07-14T06:19:08.223+00:00
https://orbisapi.com/proxy/ai-agent-billing-event-reconciler-api-a9e2ab,orbisapi.com,base,other,,false,1.0000,69,70,3,97,2026-07-14T06:19:15.829+00:00
https://orbisapi.com/proxy/ai-agent-cost-budget-guard-api-356166/openapi,orbisapi.com,base;solana:5eykt4usfv8p8njdtrepy1vzqkqzkvdp,other,,false,1.0000,42,47,3,97,2026-07-15T05:57:14.958+00:00
https://orbisapi.com/proxy/ai-agent-memory-api-c5cab4,orbisapi.com,base,other,,false,1.0000,53,53,3,97,2026-07-17T06:16:25.551+00:00
https://orbisapi.com/proxy/ai-api-comparison-guide-api-7b8f09,orbisapi.com,base,other,,false,1.0000,63,75,3,97,2026-07-14T06:20:52.07+00:00
https://orbisapi.com/proxy/ai-chain-of-thought-evaluator-api-api-8204ca,orbisapi.com,base,other,,false,1.0000,47,48,3,97,2026-07-11T06:14:32.203+00:00
https://orbisapi.com/proxy/ai-confidence-calibrator-api-d3a549/analyze,orbisapi.com,base;solana:5eykt4usfv8p8njdtrepy1vzqkqzkvdp,other,,false,1.0000,78,81,3,97,2026-07-16T06:35:07.431+00:00
https://orbisapi.com/proxy/ai-content-detector-api-4fbfdc,orbisapi.com,base,other,,false,1.0000,64,69,3,97,2026-07-14T06:19:17.921+00:00
https://orbisapi.com/proxy/ai-content-tools-api-c04c8d,orbisapi.com,base,other,,false,1.0000,56,57,3,97,2026-07-17T06:13:52.893+00:00
https://orbisapi.com/proxy/ai-content-tools-api-c04c8d/openapi,orbisapi.com,base;solana:5eykt4usfv8p8njdtrepy1vzqkqzkvdp,other,,false,1.0000,81,86,3,96,2026-07-16T06:35:48.005+00:00
https://orbisapi.com/proxy/ai-context-window-manager-api-e5ec46/openapi.json,orbisapi.com,base;solana:5eykt4usfv8p8njdtrepy1vzqkqzkvdp,other,,false,1.0000,79,86,3,96,2026-07-16T06:35:56.453+00:00
https://orbisapi.com/proxy/ai-conversation-memory-api-3bcb25/api/memory/sessions,orbisapi.com,base;solana:5eykt4usfv8p8njdtrepy1vzqkqzkvdp,other,,false,1.0000,80,86,3,96,2026-07-16T06:36:20.193+00:00
https://orbisapi.com/proxy/ai-conversation-summarizer-api-240de8/lookup,orbisapi.com,base;solana:5eykt4usfv8p8njdtrepy1vzqkqzkvdp,other,,false,1.0000,78,86,3,96,2026-07-16T06:36:26.957+00:00
https://orbisapi.com/proxy/ai-cost-calculator-api-805003,orbisapi.com,base,other,,false,1.0000,72,75,3,97,2026-07-14T06:26:13.968+00:00
https://orbisapi.com/proxy/ai-cost-comparison-api-2d1e65,orbisapi.com,base,other,,false,1.0000,50,51,3,97,2026-07-17T06:18:04.017+00:00
https://orbisapi.com/proxy/ai-decision-maker-api-00f874,orbisapi.com,base,other,,false,1.0000,81,86,3,96,2026-07-16T06:40:11.066+00:00
https://orbisapi.com/proxy/ai-development-history-862d6d/info,orbisapi.com,base;solana:5eykt4usfv8p8njdtrepy1vzqkqzkvdp,other,,false,1.0000,85,87,3,96,2026-07-16T06:38:18.267+00:00
https://orbisapi.com/proxy/ai-document-chunking-optimizer-api-dce494/openapi,orbisapi.com,base;solana:5eykt4usfv8p8njdtrepy1vzqkqzkvdp,other,,false,1.0000,50,56,3,97,2026-07-11T06:17:10.426+00:00
https://orbisapi.com/proxy/ai-email-reply-generator-api-4989bd/intents,orbisapi.com,base;solana:5eykt4usfv8p8njdtrepy1vzqkqzkvdp,other,,false,1.0000,79,80,3,97,2026-07-16T06:38:31.895+00:00
https://orbisapi.com/proxy/ai-email-reply-generator-api-4989bd/tones,orbisapi.com,base;solana:5eykt4usfv8p8njdtrepy1vzqkqzkvdp,other,,false,1.0000,49,75,6,96,2026-07-12T06:09:26.727+00:00
https://orbisapi.com/proxy/ai-embedding-similarity-api-fb0660/openapi,orbisapi.com,base;solana:5eykt4usfv8p8njdtrepy1vzqkqzkvdp,other,,false,1.0000,79,84,3,97,2026-07-16T06:38:45.023+00:00
https://orbisapi.com/proxy/ai-error-explainer-debug-api-a8ef8d,orbisapi.com,base,other,,false,1.0000,73,76,3,97,2026-07-14T06:19:24.136+00:00
https://orbisapi.com/proxy/ai-error-explainer-debug-api-a8ef8d/api/classify,orbisapi.com,base;solana:5eykt4usfv8p8njdtrepy1vzqkqzkvdp,other,,false,1.0000,43,51,6,97,2026-07-12T06:09:36.64+00:00
https://orbisapi.com/proxy/ai-error-handler-api-cef68f,orbisapi.com,base,other,,false,1.0000,72,73,3,97,2026-07-14T06:26:20.56+00:00
https://orbisapi.com/proxy/ai-eval-dataset-builder-api-d16366/openapi,orbisapi.com,base;solana:5eykt4usfv8p8njdtrepy1vzqkqzkvdp,other,,false,1.0000,32,33,3,97,2026-07-12T06:09:58.763+00:00
https://orbisapi.com/proxy/ai-eval-tools-api-fde407,orbisapi.com,base,other,,false,1.0000,64,67,3,97,2026-07-14T06:26:06.113+00:00
https://orbisapi.com/proxy/ai-evaluation-benchmark-scorer-api-6d1b0d/lookup,orbisapi.com,base;solana:5eykt4usfv8p8njdtrepy1vzqkqzkvdp,other,,false,1.0000,31,36,3,97,2026-07-12T06:10:19.261+00:00
https://orbisapi.com/proxy/ai-fairness-live-api-0b37a3,orbisapi.com,base;solana:5eykt4usfv8p8njdtrepy1vzqkqzkvdp,other,,false,1.0000,33,34,3,97,2026-07-12T06:10:29.27+00:00
https://orbisapi.com/proxy/ai-feedback-loop-analyzer-api-f854c6/analyze,orbisapi.com,base;solana:5eykt4usfv8p8njdtrepy1vzqkqzkvdp,other,,false,1.0000,31,31,3,97,2026-07-12T06:10:54.425+00:00
https://orbisapi.com/proxy/ai-few-shot-example-selector-api-13fdfb/analyze,orbisapi.com,base;solana:5eykt4usfv8p8njdtrepy1vzqkqzkvdp,other,,false,1.0000,92,92,3,96,2026-07-13T07:34:44.841+00:00
https://orbisapi.com/proxy/ai-few-shot-example-selector-api-13fdfb/openapi,orbisapi.com,base;solana:5eykt4usfv8p8njdtrepy1vzqkqzkvdp,other,,false,1.0000,91,93,3,96,2026-07-13T07:35:38.675+00:00
https://orbisapi.com/proxy/ai-few-shot-example-selector-api-faef3f/lookup,orbisapi.com,base;solana:5eykt4usfv8p8njdtrepy1vzqkqzkvdp,other,,false,1.0000,89,90,3,96,2026-07-13T07:36:20.355+00:00
https://orbisapi.com/proxy/ai-few-shot-example-selector-api-faef3f/openapi,orbisapi.com,base;solana:5eykt4usfv8p8njdtrepy1vzqkqzkvdp,other,,false,1.0000,89,93,3,96,2026-07-13T07:36:35.489+00:00
https://orbisapi.com/proxy/ai-few-shot-format-enforcer-api-7ee816/analyze,orbisapi.com,base;solana:5eykt4usfv8p8njdtrepy1vzqkqzkvdp,other,,false,1.0000,88,92,3,96,2026-07-13T07:40:38.733+00:00
https://orbisapi.com/proxy/ai-few-shot-format-enforcer-api-7ee816/openapi,orbisapi.com,base;solana:5eykt4usfv8p8njdtrepy1vzqkqzkvdp,other,,false,1.0000,89,101,3,96,2026-07-16T06:39:48.51+00:00
https://orbisapi.com/proxy/ai-fine-tune-readiness-scorer-api-77c0ba/analyze,orbisapi.com,base;solana:5eykt4usfv8p8njdtrepy1vzqkqzkvdp,other,,false,1.0000,43,46,3,97,2026-07-15T05:51:54.993+00:00
https://orbisapi.com/proxy/ai-function-calling-planner-api-4a7058/openapi,orbisapi.com,base;solana:5eykt4usfv8p8njdtrepy1vzqkqzkvdp,other,,false,1.0000,91,109,3,96,2026-07-16T06:40:35.359+00:00
https://orbisapi.com/proxy/ai-grounding-verifier-api-b80f54/lookup,orbisapi.com,base;solana:5eykt4usfv8p8njdtrepy1vzqkqzkvdp,other,,false,1.0000,85,93,3,96,2026-07-16T06:35:55.242+00:00
https://orbisapi.com/proxy/ai-grounding-verifier-api-b80f54/openapi,orbisapi.com,base;solana:5eykt4usfv8p8njdtrepy1vzqkqzkvdp,other,,false,1.0000,76,81,3,97,2026-07-16T06:40:53.325+00:00
https://orbisapi.com/proxy/ai-guardrail-builder-api-f608e8/analyze,orbisapi.com,base;solana:5eykt4usfv8p8njdtrepy1vzqkqzkvdp,other,,false,1.0000,88,101,3,96,2026-07-16T06:40:14.836+00:00
https://orbisapi.com/proxy/ai-guardrail-checker-api-21ec68/analyze,orbisapi.com,base;solana:5eykt4usfv8p8njdtrepy1vzqkqzkvdp,other,,false,1.0000,91,113,3,96,2026-07-16T06:40:26.509+00:00
https://orbisapi.com/proxy/ai-guardrail-checker-api-21ec68/openapi,orbisapi.com,base;solana:5eykt4usfv8p8njdtrepy1vzqkqzkvdp,other,,false,1.0000,79,89,3,96,2026-07-16T06:40:31.783+00:00
https://orbisapi.com/proxy/ai-hallucination-detector-api-5b4657/analyze,orbisapi.com,base;solana:5eykt4usfv8p8njdtrepy1vzqkqzkvdp,other,,false,1.0000,75,86,3,96,2026-07-16T06:40:58.4+00:00
https://orbisapi.com/proxy/ai-hallucination-detector-api-5b4657/lookup,orbisapi.com,base;solana:5eykt4usfv8p8njdtrepy1vzqkqzkvdp,other,,false,1.0000,79,81,3,97,2026-07-16T06:40:39.859+00:00
https://orbisapi.com/proxy/ai-hallucination-risk-scorer-api-779e77/analyze,orbisapi.com,base;solana:5eykt4usfv8p8njdtrepy1vzqkqzkvdp,other,,false,1.0000,79,81,3,97,2026-07-16T06:41:31.35+00:00
https://orbisapi.com/proxy/ai-hallucination-risk-scorer-api-779e77/openapi,orbisapi.com,base;solana:5eykt4usfv8p8njdtrepy1vzqkqzkvdp,other,,false,1.0000,82,96,3,96,2026-07-16T06:41:45.545+00:00
https://orbisapi.com/proxy/ai-imaging-validation-score-api-8e1ba8/bulk,orbisapi.com,base;solana:5eykt4usfv8p8njdtrepy1vzqkqzkvdp,other,,false,1.0000,87,92,3,96,2026-07-16T06:41:55.977+00:00
https://orbisapi.com/proxy/ai-imaging-validation-score-api-8e1ba8/classify,orbisapi.com,base;solana:5eykt4usfv8p8njdtrepy1vzqkqzkvdp,other,,false,1.0000,80,81,3,96,2026-07-16T06:41:58.357+00:00
https://orbisapi.com/proxy/ai-imaging-validation-score-api-8e1ba8/compare,orbisapi.com,base;solana:5eykt4usfv8p8njdtrepy1vzqkqzkvdp,other,,false,1.0000,86,91,6,96,2026-07-17T06:11:18.998+00:00
https://orbisapi.com/proxy/ai-implementation-cost-roi-calculator-api-d5088f/lookup,orbisapi.com,base;solana:5eykt4usfv8p8njdtrepy1vzqkqzkvdp,other,,false,1.0000,66,85,6,97,2026-07-17T06:12:19.38+00:00
https://orbisapi.com/proxy/ai-inference-capacity-planner-api-107928/plan%20-%20Run%20AI%20inference%20capacity%20plan%20from%20submitted%20AI/ML%20workflow%20inputs,orbisapi.com,base;solana:5eykt4usfv8p8njdtrepy1vzqkqzkvdp,other,,false,1.0000,51,54,3,97,2026-07-17T06:16:20.845+00:00
https://orbisapi.com/proxy/ai-inference-optimizer-api-be1591,orbisapi.com,base,other,,false,1.0000,48,49,3,97,2026-07-17T06:17:56.312+00:00
https://orbisapi.com/proxy/ai-instruction-conflict-detector-api-3f937b/analyze,orbisapi.com,base;solana:5eykt4usfv8p8njdtrepy1vzqkqzkvdp,other,,false,1.0000,83,95,3,96,2026-07-16T06:41:19.569+00:00
https://orbisapi.com/proxy/ai-intent-router-api-41b4ff/batch,orbisapi.com,base;solana:5eykt4usfv8p8njdtrepy1vzqkqzkvdp,other,,false,1.0000,82,98,3,96,2026-07-16T06:41:37.501+00:00
https://orbisapi.com/proxy/ai-model-benchmarks-guide-api-0ee9ea,orbisapi.com,base,other,,false,1.0000,69,81,3,97,2026-07-14T06:20:32.48+00:00
https://orbisapi.com/proxy/ai-model-comparison-api-793a89,orbisapi.com,base,other,,false,1.0000,51,53,3,97,2026-07-17T06:15:02.895+00:00
https://orbisapi.com/proxy/ai-model-comparison-api-793a89/compare,orbisapi.com,base;solana:5eykt4usfv8p8njdtrepy1vzqkqzkvdp,other,,false,1.0000,65,126,6,97,2026-07-17T06:11:22.533+00:00
https://orbisapi.com/proxy/ai-model-cost-optimizer-api-323263,orbisapi.com,base,other,,false,1.0000,47,52,3,97,2026-07-17T06:18:02.088+00:00
https://orbisapi.com/proxy/ai-model-pricing-guide-api-ee27c8,orbisapi.com,base,other,,false,1.0000,43,47,3,97,2026-07-15T05:49:37.234+00:00
https://orbisapi.com/proxy/ai-model-registry-readiness-api-f7a3ce/catalog%20-%20Return%20hardcoded%20registryRequirements%20reference%20data,orbisapi.com,base;solana:5eykt4usfv8p8njdtrepy1vzqkqzkvdp,other,,false,1.0000,49,49,3,97,2026-07-17T06:14:04.465+00:00
https://orbisapi.com/proxy/ai-model-router-api-54606a/lookup,orbisapi.com,base;solana:5eykt4usfv8p8njdtrepy1vzqkqzkvdp,other,,false,1.0000,52,54,3,97,2026-07-17T06:14:12.05+00:00
https://orbisapi.com/proxy/ai-music-prompt-api-49872e,orbisapi.com,base,other,,false,1.0000,49,51,3,97,2026-07-17T06:16:13.192+00:00
https://orbisapi.com/proxy/ai-output-citation-generator-api-e86618/lookup,orbisapi.com,base;solana:5eykt4usfv8p8njdtrepy1vzqkqzkvdp,other,,false,1.0000,63,84,6,97,2026-07-17T06:12:39.537+00:00
https://orbisapi.com/proxy/ai-output-consistency-checker-api-6e0395/openapi,orbisapi.com,base;solana:5eykt4usfv8p8njdtrepy1vzqkqzkvdp,other,,false,1.0000,51,52,3,97,2026-07-17T06:14:32.761+00:00
https://orbisapi.com/proxy/ai-output-evaluator-api-d340d9/consistency_check,orbisapi.com,base;solana:5eykt4usfv8p8njdtrepy1vzqkqzkvdp,other,,false,1.0000,50,52,3,97,2026-07-17T06:14:46.025+00:00
https://orbisapi.com/proxy/ai-output-parser-api-0567fd,orbisapi.com,base,other,,false,1.0000,65,65,3,97,2026-07-14T06:26:12.591+00:00
https://orbisapi.com/proxy/ai-output-safety-api-24a0be,orbisapi.com,base;solana:5eykt4usfv8p8njdtrepy1vzqkqzkvdp,other,,false,1.0000,49,53,3,97,2026-07-17T06:15:00.699+00:00
https://orbisapi.com/proxy/ai-output-safety-api-24a0be/openapi.json,orbisapi.com,base;solana:5eykt4usfv8p8njdtrepy1vzqkqzkvdp,other,,false,1.0000,51,52,3,97,2026-07-17T06:15:19.798+00:00
https://orbisapi.com/proxy/ai-output-scorer-api-a817ec/analyze,orbisapi.com,base;solana:5eykt4usfv8p8njdtrepy1vzqkqzkvdp,other,,false,1.0000,52,55,3,97,2026-07-17T06:14:43.361+00:00
https://orbisapi.com/proxy/ai-prompt-analyzer-api-f34f74,orbisapi.com,base,other,,false,1.0000,65,65,3,97,2026-07-14T06:26:20.901+00:00
https://orbisapi.com/proxy/ai-question-answerer-api-febbb3/verify,orbisapi.com,base;solana:5eykt4usfv8p8njdtrepy1vzqkqzkvdp,other,,false,1.0000,51,54,3,97,2026-07-17T06:16:46.877+00:00
https://orbisapi.com/proxy/ai-red-team-prompt-tester-api-api-0c7afc,orbisapi.com,base,other,,false,1.0000,46,47,3,97,2026-07-11T06:14:34.653+00:00
https://orbisapi.com/proxy/ai-response-quality-scorer-api-api-b20ab6,orbisapi.com,base,other,,false,1.0000,74,74,3,97,2026-07-14T06:19:29.022+00:00
https://orbisapi.com/proxy/ai-safety-guide-api-5a2838/analyze,orbisapi.com,base;solana:5eykt4usfv8p8njdtrepy1vzqkqzkvdp,other,,false,1.0000,48,48,3,97,2026-07-11T06:12:00.329+00:00
https://orbisapi.com/proxy/ai-safety-guide-api-5a2838/openapi,orbisapi.com,base;solana:5eykt4usfv8p8njdtrepy1vzqkqzkvdp,other,,false,1.0000,48,50,3,97,2026-07-11T06:17:13.499+00:00
https://orbisapi.com/proxy/ai-task-router-api-c00b96,orbisapi.com,base,other,,false,1.0000,65,71,3,97,2026-07-14T06:26:00.886+00:00
https://orbisapi.com/proxy/ai-token-counter-text-analyzer-api-eae7f1,orbisapi.com,base,other,,false,1.0000,43,44,3,97,2026-07-15T05:49:00.308+00:00
https://orbisapi.com/proxy/ai-writing-toolkit-api-bd7f31,orbisapi.com,base,other,,false,1.0000,50,50,3,97,2026-07-17T06:16:26.906+00:00
https://orbisapi.com/proxy/air-quality-index-d45bb4,orbisapi.com,base,other,,false,1.0000,88,123,3,96,2026-07-16T06:34:37.026+00:00
https://orbisapi.com/proxy/air-quality-index-d45bb4/format,orbisapi.com,base;solana:5eykt4usfv8p8njdtrepy1vzqkqzkvdp,other,,false,1.0000,49,51,3,97,2026-07-11T06:17:11.112+00:00
https://orbisapi.com/proxy/airbnb-listings-search-api-e6177a,orbisapi.com,base,other,,false,1.0000,51,52,3,97,2026-07-17T06:17:46.614+00:00
https://orbisapi.com/proxy/airbnb-revenue-estimator-api-571613,orbisapi.com,base,other,,false,1.0000,66,69,3,97,2026-07-14T06:25:01.333+00:00
https://orbisapi.com/proxy/airbnb-revenue-estimator-api-b0028b,orbisapi.com,base,other,,false,1.0000,68,72,3,97,2026-07-14T06:25:48.037+00:00
https://orbisapi.com/proxy/aircraft-tracker-api-35e48d,orbisapi.com,base,other,,false,1.0000,51,51,3,97,2026-07-17T06:17:10.019+00:00
https://orbisapi.com/proxy/airdrop-tax-calculator-api-fdc654,orbisapi.com,base,other,,false,1.0000,64,67,3,97,2026-07-14T06:19:33.624+00:00
https://orbisapi.com/proxy/airline-lookup-f81514,orbisapi.com,base,other,,false,1.0000,86,118,3,96,2026-07-16T06:34:46.942+00:00
https://orbisapi.com/proxy/airport-code-api-1acd94,orbisapi.com,base,other,,false,1.0000,69,70,3,97,2026-07-14T06:21:19.963+00:00
https://orbisapi.com/proxy/airport-codes-api-205d7f,orbisapi.com,base,other,,false,1.0000,50,53,3,97,2026-07-17T06:15:11.525+00:00
https://orbisapi.com/proxy/airport-database-api-dc0fd2,orbisapi.com,base,other,,false,1.0000,48,49,3,97,2026-07-17T06:17:05.434+00:00
https://orbisapi.com/proxy/airport-info-lookup-52b9e2,orbisapi.com,base,other,,false,1.0000,83,86,3,96,2026-07-16T06:34:41.202+00:00
https://orbisapi.com/proxy/airworthiness-score-api-a0a0da,orbisapi.com,base,other,,false,1.0000,63,86,3,96,2026-07-14T06:25:15.334+00:00
https://orbisapi.com/proxy/alarm-priority-score-api-530ccd,orbisapi.com,base,other,,false,1.0000,31,31,3,97,2026-07-12T06:10:06.334+00:00
https://orbisapi.com/proxy/albedo-calculator-api-3a37ef,orbisapi.com,base,other,,false,1.0000,31,32,3,97,2026-07-12T06:10:09.779+00:00
https://orbisapi.com/proxy/alert-fatigue-analyzer-api-23a6c3,orbisapi.com,base,other,,false,1.0000,91,93,3,96,2026-07-13T07:39:01.347+00:00
https://orbisapi.com/proxy/alert-rule-evaluator-api-bd1a9a,orbisapi.com,base,other,,false,1.0000,65,78,3,97,2026-07-14T06:25:39.131+00:00
https://orbisapi.com/proxy/algae-guide-173cf6,orbisapi.com,base,other,,false,1.0000,81,88,3,96,2026-07-16T06:39:22.749+00:00
https://orbisapi.com/proxy/algorithm-complexity-guide-api-2f1983,orbisapi.com,base,other,,false,1.0000,41,42,3,97,2026-07-15T05:49:42.839+00:00
https://orbisapi.com/proxy/allergen-detector-api-6b646a,orbisapi.com,base,other,,false,1.0000,90,91,3,96,2026-07-13T07:33:18.061+00:00
https://orbisapi.com/proxy/allergen-detector-api-a4c97b,orbisapi.com,base,other,,false,1.0000,90,94,3,96,2026-07-13T07:37:44.602+00:00
https://orbisapi.com/proxy/allergen-guide-api-ef8d05,orbisapi.com,base,other,,false,1.0000,81,86,3,96,2026-07-16T06:40:48.918+00:00
https://orbisapi.com/proxy/alpha-signal-api-1f8d92,orbisapi.com,base,other,,false,1.0000,48,49,3,97,2026-07-11T06:12:00.099+00:00
https://orbisapi.com/proxy/alt-text-generator-api-fcee77,orbisapi.com,base,other,,false,1.0000,69,71,3,97,2026-07-14T06:19:38.645+00:00
https://orbisapi.com/proxy/alt-text-quality-score-api-cc89a5,orbisapi.com,base,other,,false,1.0000,32,32,3,97,2026-07-12T06:12:17.071+00:00
https://orbisapi.com/proxy/altcoin-prices-cdd49f,orbisapi.com,base,other,,false,1.0000,83,88,3,96,2026-07-16T06:34:33.636+00:00
https://orbisapi.com/proxy/alteration-zone-classifier-api-c87619,orbisapi.com,base,other,,false,1.0000,35,37,3,97,2026-07-12T06:10:02.376+00:00
https://orbisapi.com/proxy/altitude-acclimatization-calculator-api-bd85a0,orbisapi.com,base,other,,false,1.0000,33,36,3,97,2026-07-12T06:10:01.922+00:00
https://orbisapi.com/proxy/altitude-recipe-adjuster-api-ce4614,orbisapi.com,base,other,,false,1.0000,52,56,3,97,2026-07-17T06:13:44.143+00:00
https://orbisapi.com/proxy/amazon-product-search-api-728bc5,orbisapi.com,base,other,,false,1.0000,51,53,3,97,2026-07-17T06:17:43.321+00:00
https://orbisapi.com/proxy/amazon-reviews-ratings-api-07e7f1,orbisapi.com,base,other,,false,1.0000,49,51,3,97,2026-07-17T06:17:46.122+00:00
https://orbisapi.com/proxy/ami-data-parser-api-c029ed,orbisapi.com,base,other,,false,1.0000,33,38,3,97,2026-07-12T06:10:08.732+00:00
https://orbisapi.com/proxy/amm-price-impact-calculator-api-5fbf90,orbisapi.com,base,other,,false,1.0000,63,64,3,97,2026-07-14T06:25:26.773+00:00
https://orbisapi.com/proxy/amortization-calculator-api-537adc,orbisapi.com,base,other,,false,1.0000,30,32,3,97,2026-07-12T06:10:07.053+00:00
https://orbisapi.com/proxy/amortization-schedule-api-a1f316,orbisapi.com,base,other,,false,1.0000,59,62,3,97,2026-07-14T06:19:39.302+00:00
https://orbisapi.com/proxy/analyst-consensus-api-963406,orbisapi.com,base,other,,false,1.0000,30,30,3,97,2026-07-12T06:12:49.747+00:00
https://orbisapi.com/proxy/analytic-philosophy-bdc69a,orbisapi.com,base,other,,false,1.0000,76,84,3,97,2026-07-16T06:39:17.159+00:00
https://orbisapi.com/proxy/analytics-detector-api-adfc2b,orbisapi.com,base,other,,false,1.0000,66,69,3,97,2026-07-14T06:25:38.799+00:00
https://orbisapi.com/proxy/analytics-event-taxonomy-qa-api-9c4444,orbisapi.com,base,other,,false,1.0000,50,52,3,97,2026-07-17T06:15:03.366+00:00
https://orbisapi.com/proxy/anatomy-facts-api-b750d1,orbisapi.com,base,other,,false,1.0000,77,87,3,96,2026-07-16T06:40:42.96+00:00
https://orbisapi.com/proxy/anchor-text-analyzer-api-23add4,orbisapi.com,base,other,,false,1.0000,70,71,3,97,2026-07-14T06:19:49.929+00:00
https://orbisapi.com/proxy/ancient-andes-79f6d5,orbisapi.com,base,other,,false,1.0000,82,82,3,97,2026-07-16T06:39:14.382+00:00
https://orbisapi.com/proxy/ancient-china-history-abe345,orbisapi.com,base;solana:5eykt4usfv8p8njdtrepy1vzqkqzkvdp,other,,false,1.0000,83,88,3,96,2026-07-16T06:39:23.973+00:00
https://orbisapi.com/proxy/ancient-civilizations-api-8e89f5,orbisapi.com,base,other,,false,1.0000,52,52,3,97,2026-07-17T06:15:35.577+00:00
https://orbisapi.com/proxy/ancient-greece-deep-73f1db,orbisapi.com,base,other,,false,1.0000,82,86,3,96,2026-07-16T06:39:27.593+00:00
https://orbisapi.com/proxy/ancient-india-history-96f855,orbisapi.com,base,other,,false,1.0000,78,86,3,96,2026-07-16T06:39:18.293+00:00
https://orbisapi.com/proxy/ancient-mesoamerica-deep-ce40d5,orbisapi.com,base,other,,false,1.0000,81,86,3,96,2026-07-16T06:39:13.603+00:00
https://orbisapi.com/proxy/ancient-philosophy-164607,orbisapi.com,base,other,,false,1.0000,85,97,3,96,2026-07-16T06:39:19.528+00:00
https://orbisapi.com/proxy/ancient-philosophy-218076,orbisapi.com,base,other,,false,1.0000,50,50,3,97,2026-07-17T06:13:24.777+00:00
https://orbisapi.com/proxy/ancient-rome-deep-22f3a1,orbisapi.com,base,other,,false,1.0000,78,80,3,97,2026-07-16T06:39:11.181+00:00
https://orbisapi.com/proxy/ancient-rulers-be6278,orbisapi.com,base,other,,false,1.0000,82,83,3,97,2026-07-16T06:39:24.358+00:00
https://orbisapi.com/proxy/ancillary-revenue-calculator-api-42de17,orbisapi.com,base,other,,false,1.0000,33,35,3,97,2026-07-12T06:12:17.352+00:00
https://orbisapi.com/proxy/anesthesia-dose-calculator-api-586a0a,orbisapi.com,base,other,,false,1.0000,31,33,3,97,2026-07-12T06:12:21.188+00:00
https://orbisapi.com/proxy/angle-converter-api-c4fa49,orbisapi.com,base,other,,false,1.0000,78,85,3,96,2026-07-14T06:25:32.537+00:00
https://orbisapi.com/proxy/animal-drug-dose-calculator-api-efa533,orbisapi.com,base,other,,false,1.0000,69,71,3,97,2026-07-14T06:19:54.401+00:00
https://orbisapi.com/proxy/animal-facts-api-236b39,orbisapi.com,base,other,,false,1.0000,49,49,3,97,2026-07-17T06:16:07.179+00:00
https://orbisapi.com/proxy/animal-facts-api-c06adf,orbisapi.com,base,other,,false,1.0000,109,147,3,95,2026-07-17T06:15:14.575+00:00
https://orbisapi.com/proxy/animal-facts-api-c06adf/parse,orbisapi.com,base;solana:5eykt4usfv8p8njdtrepy1vzqkqzkvdp,other,,false,1.0000,48,50,3,97,2026-07-11T06:14:44.204+00:00
https://orbisapi.com/proxy/animal-records-347ea3,orbisapi.com,base,other,,false,1.0000,115,133,3,95,2026-07-16T06:39:19.135+00:00
https://orbisapi.com/proxy/animal-sounds-api-847db0,orbisapi.com,base,other,,false,1.0000,42,45,3,97,2026-07-15T05:49:20.412+00:00
https://orbisapi.com/proxy/animal-welfare-index-calculator-api-180bdd,orbisapi.com,base,other,,false,1.0000,66,77,3,97,2026-07-14T06:25:56.343+00:00
https://orbisapi.com/proxy/animated-films-8d8e8f,orbisapi.com,base,other,,false,1.0000,86,91,3,96,2026-07-16T06:39:13.22+00:00
https://orbisapi.com/proxy/animation-checker-api-db890d,orbisapi.com,base,other,,false,1.0000,93,95,3,96,2026-07-13T07:33:21.909+00:00
https://orbisapi.com/proxy/animation-history-api-077abc,orbisapi.com,base,other,,false,1.0000,77,79,3,97,2026-07-16T06:40:36.986+00:00
https://orbisapi.com/proxy/annuity-calculator-api-fc1d40,orbisapi.com,base,other,,false,1.0000,91,92,3,96,2026-07-13T07:37:30.835+00:00
https://orbisapi.com/proxy/annuity-payout-calculator-api-572473,orbisapi.com,base,other,,false,1.0000,32,33,3,97,2026-07-12T06:10:08.159+00:00
https://orbisapi.com/proxy/anomaly-drift-score-api-e87dae,orbisapi.com,base,other,,false,1.0000,31,31,3,97,2026-07-12T06:10:06.039+00:00
https://orbisapi.com/proxy/anomaly-flag-api-91d956,orbisapi.com,base,other,,false,1.0000,73,82,3,97,2026-07-14T06:20:04.047+00:00
https://orbisapi.com/proxy/anonymization-score-api-b77d89,orbisapi.com,base,other,,false,1.0000,31,34,3,97,2026-07-12T06:12:17.208+00:00
https://orbisapi.com/proxy/anova-calculate-api-2c3578,orbisapi.com,base,other,,false,1.0000,92,94,3,96,2026-07-13T07:36:02.01+00:00
https://orbisapi.com/proxy/anova-interpreter-api-f85242,orbisapi.com,base,other,,false,1.0000,91,92,3,96,2026-07-13T07:33:12.645+00:00
https://orbisapi.com/proxy/ant-facts-635589,orbisapi.com,base,other,,false,1.0000,86,88,3,96,2026-07-16T06:39:12.824+00:00
https://orbisapi.com/proxy/antenna-gain-calculator-api-5b7c01,orbisapi.com,base,other,,false,1.0000,31,33,3,97,2026-07-12T06:10:08.433+00:00
https://orbisapi.com/proxy/anthropic-models-guide-api-f18a43,orbisapi.com,base,other,,false,1.0000,46,46,3,97,2026-07-15T05:49:40.8+00:00
https://orbisapi.com/proxy/anthropometric-fit-score-api-dd3fdd,orbisapi.com,base,other,,false,1.0000,30,31,3,97,2026-07-12T06:10:02.512+00:00
https://orbisapi.com/proxy/antimicrobial-resistance-score-api-1f8469,orbisapi.com,base,other,,false,1.0000,32,33,3,97,2026-07-12T06:10:01.115+00:00
https://orbisapi.com/proxy/apache-license-guide-api-85eedf,orbisapi.com,base,other,,false,1.0000,90,93,3,96,2026-07-13T07:33:41.646+00:00
https://orbisapi.com/proxy/api-adoption-funnel-api-5f13ca,orbisapi.com,base,other,,false,1.0000,92,93,3,96,2026-07-13T07:38:10.068+00:00
https://orbisapi.com/proxy/api-agent-friendliness-scorer-api-7df1b5,orbisapi.com,base,other,,false,1.0000,56,154,3,95,2026-07-17T06:15:16.43+00:00
https://orbisapi.com/proxy/api-auth-method-comparator-api-66130b,orbisapi.com,base,other,,false,1.0000,46,48,3,97,2026-07-11T06:14:23.277+00:00
https://orbisapi.com/proxy/api-bundling-savings-calculator-api-c463e2,orbisapi.com,base,other,,false,1.0000,51,55,3,97,2026-07-17T06:15:08.598+00:00
https://orbisapi.com/proxy/api-caching-advisor-api-407b32,orbisapi.com,base,other,,false,1.0000,81,90,3,96,2026-07-16T06:39:57.855+00:00
https://orbisapi.com/proxy/api-call-elasticity-scorer-api-f8efa5,orbisapi.com,base,other,,false,1.0000,52,143,3,95,2026-07-11T06:14:30.957+00:00
https://orbisapi.com/proxy/api-concurrent-connection-scorer-api-203305,orbisapi.com,base,other,,false,1.0000,50,51,3,97,2026-07-17T06:15:56.419+00:00
https://orbisapi.com/proxy/api-cors-policy-scorer-api-948a18,orbisapi.com,base,other,,false,1.0000,49,50,3,97,2026-07-17T06:16:29.176+00:00
https://orbisapi.com/proxy/api-cost-optimizer-api-94ddba,orbisapi.com,base,other,,false,1.0000,88,91,3,96,2026-07-13T07:35:52.337+00:00
https://orbisapi.com/proxy/api-cost-optimizer-v2-api-9337ea,orbisapi.com,base,other,,false,1.0000,89,89,3,96,2026-07-13T07:36:05.263+00:00
https://orbisapi.com/proxy/api-cost-per-call-api-4bb2f3,orbisapi.com,base,other,,false,1.0000,52,53,3,97,2026-07-11T06:17:56.052+00:00
https://orbisapi.com/proxy/api-cost-per-thousand-calls-calculator-api-47e83a,orbisapi.com,base,other,,false,1.0000,48,52,3,97,2026-07-17T06:16:40.662+00:00
https://orbisapi.com/proxy/api-cost-sensitivity-analyzer-api-1a0a31,orbisapi.com,base,other,,false,1.0000,66,88,3,96,2026-07-14T06:26:27.792+00:00
https://orbisapi.com/proxy/api-deprecation-calculator-api-7a746a,orbisapi.com,base,other,,false,1.0000,30,31,3,97,2026-07-12T06:12:16.359+00:00
https://orbisapi.com/proxy/api-deprecation-notice-api-0020a6,orbisapi.com,base,other,,false,1.0000,89,91,3,96,2026-07-13T07:36:16.391+00:00
https://orbisapi.com/proxy/api-deprecation-planner-api-f565ef,orbisapi.com,base,other,,false,1.0000,90,92,3,96,2026-07-13T07:37:14.902+00:00
https://orbisapi.com/proxy/api-deprecation-risk-scorer-api-a375d4,orbisapi.com,base,other,,false,1.0000,70,71,3,97,2026-07-14T06:26:32.644+00:00
https://orbisapi.com/proxy/api-diff-api-b86bd6,orbisapi.com,base,other,,false,1.0000,49,51,3,97,2026-07-17T06:18:26.006+00:00
https://orbisapi.com/proxy/api-doc-quality-score-api-41f6d3,orbisapi.com,base,other,,false,1.0000,30,35,3,97,2026-07-12T06:12:21.029+00:00
https://orbisapi.com/proxy/api-docs-generator-api-eca862,orbisapi.com,base,other,,false,1.0000,68,70,3,97,2026-07-14T06:20:22.903+00:00
https://orbisapi.com/proxy/api-documentation-score-api-27d84b,orbisapi.com,base,other,,false,1.0000,49,51,3,97,2026-07-17T06:15:24.535+00:00
https://orbisapi.com/proxy/api-endpoint-validator-api-d38413,orbisapi.com,base,other,,false,1.0000,65,69,3,97,2026-07-14T06:19:35.956+00:00
https://orbisapi.com/proxy/api-error-code-coverage-scorer-api-d1449a,orbisapi.com,base,other,,false,1.0000,49,53,3,97,2026-07-17T06:17:41.453+00:00
https://orbisapi.com/proxy/api-fallback-chain-builder-api-fb438a,orbisapi.com,base,other,,false,1.0000,92,96,3,96,2026-07-13T07:36:06.202+00:00
https://orbisapi.com/proxy/api-fallback-cost-projector-api-0f5493,orbisapi.com,base,other,,false,1.0000,50,51,3,97,2026-07-17T06:15:02.373+00:00
https://orbisapi.com/proxy/api-first-score-api-b28d7c,orbisapi.com,base,other,,false,1.0000,31,33,3,97,2026-07-12T06:12:16.853+00:00
https://orbisapi.com/proxy/api-gateway-cost-calculator-api-0ee22b,orbisapi.com,base,other,,false,1.0000,89,90,3,96,2026-07-13T07:35:56.758+00:00
https://orbisapi.com/proxy/api-gateway-guide-api-5d4f2d,orbisapi.com,base,other,,false,1.0000,49,100,6,96,2026-07-12T06:09:32.319+00:00
https://orbisapi.com/proxy/api-idempotency-support-scorer-api-bf7df3,orbisapi.com,base,other,,false,1.0000,62,73,3,97,2026-07-14T06:26:36.792+00:00
https://orbisapi.com/proxy/api-key-auditor-api-21b457,orbisapi.com,base,other,,false,1.0000,67,78,3,96,2026-07-14T06:20:25.472+00:00
https://orbisapi.com/proxy/api-key-generate-api-b3c38b,orbisapi.com,base,other,,false,1.0000,64,70,3,97,2026-07-14T06:20:32.794+00:00
https://orbisapi.com/proxy/api-key-generator-api-391498,orbisapi.com,base,other,,false,1.0000,63,71,3,97,2026-07-14T06:25:42.653+00:00
https://orbisapi.com/proxy/api-key-pattern-api-664268,orbisapi.com,base,other,,false,1.0000,92,93,3,96,2026-07-13T07:33:26.261+00:00
https://orbisapi.com/proxy/api-latency-analyzer-api-1e3a96,orbisapi.com,base;solana:5eykt4usfv8p8njdtrepy1vzqkqzkvdp,other,,false,1.0000,90,90,3,96,2026-07-13T07:33:22.347+00:00
https://orbisapi.com/proxy/api-latency-benchmarker-api-7e3bfe,orbisapi.com,base,other,,false,1.0000,92,92,3,96,2026-07-13T07:36:00.102+00:00
https://orbisapi.com/proxy/api-latency-convert-45b139,orbisapi.com,base,other,,false,1.0000,62,112,6,96,2026-07-16T06:34:27.05+00:00
https://orbisapi.com/proxy/api-latency-tier-classifier-api-c28b91,orbisapi.com,base,other,,false,1.0000,49,53,3,97,2026-07-11T06:14:20.206+00:00
https://orbisapi.com/proxy/api-openapi-quality-scorer-api-da4cce,orbisapi.com,base,other,,false,1.0000,88,93,3,96,2026-07-13T07:35:57.214+00:00
https://orbisapi.com/proxy/api-orbis-listing-quality-scorer-api-4b6366,orbisapi.com,base,other,,false,1.0000,63,65,3,97,2026-07-14T06:20:56.232+00:00
https://orbisapi.com/proxy/api-pricing-calculator-api-a50fc6,orbisapi.com,base,other,,false,1.0000,72,120,6,96,2026-07-15T05:48:36.237+00:00
https://orbisapi.com/proxy/api-rate-limit-designer-api-aeef2d,orbisapi.com,base,other,,false,1.0000,67,72,3,97,2026-07-14T06:21:06.154+00:00
https://orbisapi.com/proxy/api-rate-tracker-api-51947d,orbisapi.com,base,other,,false,1.0000,49,50,3,97,2026-07-17T06:17:10.714+00:00
https://orbisapi.com/proxy/api-response-builder-api-7b3210,orbisapi.com,base,other,,false,1.0000,79,81,3,97,2026-07-16T06:39:55.535+00:00
https://orbisapi.com/proxy/api-response-normalizer-api-7d184d,orbisapi.com,base,other,,false,1.0000,92,113,3,96,2026-07-13T07:34:28.952+00:00
https://orbisapi.com/proxy/api-revenue-forecaster-api-865d25,orbisapi.com,base,other,,false,1.0000,32,33,3,97,2026-07-12T06:12:19.83+00:00
https://orbisapi.com/proxy/api-uptime-calculator-api-03e124,orbisapi.com,base,other,,false,1.0000,31,32,3,97,2026-07-12T06:10:04.316+00:00
https://orbisapi.com/proxy/apparel-pricing-calculator-api-8f5b96,orbisapi.com,base,other,,false,1.0000,30,31,3,97,2026-07-12T06:12:14.865+00:00
https://orbisapi.com/proxy/appendix-parser-api-c6545e,orbisapi.com,base,other,,false,1.0000,91,91,3,96,2026-07-13T07:33:16.994+00:00
https://orbisapi.com/proxy/applied-ethics-3a3b3c,orbisapi.com,base,other,,false,1.0000,84,87,3,96,2026-07-16T06:39:20.312+00:00
https://orbisapi.com/proxy/applied-ethics-guide-6049bf,orbisapi.com,base,other,,false,1.0000,90,95,3,96,2026-07-16T06:39:08.802+00:00
https://orbisapi.com/proxy/appointment-slot-calculator-api-251c4a,orbisapi.com,base,other,,false,1.0000,90,90,3,96,2026-07-13T07:33:13.13+00:00
https://orbisapi.com/proxy/appraisal-risk-summary-api-2ae40c,orbisapi.com,base,other,,false,1.0000,48,50,3,97,2026-07-11T06:16:44.54+00:00
https://orbisapi.com/proxy/appreciation-rate-calculator-api-bd8dc8,orbisapi.com,base,other,,false,1.0000,47,50,3,97,2026-07-11T06:17:52.236+00:00
https://orbisapi.com/proxy/aqi-calculator-api-ace297,orbisapi.com,base,other,,false,1.0000,31,31,3,97,2026-07-12T06:10:07.759+00:00
https://orbisapi.com/proxy/aquaculture-disease-risk-api-c11177,orbisapi.com,base,other,,false,1.0000,47,54,3,97,2026-07-11T06:17:54.786+00:00
https://orbisapi.com/proxy/aquaculture-yield-calculator-api-8d0ad7,orbisapi.com,base,other,,false,1.0000,30,36,3,97,2026-07-12T06:12:16.504+00:00
https://orbisapi.com/proxy/aquifer-depletion-calculator-api-9705ef,orbisapi.com,base,other,,false,1.0000,42,47,3,97,2026-07-15T05:49:18.457+00:00
https://orbisapi.com/proxy/arab-spring-history-9144a9,orbisapi.com,base,other,,false,1.0000,81,83,3,96,2026-07-16T06:39:10.416+00:00
https://orbisapi.com/proxy/arabic-loanwords-5c9d50,orbisapi.com,base,other,,false,1.0000,76,85,3,96,2026-07-16T06:39:17.532+00:00
https://orbisapi.com/proxy/arbitration-clause-analyzer-api-b2163b,orbisapi.com,base,other,,false,1.0000,90,91,3,96,2026-07-13T07:36:53.285+00:00
https://orbisapi.com/proxy/arbitration-clause-api-944196,orbisapi.com,base,other,,false,1.0000,93,93,3,96,2026-07-13T07:33:27.187+00:00
https://orbisapi.com/proxy/arbitration-cost-estimator-api-b1adad,orbisapi.com,base,other,,false,1.0000,50,52,3,97,2026-07-17T06:17:50.862+00:00
https://orbisapi.com/proxy/arbitrum-guide-api-62ca6b,orbisapi.com,base,other,,false,1.0000,51,70,6,97,2026-07-15T05:48:40.6+00:00
https://orbisapi.com/proxy/arcade-history-96a4d2,orbisapi.com,base,other,,false,1.0000,84,95,3,96,2026-07-16T06:39:13.998+00:00
https://orbisapi.com/proxy/archaeological-site-density-api-e2b3b8,orbisapi.com,base,other,,false,1.0000,50,76,6,97,2026-07-15T05:48:43.727+00:00
https://orbisapi.com/proxy/architectural-movements-4b0a76,orbisapi.com,base;solana:5eykt4usfv8p8njdtrepy1vzqkqzkvdp,other,,false,1.0000,77,78,3,97,2026-07-16T06:39:23.588+00:00
https://orbisapi.com/proxy/archive-readiness-score-api-7785f2,orbisapi.com,base,other,,false,1.0000,31,34,3,97,2026-07-12T06:10:09.638+00:00
https://orbisapi.com/proxy/arctic-geography-7912cd,orbisapi.com,base,other,,false,1.0000,82,83,3,97,2026-07-16T06:39:18.677+00:00
https://orbisapi.com/proxy/area-developer-calculator-api-eff224,orbisapi.com,base,other,,false,1.0000,30,32,3,97,2026-07-12T06:10:08.295+00:00
https://orbisapi.com/proxy/argument-detector-api-66198f,orbisapi.com,base,other,,false,1.0000,90,91,3,96,2026-07-13T07:33:08.452+00:00
https://orbisapi.com/proxy/argument-strength-api-4b79ec,orbisapi.com,base,other,,false,1.0000,92,93,3,96,2026-07-13T07:40:41.479+00:00
https://orbisapi.com/proxy/argument-structure-analyzer-api-77f20b,orbisapi.com,base,other,,false,1.0000,89,91,3,96,2026-07-13T07:33:57.823+00:00
https://orbisapi.com/proxy/argument-structures-67b9bc,orbisapi.com,base,other,,false,1.0000,89,94,3,96,2026-07-16T06:39:12.429+00:00
https://orbisapi.com/proxy/aria-label-score-api-dae955,orbisapi.com,base,other,,false,1.0000,29,31,3,97,2026-07-12T06:12:14.464+00:00
https://orbisapi.com/proxy/arm-reset-calculator-api-694248,orbisapi.com,base,other,,false,1.0000,31,36,3,97,2026-07-12T06:10:02.227+00:00
https://orbisapi.com/proxy/aromatic-herbs-108897,orbisapi.com,base,other,,false,1.0000,78,78,3,97,2026-07-16T06:39:15.137+00:00
https://orbisapi.com/proxy/aromaticity-score-api-aec0f9,orbisapi.com,base,other,,false,1.0000,30,31,3,97,2026-07-12T06:10:06.898+00:00
https://orbisapi.com/proxy/arps-calculator-api-59cdf3,orbisapi.com,base,other,,false,1.0000,30,31,3,97,2026-07-12T06:10:02.651+00:00
https://orbisapi.com/proxy/arpu-calculator-api-96a943,orbisapi.com,base,other,,false,1.0000,49,53,3,97,2026-07-11T06:17:55.016+00:00
https://orbisapi.com/proxy/arpu-calculator-api-b8b6cb,orbisapi.com,base,other,,false,1.0000,51,76,6,97,2026-07-15T05:48:46.977+00:00
https://orbisapi.com/proxy/arr-bridge-calculator-api-3a1e26,orbisapi.com,base,other,,false,1.0000,30,33,3,97,2026-07-12T06:10:09.918+00:00
https://orbisapi.com/proxy/array-utils-api-6f39e3,orbisapi.com,base,other,,false,1.0000,69,76,3,97,2026-07-14T06:20:18.976+00:00
https://orbisapi.com/proxy/arrays-guide-api-757df1,orbisapi.com,base,other,,false,1.0000,44,47,3,97,2026-07-15T05:49:45.699+00:00
https://orbisapi.com/proxy/art-movements-api-be3338,orbisapi.com,base,other,,false,1.0000,52,52,3,97,2026-07-17T06:15:29.103+00:00
https://orbisapi.com/proxy/article-quality-analyzer-api-d16cdc,orbisapi.com,base,other,,false,1.0000,79,87,3,96,2026-07-16T06:39:52.796+00:00
https://orbisapi.com/proxy/artifact-age-estimator-api-887087,orbisapi.com,base,other,,false,1.0000,46,48,3,97,2026-07-11T06:17:51.789+00:00
https://orbisapi.com/proxy/artisan-cheese-fda01d,orbisapi.com,base,other,,false,1.0000,78,81,3,97,2026-07-16T06:39:08.396+00:00
https://orbisapi.com/proxy/arxiv-search-1615a2,orbisapi.com,base,other,,false,1.0000,81,86,3,96,2026-07-16T06:34:28.207+00:00
https://orbisapi.com/proxy/aspect-oriented-programming-guide-api-663052,orbisapi.com,base,other,,false,1.0000,42,45,3,97,2026-07-15T05:49:38.352+00:00
https://orbisapi.com/proxy/assertion-mapper-api-c2f7dc,orbisapi.com,base,other,,false,1.0000,30,30,3,97,2026-07-12T06:12:19.995+00:00
https://orbisapi.com/proxy/asset-criticality-score-api-b9549a,orbisapi.com,base,other,,false,1.0000,30,31,3,97,2026-07-12T06:10:07.199+00:00
https://orbisapi.com/proxy/asset-expiry-calculator-api-9eb16f,orbisapi.com,base,other,,false,1.0000,31,31,3,97,2026-07-12T06:11:21.051+00:00
https://orbisapi.com/proxy/asset-health-index-api-eb7226,orbisapi.com,base,other,,false,1.0000,30,33,3,97,2026-07-12T06:10:04.74+00:00
https://orbisapi.com/proxy/asset-misappropriation-score-api-980dfd,orbisapi.com,base,other,,false,1.0000,31,33,3,97,2026-07-12T06:10:02.077+00:00
https://orbisapi.com/proxy/asset-roi-calculator-api-8d4ddf,orbisapi.com,base,other,,false,1.0000,31,34,3,97,2026-07-12T06:10:04.176+00:00
https://orbisapi.com/proxy/assignment-problem-score-api-301efe,orbisapi.com,base,other,,false,1.0000,64,67,3,97,2026-07-14T06:21:44.068+00:00
https://orbisapi.com/proxy/assistive-tech-compatibility-api-80eed4,orbisapi.com,base,other,,false,1.0000,47,47,3,97,2026-07-11T06:17:52.453+00:00
https://orbisapi.com/proxy/assistive-tech-compatibility-explainer-api-915a5f,orbisapi.com,base,other,,false,1.0000,42,42,3,97,2026-07-15T05:48:54.726+00:00
https://orbisapi.com/proxy/assortment-score-api-6ff0f4,orbisapi.com,base,other,,false,1.0000,93,94,3,96,2026-07-13T07:33:06.975+00:00
https://orbisapi.com/proxy/asteroid-data-api-a28be2,orbisapi.com,base,other,,false,1.0000,91,92,3,96,2026-07-13T07:33:20.527+00:00
https://orbisapi.com/proxy/astrology-houses-de2ed7,orbisapi.com,base,other,,false,1.0000,81,86,3,96,2026-07-16T06:39:15.538+00:00
https://orbisapi.com/proxy/astronomy-data-api-bd6ad4,orbisapi.com,base,other,,false,1.0000,42,42,3,97,2026-07-15T05:49:25.061+00:00
https://orbisapi.com/proxy/astronomy-terms-api-3dfdc0,orbisapi.com,base,other,,false,1.0000,79,81,3,97,2026-07-16T06:40:08.294+00:00
https://orbisapi.com/proxy/atco-workload-score-api-5c55b4,orbisapi.com,base,other,,false,1.0000,73,95,3,96,2026-07-14T06:20:34.943+00:00
https://orbisapi.com/proxy/athlete-biometric-score-api-dfab61,orbisapi.com,base,other,,false,1.0000,61,72,3,97,2026-07-14T06:21:49.409+00:00
https://orbisapi.com/proxy/athlete-recovery-planner-api-88dab2,orbisapi.com,base,other,,false,1.0000,53,67,3,97,2026-07-17T06:16:24.837+00:00
https://orbisapi.com/proxy/attack-surface-score-api-c5e9d1,orbisapi.com,base,other,,false,1.0000,48,49,3,97,2026-07-11T06:17:52.014+00:00
https://orbisapi.com/proxy/attention-map-score-api-a22f5d,orbisapi.com,base,other,,false,1.0000,32,42,3,97,2026-07-12T06:12:14.732+00:00
https://orbisapi.com/proxy/attention-science-2ac37b,orbisapi.com,base,other,,false,1.0000,76,83,3,97,2026-07-16T06:39:09.607+00:00
https://orbisapi.com/proxy/attribution-model-score-api-ed1a2a,orbisapi.com,base,other,,false,1.0000,47,48,3,97,2026-07-11T06:17:56.271+00:00
https://orbisapi.com/proxy/attrition-predictor-api-e68a6e,orbisapi.com,base,other,,false,1.0000,48,50,3,97,2026-07-17T06:18:13.308+00:00
https://orbisapi.com/proxy/attrition-risk-api-ea809a,orbisapi.com,base,other,,false,1.0000,91,93,3,96,2026-07-13T07:33:16.062+00:00
https://orbisapi.com/proxy/audio-ai-models-guide-api-819e0f,orbisapi.com,base,other,,false,1.0000,63,63,3,97,2026-07-14T06:21:52.581+00:00
https://orbisapi.com/proxy/audio-loudness-api-88e1e0,orbisapi.com,base,other,,false,1.0000,92,93,3,96,2026-07-13T07:33:12.192+00:00
https://orbisapi.com/proxy/audio-metadata-api-999623/analyze,orbisapi.com,base;solana:5eykt4usfv8p8njdtrepy1vzqkqzkvdp,other,,false,1.0000,50,52,3,97,2026-07-17T06:15:02.613+00:00
https://orbisapi.com/proxy/audio-quality-score-api-8c6bdf,orbisapi.com,base,other,,false,1.0000,48,51,3,97,2026-07-11T06:17:51.573+00:00
https://orbisapi.com/proxy/audio-speaker-count-a0386f,orbisapi.com,base,other,,false,1.0000,61,78,6,97,2026-07-16T06:34:22.229+00:00
https://orbisapi.com/proxy/audio-to-text-6a7d52,orbisapi.com,base,other,,false,1.0000,64,94,6,96,2026-07-16T06:34:13.034+00:00
https://orbisapi.com/proxy/audit-checklist-api-e3d94d,orbisapi.com,base,other,,false,1.0000,43,47,3,97,2026-07-15T05:49:23.682+00:00
https://orbisapi.com/proxy/audit-committee-score-api-1ce326,orbisapi.com,base,other,,false,1.0000,31,32,3,97,2026-07-12T06:10:00.774+00:00
https://orbisapi.com/proxy/audit-log-formatter-api-f911c8,orbisapi.com,base,other,,false,1.0000,73,73,3,97,2026-07-14T06:25:35.915+00:00
https://orbisapi.com/proxy/audit-log-parser-api-de1f68,orbisapi.com,base,other,,false,1.0000,93,93,3,96,2026-07-13T07:33:09.403+00:00
https://orbisapi.com/proxy/audit-opinion-classifier-api-5a68de,orbisapi.com,base,other,,false,1.0000,44,48,3,97,2026-07-15T05:48:56.94+00:00
https://orbisapi.com/proxy/audit-sample-size-api-bb5f58,orbisapi.com,base,other,,false,1.0000,32,38,3,97,2026-07-12T06:10:53.848+00:00
https://orbisapi.com/proxy/auth-flow-validator-api-84b53d,orbisapi.com,base,other,,false,1.0000,63,69,3,97,2026-07-14T06:19:30.454+00:00
https://orbisapi.com/proxy/authentication-guide-api-fca455,orbisapi.com,base,other,,false,1.0000,49,50,3,97,2026-07-17T06:18:16.828+00:00
https://orbisapi.com/proxy/author-royalty-calculator-api-f00591,orbisapi.com,base,other,,false,1.0000,48,48,3,97,2026-07-11T06:14:48.285+00:00
https://orbisapi.com/proxy/auto-insurance-calculator-api-17fa57,orbisapi.com,base,other,,false,1.0000,68,69,3,97,2026-07-14T06:24:24.363+00:00
https://orbisapi.com/proxy/auto-insurance-estimator-api-cd937b,orbisapi.com,base,other,,false,1.0000,92,97,3,96,2026-07-13T07:37:20.527+00:00
https://orbisapi.com/proxy/auto-loan-calculator-api-9b2dd1,orbisapi.com,base,other,,false,1.0000,44,45,3,97,2026-07-15T05:49:03.939+00:00
https://orbisapi.com/proxy/auto-scaling-guide-api-b177af,orbisapi.com,base,other,,false,1.0000,49,53,3,97,2026-07-15T05:49:57.811+00:00
https://orbisapi.com/proxy/automation-roi-calculator-api-c90819,orbisapi.com,base,other,,false,1.0000,53,53,3,97,2026-07-11T06:17:55.821+00:00
https://orbisapi.com/proxy/availability-check-59f902,orbisapi.com,base,other,,false,1.0000,63,92,6,96,2026-07-16T06:34:12.626+00:00
https://orbisapi.com/proxy/avatar-fidelity-score-api-6cd924,orbisapi.com,base,other,,false,1.0000,30,31,3,97,2026-07-12T06:09:51.364+00:00
https://orbisapi.com/proxy/aws-services-guide-api-452169,orbisapi.com,base,other,,false,1.0000,46,48,3,97,2026-07-15T05:50:09.041+00:00
https://orbisapi.com/proxy/azure-services-guide-api-920aee,orbisapi.com,base,other,,false,1.0000,44,44,3,97,2026-07-15T05:50:05.769+00:00
https://orbisapi.com/proxy/back-taxes-penalty-calculator-api-588a7f,orbisapi.com,base,other,,false,1.0000,91,92,3,96,2026-07-13T07:34:44.335+00:00
https://orbisapi.com/proxy/backer-conversion-score-api-fc3ae2,orbisapi.com,base,other,,false,1.0000,48,49,3,97,2026-07-11T06:17:49.548+00:00
https://orbisapi.com/proxy/background-removal-api-4291ed,orbisapi.com,base,other,,false,1.0000,47,48,3,97,2026-07-11T06:14:49.696+00:00
https://orbisapi.com/proxy/backlink-analyzer-api-c06545,orbisapi.com,base,other,,false,1.0000,72,72,3,97,2026-07-14T06:22:06.973+00:00
https://orbisapi.com/proxy/backtracking-guide-api-699b09,orbisapi.com,base,other,,false,1.0000,41,50,3,97,2026-07-15T05:49:51.067+00:00
https://orbisapi.com/proxy/badge-criteria-checker-api-22d99b,orbisapi.com,base,other,,false,1.0000,48,48,3,97,2026-07-11T06:17:50.443+00:00
https://orbisapi.com/proxy/baggage-fee-calculator-api-925072,orbisapi.com,base,other,,false,1.0000,92,96,3,96,2026-07-13T07:33:25.811+00:00
https://orbisapi.com/proxy/balance-score-api-51b585,orbisapi.com,base,other,,false,1.0000,47,47,3,97,2026-07-11T06:14:33.243+00:00
https://orbisapi.com/proxy/ballet-guide-8ac665,orbisapi.com,base,other,,false,1.0000,78,94,3,96,2026-07-16T06:39:12.023+00:00
https://orbisapi.com/proxy/ballroom-dancing-1c7ba1,orbisapi.com,base,other,,false,1.0000,77,84,3,96,2026-07-16T06:39:06.035+00:00
https://orbisapi.com/proxy/band-gap-calculator-api-ec7f2f,orbisapi.com,base,other,,false,1.0000,47,52,3,97,2026-07-11T06:14:53.938+00:00
https://orbisapi.com/proxy/bandwidth-calculator-api-a72204,orbisapi.com,base,other,,false,1.0000,91,94,3,96,2026-07-13T07:33:11.268+00:00
https://orbisapi.com/proxy/bantu-languages-3ac5a9,orbisapi.com,base,other,,false,1.0000,82,113,3,96,2026-07-16T06:39:06.848+00:00
https://orbisapi.com/proxy/barcode-data-api-47ded2,orbisapi.com,base,other,,false,1.0000,67,80,3,96,2026-07-14T06:26:01.573+00:00
https://orbisapi.com/proxy/barcode-decode-b1dfc6,orbisapi.com,base,other,,false,1.0000,60,88,6,96,2026-07-16T06:34:19.799+00:00
https://orbisapi.com/proxy/barcode-format-detect-d92bf4,orbisapi.com,base,other,,false,1.0000,69,79,6,97,2026-07-16T06:34:04.798+00:00
https://orbisapi.com/proxy/barcode-validate-fe07ae,orbisapi.com,base,other,,false,1.0000,75,120,6,96,2026-07-16T06:34:08.255+00:00
https://orbisapi.com/proxy/base-network-guide-api-007696,orbisapi.com,base,other,,false,1.0000,47,52,3,97,2026-07-15T05:49:04.499+00:00
https://orbisapi.com/proxy/base64-decoder-api-a2d1e0,orbisapi.com,base,other,,false,1.0000,51,74,3,96,2026-07-15T05:51:32.11+00:00
https://orbisapi.com/proxy/base64-encoder-api-a671d4,orbisapi.com,base,other,,false,1.0000,49,51,3,97,2026-07-17T06:15:50.441+00:00
https://orbisapi.com/proxy/basis-points-convert-b5a6d4,orbisapi.com,base,other,,false,1.0000,69,83,6,97,2026-07-16T06:34:07.305+00:00
https://orbisapi.com/proxy/basket-size-calculator-api-46a0b5,orbisapi.com,base,other,,false,1.0000,89,90,3,96,2026-07-13T07:33:08.939+00:00
https://orbisapi.com/proxy/basket-trial-score-api-6c7061,orbisapi.com,base,other,,false,1.0000,32,34,3,97,2026-07-12T06:09:57.761+00:00
https://orbisapi.com/proxy/basketball-terms-api-f1d4ef,orbisapi.com,base,other,,false,1.0000,120,129,3,95,2026-07-16T06:40:26.088+00:00
https://orbisapi.com/proxy/batch-processor-api-e95eb0,orbisapi.com,base,other,,false,1.0000,80,80,3,97,2026-07-16T06:41:01.638+00:00
https://orbisapi.com/proxy/batch-processor-helper-api-b731b3,orbisapi.com,base,other,,false,1.0000,93,93,3,96,2026-07-13T07:33:59.043+00:00
https://orbisapi.com/proxy/batch-size-calculator-api-f7056f,orbisapi.com,base,other,,false,1.0000,31,33,3,97,2026-07-12T06:09:51.787+00:00
https://orbisapi.com/proxy/battery-life-calculator-api-47a585,orbisapi.com,base,other,,false,1.0000,90,94,3,96,2026-07-13T07:33:18.521+00:00
https://orbisapi.com/proxy/bayesian-updater-api-9b4f03,orbisapi.com,base,other,,false,1.0000,93,285,3,95,2026-07-13T07:33:27.858+00:00
https://orbisapi.com/proxy/bci-accuracy-score-api-2ece9b,orbisapi.com,base,other,,false,1.0000,32,34,3,97,2026-07-12T06:09:56.193+00:00
https://orbisapi.com/proxy/bcp-readiness-score-api-759b72,orbisapi.com,base,other,,false,1.0000,32,33,3,97,2026-07-12T06:09:58.041+00:00
https://orbisapi.com/proxy/bcrypt-hash-api-41708a,orbisapi.com,base,other,,false,1.0000,50,50,3,97,2026-07-17T06:18:45.421+00:00
https://orbisapi.com/proxy/bdd-guide-api-f8022c,orbisapi.com,base,other,,false,1.0000,43,50,3,97,2026-07-15T05:49:46.27+00:00
https://orbisapi.com/proxy/beacon-distance-calculator-api-bcf711,orbisapi.com,base,other,,false,1.0000,45,50,3,97,2026-07-17T06:18:32.003+00:00
https://orbisapi.com/proxy/bearing-life-calculator-api-6c07ab,orbisapi.com,base,other,,false,1.0000,30,33,3,97,2026-07-12T06:10:00.952+00:00
https://orbisapi.com/proxy/bed-occupancy-calculator-api-9efe8b,orbisapi.com,base,other,,false,1.0000,89,90,3,96,2026-07-13T07:33:15.609+00:00
https://orbisapi.com/proxy/bee-facts-77f719,orbisapi.com,base,other,,false,1.0000,81,83,3,96,2026-07-16T06:39:10.8+00:00
https://orbisapi.com/proxy/beer-styles-26a2e4,orbisapi.com,base,other,,false,1.0000,78,78,3,97,2026-07-16T06:38:59.164+00:00
https://orbisapi.com/proxy/behavior-anomaly-detect-94b52a,orbisapi.com,base,other,,false,1.0000,76,163,6,94,2026-07-16T06:34:04.038+00:00
https://orbisapi.com/proxy/behavioral-finance-guide-8066e0/search,orbisapi.com,base;solana:5eykt4usfv8p8njdtrepy1vzqkqzkvdp,other,,false,1.0000,47,48,3,97,2026-07-11T06:11:50.309+00:00
https://orbisapi.com/proxy/behavioral-patterns-guide-api-56724a,orbisapi.com,base,other,,false,1.0000,42,43,3,97,2026-07-15T05:49:46.084+00:00
https://orbisapi.com/proxy/benchmark-alignment-score-api-de39aa,orbisapi.com,base,other,,false,1.0000,91,94,3,96,2026-07-13T07:36:45.024+00:00
https://orbisapi.com/proxy/benchmark-dataset-curator-api-f0e091,orbisapi.com,base,other,,false,1.0000,50,51,3,97,2026-07-11T06:13:09.489+00:00
https://orbisapi.com/proxy/benefit-utilization-calculator-api-9ef24d,orbisapi.com,base,other,,false,1.0000,87,89,3,96,2026-07-13T07:36:22.289+00:00
https://orbisapi.com/proxy/benefits-comparison-api-8e61ec,orbisapi.com,base,other,,false,1.0000,89,90,3,96,2026-07-13T07:33:14.669+00:00
https://orbisapi.com/proxy/benefits-cost-calculator-api-051b2e,orbisapi.com,base,other,,false,1.0000,50,57,3,97,2026-07-17T06:18:16.597+00:00
https://orbisapi.com/proxy/benefits-cost-calculator-api-a04693,orbisapi.com,base,other,,false,1.0000,41,44,3,97,2026-07-15T05:49:43.931+00:00
https://orbisapi.com/proxy/benefits-optimizer-api-ad8a8e,orbisapi.com,base,other,,false,1.0000,80,92,6,97,2026-07-14T06:18:09.042+00:00
https://orbisapi.com/proxy/benfords-law-score-api-2b89e5,orbisapi.com,base,other,,false,1.0000,30,32,3,97,2026-07-12T06:09:51.513+00:00
https://orbisapi.com/proxy/bet-return-calculator-api-c3ec3b,orbisapi.com,base,other,,false,1.0000,42,52,6,97,2026-07-12T06:09:36.498+00:00
https://orbisapi.com/proxy/beta-calculator-api-afc5dc,orbisapi.com,base,other,,false,1.0000,89,92,3,96,2026-07-13T07:33:24.875+00:00
https://orbisapi.com/proxy/bgp-path-analyzer-api-cbffd8,orbisapi.com,base,other,,false,1.0000,92,93,3,96,2026-07-13T07:33:20.987+00:00
https://orbisapi.com/proxy/bias-detector-api-17b324,orbisapi.com,base,other,,false,1.0000,89,92,3,96,2026-07-13T07:40:41.007+00:00
https://orbisapi.com/proxy/bias-signal-detector-api-45399e,orbisapi.com,base,other,,false,1.0000,88,91,3,96,2026-07-13T07:33:08.001+00:00
https://orbisapi.com/proxy/bid-ask-spread-f5b52b,orbisapi.com,base,other,,false,1.0000,64,88,6,96,2026-07-16T06:34:21.031+00:00
https://orbisapi.com/proxy/bidder-analysis-score-api-f54071,orbisapi.com,base,other,,false,1.0000,32,33,3,97,2026-07-12T06:09:56.338+00:00
https://orbisapi.com/proxy/big-o-classifier-api-96981c,orbisapi.com,base,other,,false,1.0000,93,96,3,96,2026-07-13T07:33:16.538+00:00
https://orbisapi.com/proxy/bill-of-materials-650f2c,orbisapi.com,base,other,,false,1.0000,70,88,6,96,2026-07-16T06:34:16.526+00:00
https://orbisapi.com/proxy/billboard-charts-api-1352c5,orbisapi.com,base,other,,false,1.0000,51,52,3,97,2026-07-17T06:17:01.083+00:00
https://orbisapi.com/proxy/billing-failure-score-api-690194,orbisapi.com,base,other,,false,1.0000,30,33,3,97,2026-07-12T06:09:50.374+00:00
https://orbisapi.com/proxy/bin-card-lookup-api-afc9bb,orbisapi.com,base;solana:5eykt4usfv8p8njdtrepy1vzqkqzkvdp,other,,false,1.0000,46,46,3,97,2026-07-11T06:14:52.755+00:00
https://orbisapi.com/proxy/binary-converter-api-0c8536,orbisapi.com,base,other,,false,1.0000,47,48,3,97,2026-07-17T06:15:53.462+00:00
https://orbisapi.com/proxy/binary-file-info-41a343,orbisapi.com,base;solana:5eykt4usfv8p8njdtrepy1vzqkqzkvdp,other,,false,1.0000,47,49,3,97,2026-07-11T06:17:08.261+00:00
https://orbisapi.com/proxy/binding-affinity-calculator-api-c03c78,orbisapi.com,base,other,,false,1.0000,32,35,3,97,2026-07-12T06:09:58.186+00:00
https://orbisapi.com/proxy/binomial-distribution-02c7a4,orbisapi.com,base,other,,false,1.0000,63,92,6,96,2026-07-16T06:34:20.208+00:00
https://orbisapi.com/proxy/binomial-tree-calculator-api-4ae0d5,orbisapi.com,base,other,,false,1.0000,90,94,3,96,2026-07-13T07:32:27.754+00:00
https://orbisapi.com/proxy/bioavailability-score-api-307010/score,orbisapi.com,base;solana:5eykt4usfv8p8njdtrepy1vzqkqzkvdp,other,,false,1.0000,46,48,3,97,2026-07-11T06:18:14.523+00:00
https://orbisapi.com/proxy/biobased-content-score-api-4fec5b,orbisapi.com,base,other,,false,1.0000,31,32,3,97,2026-07-12T06:09:59.324+00:00
https://orbisapi.com/proxy/biodiversity-finance-score-api-75ce61/score,orbisapi.com,base;solana:5eykt4usfv8p8njdtrepy1vzqkqzkvdp,other,,false,1.0000,32,32,3,97,2026-07-12T06:10:37.103+00:00
https://orbisapi.com/proxy/biodiversity-index-api-9194d0,orbisapi.com,base,other,,false,1.0000,89,93,3,96,2026-07-13T07:33:26.712+00:00
https://orbisapi.com/proxy/biodiversity-index-c6d9df,orbisapi.com,base,other,,false,1.0000,68,139,6,96,2026-07-16T06:34:21.489+00:00
https://orbisapi.com/proxy/bioethics-guide-67161b,orbisapi.com,base,other,,false,1.0000,85,85,3,96,2026-07-16T06:39:08.022+00:00
https://orbisapi.com/proxy/biofouling-impact-calculator-api-717376/compare,orbisapi.com,base;solana:5eykt4usfv8p8njdtrepy1vzqkqzkvdp,other,,false,1.0000,90,92,3,96,2026-07-13T07:33:32.31+00:00
https://orbisapi.com/proxy/biofuel-yield-calculator-api-a883ed,orbisapi.com,base,other,,false,1.0000,32,32,3,97,2026-07-12T06:09:51.931+00:00
https://orbisapi.com/proxy/biogas-potential-calculator-api-d8080a,orbisapi.com,base,other,,false,1.0000,33,38,3,97,2026-07-12T06:09:55.655+00:00
https://orbisapi.com/proxy/biogas-potential-calculator-api-d8080a/parse,orbisapi.com,base;solana:5eykt4usfv8p8njdtrepy1vzqkqzkvdp,other,,false,1.0000,90,91,3,96,2026-07-13T07:34:08.402+00:00
https://orbisapi.com/proxy/bioinformatics-api-0ae60f,orbisapi.com,base;solana:5eykt4usfv8p8njdtrepy1vzqkqzkvdp,other,,false,1.0000,90,90,3,96,2026-07-13T07:39:12.736+00:00
https://orbisapi.com/proxy/biological-age-calculator-api-a4de42,orbisapi.com,base,other,,false,1.0000,31,34,3,97,2026-07-12T06:10:00.626+00:00
https://orbisapi.com/proxy/biological-age-calculator-api-a4de42/describe,orbisapi.com,base;solana:5eykt4usfv8p8njdtrepy1vzqkqzkvdp,other,,false,1.0000,90,90,3,96,2026-07-13T07:39:36.93+00:00
https://orbisapi.com/proxy/biology-reference-data-api-8ab0a4,orbisapi.com,base,other,,false,1.0000,78,81,3,97,2026-07-16T06:39:49.649+00:00
https://orbisapi.com/proxy/biomarker-reference-api-85614f,orbisapi.com,base;solana:5eykt4usfv8p8njdtrepy1vzqkqzkvdp,other,,false,1.0000,65,70,3,97,2026-07-14T06:24:19.041+00:00
https://orbisapi.com/proxy/biomarker-selection-score-api-575e7f,orbisapi.com,base;solana:5eykt4usfv8p8njdtrepy1vzqkqzkvdp,other,,false,1.0000,35,36,3,97,2026-07-12T06:09:49.335+00:00
https://orbisapi.com/proxy/bioreactor-kla-calculator-api-d7b5ce,orbisapi.com,base,other,,false,1.0000,50,98,6,95,2026-07-12T06:09:35.923+00:00
https://orbisapi.com/proxy/bipolar-disorder-detection-score-api-cb3912,orbisapi.com,base,other,,false,1.0000,89,89,3,96,2026-07-13T07:36:14.506+00:00
https://orbisapi.com/proxy/bipolar-disorder-detection-score-api-cb3912/analyze,orbisapi.com,base;solana:5eykt4usfv8p8njdtrepy1vzqkqzkvdp,other,,false,1.0000,48,53,3,97,2026-07-15T05:49:26.543+00:00
https://orbisapi.com/proxy/bird-database-api-da0dcf,orbisapi.com,base,other,,false,1.0000,50,53,3,97,2026-07-17T06:15:58.833+00:00
https://orbisapi.com/proxy/bird-database-api-da0dcf/info,orbisapi.com,base;solana:5eykt4usfv8p8njdtrepy1vzqkqzkvdp,other,,false,1.0000,43,45,3,97,2026-07-15T05:50:41.755+00:00
https://orbisapi.com/proxy/bird-species-api-28511d,orbisapi.com,base;solana:5eykt4usfv8p8njdtrepy1vzqkqzkvdp,other,,false,1.0000,42,44,3,97,2026-07-15T05:51:59.309+00:00
https://orbisapi.com/proxy/birth-year-estimator-api-7ae320,orbisapi.com,base,other,,false,1.0000,87,91,3,96,2026-07-13T07:32:02.146+00:00
https://orbisapi.com/proxy/birthstones-guide-2686b5,orbisapi.com,base,other,,false,1.0000,82,82,3,97,2026-07-16T06:39:10.006+00:00
https://orbisapi.com/proxy/bitcoin-wallet-validator-api-9e9267,orbisapi.com,base,other,,false,1.0000,50,53,3,97,2026-07-17T06:13:49.46+00:00
https://orbisapi.com/proxy/bitwise-calculator-api-c3ba82,orbisapi.com,base,other,,false,1.0000,70,80,3,97,2026-07-14T06:25:33.575+00:00
https://orbisapi.com/proxy/bjj-guide-a1a348,orbisapi.com,base,other,,false,1.0000,87,98,3,96,2026-07-16T06:38:55.293+00:00
https://orbisapi.com/proxy/black-death-history-c64fa5,orbisapi.com,base,other,,false,1.0000,78,82,3,97,2026-07-16T06:39:05.654+00:00
https://orbisapi.com/proxy/black-hole-facts-2b6939,orbisapi.com,base,other,,false,1.0000,51,53,3,97,2026-07-17T06:13:17.411+00:00
https://orbisapi.com/proxy/black-hole-facts-2b6939/random,orbisapi.com,base;solana:5eykt4usfv8p8njdtrepy1vzqkqzkvdp,other,,false,1.0000,61,116,6,96,2026-07-16T06:33:44.583+00:00
https://orbisapi.com/proxy/block-time-calculator-api-22c625,orbisapi.com,base,other,,false,1.0000,71,76,3,96,2026-07-14T06:25:19.309+00:00
https://orbisapi.com/proxy/blockchain-bootcamps-api-6fe67d,orbisapi.com,base,other,,false,1.0000,41,44,3,97,2026-07-15T05:49:52.485+00:00
https://orbisapi.com/proxy/blockchain-careers-api-73b262,orbisapi.com,base,other,,false,1.0000,43,47,3,97,2026-07-15T05:49:54.545+00:00
https://orbisapi.com/proxy/blockchain-certifications-api-cafe87,orbisapi.com,base,other,,false,1.0000,43,50,3,97,2026-07-15T05:49:25.256+00:00
https://orbisapi.com/proxy/blockchain-data-api-92cf0a,orbisapi.com,base,other,,false,1.0000,43,44,3,97,2026-07-15T05:49:08.295+00:00
https://orbisapi.com/proxy/blockchain-data-fetcher-api-d18964,orbisapi.com,base,other,,false,1.0000,43,46,3,97,2026-07-15T05:50:00.403+00:00
https://orbisapi.com/proxy/blockchain-explorer-guide-api-cbf0a9,orbisapi.com,base,other,,false,1.0000,44,46,3,97,2026-07-15T05:50:11.527+00:00
https://orbisapi.com/proxy/blockchain-health-monitor-api-31cf0e,orbisapi.com,base,other,,false,1.0000,42,46,3,97,2026-07-15T05:50:15.306+00:00
https://orbisapi.com/proxy/blockchain-integration-api-36d9ad,orbisapi.com,base,other,,false,1.0000,64,69,3,97,2026-07-14T06:26:35.456+00:00
https://orbisapi.com/proxy/blockchain-network-guide-api-ede71e,orbisapi.com,base,other,,false,1.0000,85,89,3,96,2026-07-16T06:34:51.842+00:00
https://orbisapi.com/proxy/blockchain-network-status-api-e15824,orbisapi.com,base,other,,false,1.0000,61,123,6,96,2026-07-15T05:48:34.824+00:00
https://orbisapi.com/proxy/blog-intro-analyzer-api-612301,orbisapi.com,base,other,,false,1.0000,84,89,3,96,2026-07-16T06:39:40.984+00:00
https://orbisapi.com/proxy/blood-alcohol-calculator-api-f1d5e6,orbisapi.com,base,other,,false,1.0000,47,52,3,97,2026-07-17T06:15:53.241+00:00
https://orbisapi.com/proxy/blood-flow-calculator-api-50cd64,orbisapi.com,base,other,,false,1.0000,30,31,3,97,2026-07-12T06:09:59.471+00:00
https://orbisapi.com/proxy/bloodstain-pattern-classifier-api-e280c1,orbisapi.com,base,other,,false,1.0000,34,35,3,97,2026-07-12T06:09:58.622+00:00
https://orbisapi.com/proxy/bloom-filters-guide-api-a68b77,orbisapi.com,base,other,,false,1.0000,42,46,3,97,2026-07-15T05:50:18.535+00:00
https://orbisapi.com/proxy/bloom-taxonomy-classifier-api-bf4616,orbisapi.com,base,other,,false,1.0000,70,71,3,97,2026-07-14T06:25:24.8+00:00
https://orbisapi.com/proxy/bloom-taxonomy-classifier-api-e9fa7d,orbisapi.com,base,other,,false,1.0000,90,90,3,96,2026-07-13T07:38:01.745+00:00
https://orbisapi.com/proxy/blooms-taxonomy-classifier-api-0da203,orbisapi.com,base,other,,false,1.0000,91,91,3,96,2026-07-13T07:33:14.212+00:00
https://orbisapi.com/proxy/bmi-bmr-calculator-api-9c245b,orbisapi.com,base,other,,false,1.0000,50,51,3,97,2026-07-11T06:14:57.439+00:00
https://orbisapi.com/proxy/bmi-calculator-api-889b79,orbisapi.com,base,other,,false,1.0000,76,80,3,97,2026-07-16T06:40:05.993+00:00
https://orbisapi.com/proxy/bmi-calculator-api-c8ff67,orbisapi.com,base,other,,false,1.0000,50,52,3,97,2026-07-17T06:15:51.836+00:00
https://orbisapi.com/proxy/bmi-category-api-c82d34,orbisapi.com,base,other,,false,1.0000,90,92,3,96,2026-07-13T07:33:22.804+00:00
https://orbisapi.com/proxy/bmr-calculator-api-e487f5,orbisapi.com,base,other,,false,1.0000,89,92,3,96,2026-07-13T07:33:19.431+00:00
https://orbisapi.com/proxy/bmr-calculator-api-ec020a,orbisapi.com,base,other,,false,1.0000,50,56,3,97,2026-07-17T06:15:51.156+00:00
https://orbisapi.com/proxy/bnb-price-tracker-api-a7efb3,orbisapi.com,base,other,,false,1.0000,49,52,3,97,2026-07-17T06:13:45.632+00:00
https://orbisapi.com/proxy/board-diversity-score-api-0d54aa,orbisapi.com,base,other,,false,1.0000,31,32,3,97,2026-07-12T06:09:50.811+00:00
https://orbisapi.com/proxy/body-fat-calculator-api-d0c977,orbisapi.com,base,other,,false,1.0000,49,54,3,97,2026-07-17T06:15:51.606+00:00
https://orbisapi.com/proxy/body-fat-estimator-api-0d3de9,orbisapi.com,base,other,,false,1.0000,65,70,3,97,2026-07-14T06:25:18.603+00:00
https://orbisapi.com/proxy/body-language-c820ec,orbisapi.com,base,other,,false,1.0000,80,110,3,96,2026-07-16T06:38:53.704+00:00
https://orbisapi.com/proxy/boilerplate-detector-api-6febd7,orbisapi.com,base,other,,false,1.0000,91,92,3,96,2026-07-13T07:33:10.794+00:00
https://orbisapi.com/proxy/bom-parser-api-cf0226,orbisapi.com,base,other,,false,1.0000,89,93,3,96,2026-07-13T07:33:29.271+00:00
https://orbisapi.com/proxy/bond-sizing-calculator-api-01a7bb,orbisapi.com,base,other,,false,1.0000,91,93,3,96,2026-07-13T07:36:06.667+00:00
https://orbisapi.com/proxy/bond-yield-calculator-api-0e23c5,orbisapi.com,base,other,,false,1.0000,44,49,3,97,2026-07-15T05:49:27.284+00:00
https://orbisapi.com/proxy/bond-yield-calculator-api-e044c6,orbisapi.com,base,other,,false,1.0000,90,90,3,96,2026-07-13T07:33:24.256+00:00
https://orbisapi.com/proxy/booking-com-hotels-api-1295a2,orbisapi.com,base,other,,false,1.0000,48,50,3,97,2026-07-17T06:17:35.773+00:00
https://orbisapi.com/proxy/bootcamp-value-score-api-bc129f,orbisapi.com,base,other,,false,1.0000,34,36,3,97,2026-07-12T06:09:55.369+00:00
https://orbisapi.com/proxy/bootloader-security-score-api-032935,orbisapi.com,base,other,,false,1.0000,30,31,3,97,2026-07-12T06:09:52.342+00:00
https://orbisapi.com/proxy/bootstrap-sample-23a8c1,orbisapi.com,base,other,,false,1.0000,63,89,6,96,2026-07-16T06:34:12.229+00:00
https://orbisapi.com/proxy/bounding-box-api-2525b5,orbisapi.com,base,other,,false,1.0000,93,93,3,96,2026-07-13T07:33:10.326+00:00
https://orbisapi.com/proxy/bounding-box-calculator-api-574665,orbisapi.com,base,other,,false,1.0000,42,46,3,97,2026-07-15T05:50:20.686+00:00
https://orbisapi.com/proxy/box-office-calculator-api-441641,orbisapi.com,base,other,,false,1.0000,49,49,3,97,2026-07-11T06:15:01.355+00:00
https://orbisapi.com/proxy/boxing-techniques-25fbd9,orbisapi.com,base,other,,false,1.0000,79,84,3,97,2026-07-16T06:39:00.31+00:00
https://orbisapi.com/proxy/bpm-calculator-api-6ab412,orbisapi.com,base,other,,false,1.0000,56,63,3,97,2026-07-17T06:16:04.855+00:00
https://orbisapi.com/proxy/bpm-detector-api-94ace0,orbisapi.com,base,other,,false,1.0000,93,94,3,96,2026-07-13T07:33:18.97+00:00
https://orbisapi.com/proxy/brain-age-calculator-api-9e5e5b,orbisapi.com,base,other,,false,1.0000,33,33,3,97,2026-07-12T06:09:52.07+00:00
https://orbisapi.com/proxy/brand-asset-compliance-score-api-6f1ffc,orbisapi.com,base,other,,false,1.0000,30,33,3,97,2026-07-12T06:09:57.898+00:00
https://orbisapi.com/proxy/brand-lookup-8438b3,orbisapi.com,base,other,,false,1.0000,77,80,6,97,2026-07-16T06:34:10.295+00:00
https://orbisapi.com/proxy/brand-name-origins-53a7bb,orbisapi.com,base,other,,false,1.0000,80,85,3,96,2026-07-16T06:38:58.794+00:00
https://orbisapi.com/proxy/brand-standard-score-api-5e62e5,orbisapi.com,base,other,,false,1.0000,33,33,3,97,2026-07-12T06:09:55.51+00:00
https://orbisapi.com/proxy/brand-voice-analyzer-api-473864,orbisapi.com,base,other,,false,1.0000,90,91,3,96,2026-07-13T07:37:05.753+00:00
https://orbisapi.com/proxy/brand-voice-analyzer-api-508e41,orbisapi.com,base,other,,false,1.0000,65,72,3,97,2026-07-14T06:22:46.789+00:00
https://orbisapi.com/proxy/brand-voice-analyzer-api-acffa6,orbisapi.com,base,other,,false,1.0000,78,119,3,96,2026-07-16T06:34:44.616+00:00
https://orbisapi.com/proxy/brand-voice-score-api-11d1a8,orbisapi.com,base,other,,false,1.0000,88,90,3,96,2026-07-13T07:33:15.157+00:00
https://orbisapi.com/proxy/breach-severity-score-api-56b4eb,orbisapi.com,base,other,,false,1.0000,34,34,3,97,2026-07-12T06:09:50.95+00:00
https://orbisapi.com/proxy/break-even-analyzer-api-841b75,orbisapi.com,base,other,,false,1.0000,63,69,3,97,2026-07-14T06:22:52.524+00:00
https://orbisapi.com/proxy/break-even-calculator-api-e98e30,orbisapi.com,base,other,,false,1.0000,71,72,3,97,2026-07-14T06:25:25.494+00:00
https://orbisapi.com/proxy/breakwater-design-score-api-e00c0c,orbisapi.com,base,other,,false,1.0000,45,46,3,97,2026-07-15T05:50:23.313+00:00
https://orbisapi.com/proxy/breathing-exercises-06e8c5,orbisapi.com,base,other,,false,1.0000,93,106,3,96,2026-07-16T06:39:09.228+00:00
https://orbisapi.com/proxy/brewing-process-b83d55,orbisapi.com,base,other,,false,1.0000,85,89,3,96,2026-07-16T06:38:57.619+00:00
https://orbisapi.com/proxy/bridge-risk-assessor-api-489716,orbisapi.com,base,other,,false,1.0000,90,90,3,96,2026-07-13T07:40:07.707+00:00
https://orbisapi.com/proxy/bridge-security-api-100662,orbisapi.com,base,other,,false,1.0000,42,43,3,97,2026-07-15T05:49:15.409+00:00
https://orbisapi.com/proxy/brownfield-redevelopment-score-api-d059d9/info,orbisapi.com,base;solana:5eykt4usfv8p8njdtrepy1vzqkqzkvdp,other,,false,1.0000,82,88,3,96,2026-07-16T06:35:49.159+00:00
https://orbisapi.com/proxy/browser-apis-guide-api-a3e0c5,orbisapi.com,base,other,,false,1.0000,89,92,3,96,2026-07-13T07:33:54.194+00:00
https://orbisapi.com/proxy/browser-compatibility-guide-api-03b6f5,orbisapi.com,base,other,,false,1.0000,90,90,3,96,2026-07-13T07:33:43.934+00:00
https://orbisapi.com/proxy/brrrr-strategy-analyzer-api-fdab62,orbisapi.com,base,other,,false,1.0000,88,90,3,96,2026-07-13T07:36:15.449+00:00
https://orbisapi.com/proxy/brute-force-detector-api-c8886a,orbisapi.com,base,other,,false,1.0000,64,65,3,97,2026-07-14T06:24:31.481+00:00
https://orbisapi.com/proxy/bsd-license-guide-api-8bea97,orbisapi.com,base,other,,false,1.0000,43,48,3,97,2026-07-15T05:49:33.497+00:00
https://orbisapi.com/proxy/btc-address-validator-api-f26ec0,orbisapi.com,base,other,,false,1.0000,70,86,3,96,2026-07-14T06:25:14.752+00:00
https://orbisapi.com/proxy/btc-price-tracker-api-778f87,orbisapi.com,base,other,,false,1.0000,51,52,3,97,2026-07-17T06:13:49.229+00:00
https://orbisapi.com/proxy/btc-usd-rate-09d755,orbisapi.com,base,other,,false,1.0000,66,136,6,96,2026-07-16T06:34:14.333+00:00
https://orbisapi.com/proxy/btc-wallet-balance-730393,orbisapi.com,base,other,,false,1.0000,63,161,6,95,2026-07-16T06:34:07.827+00:00
https://orbisapi.com/proxy/budget-analyzer-api-b53bc9,orbisapi.com,base,other,,false,1.0000,89,89,3,96,2026-07-13T07:37:35.322+00:00
https://orbisapi.com/proxy/budget-planner-api-20d687,orbisapi.com,base,other,,false,1.0000,83,86,3,96,2026-07-16T06:39:41.772+00:00
https://orbisapi.com/proxy/budget-variance-api-07ade1,orbisapi.com,base,other,,false,1.0000,90,91,3,96,2026-07-13T07:33:28.797+00:00
https://orbisapi.com/proxy/buffer-stock-calculator-api-a8f13e,orbisapi.com,base,other,,false,1.0000,43,48,3,97,2026-07-15T05:50:29.909+00:00
https://orbisapi.com/proxy/buffer-zone-calculator-api-324904,orbisapi.com,base,other,,false,1.0000,40,66,6,97,2026-07-12T06:09:36.208+00:00
https://orbisapi.com/proxy/bug-bounty-scope-builder-api-2012a3,orbisapi.com,base,other,,false,1.0000,90,91,3,96,2026-07-13T07:40:06.765+00:00
https://orbisapi.com/proxy/bug-severity-classifier-api-e209fd,orbisapi.com,base,other,,false,1.0000,88,89,3,96,2026-07-13T07:33:09.853+00:00
https://orbisapi.com/proxy/build-time-optimizer-api-05a636,orbisapi.com,base,other,,false,1.0000,92,93,3,96,2026-07-13T07:38:13.051+00:00
https://orbisapi.com/proxy/building-iot-score-api-9fe0bb,orbisapi.com,base,other,,false,1.0000,41,132,6,97,2026-07-12T06:09:34.396+00:00
https://orbisapi.com/proxy/bulk-email-validate-37543d,orbisapi.com,base,other,,false,1.0000,78,85,6,96,2026-07-16T06:34:04.419+00:00
https://orbisapi.com/proxy/bulk-validator-api-f34089,orbisapi.com,base,other,,false,1.0000,50,51,3,97,2026-07-17T06:13:44.384+00:00
https://orbisapi.com/proxy/bulking-calculator-api-04e150,orbisapi.com,base,other,,false,1.0000,32,33,3,97,2026-07-12T06:09:49.179+00:00
https://orbisapi.com/proxy/bullet-summary-86ec17,orbisapi.com,base,other,,false,1.0000,64,146,6,95,2026-07-16T06:34:23.525+00:00
https://orbisapi.com/proxy/bundle-discount-calculator-api-609c5a,orbisapi.com,base,other,,false,1.0000,91,93,3,96,2026-07-13T07:33:23.803+00:00
https://orbisapi.com/proxy/bundle-optimizer-api-cd710a,orbisapi.com,base,other,,false,1.0000,89,92,3,96,2026-07-13T07:37:46.005+00:00
https://orbisapi.com/proxy/bundle-optimizer-api-dce8e7,orbisapi.com,base,other,,false,1.0000,91,92,6,96,2026-07-14T06:18:16.755+00:00
https://orbisapi.com/proxy/bundle-price-calculator-api-592438,orbisapi.com,base,other,,false,1.0000,78,82,3,96,2026-07-14T06:25:33.965+00:00
https://orbisapi.com/proxy/bundle-pricing-calculator-api-e506e4,orbisapi.com,base,other,,false,1.0000,55,57,3,97,2026-07-17T06:18:45.673+00:00
https://orbisapi.com/proxy/bundle-pricing-calculator-api-e506e4/format,orbisapi.com,base;solana:5eykt4usfv8p8njdtrepy1vzqkqzkvdp,other,,false,1.0000,44,58,3,97,2026-07-15T05:49:26.738+00:00
https://orbisapi.com/proxy/burn-multiple-calculator-api-41fd44,orbisapi.com,base,other,,false,1.0000,80,93,6,97,2026-07-14T06:18:53.934+00:00
https://orbisapi.com/proxy/burn-rate-calculator-api-6adbbd,orbisapi.com,base,other,,false,1.0000,50,52,3,97,2026-07-17T06:18:14.923+00:00
https://orbisapi.com/proxy/burn-rate-calculator-api-f57f8a,orbisapi.com,base,other,,false,1.0000,63,68,3,97,2026-07-14T06:25:24.111+00:00
https://orbisapi.com/proxy/burndown-calculator-api-42c1a2,orbisapi.com,base,other,,false,1.0000,91,91,3,96,2026-07-13T07:33:17.619+00:00
https://orbisapi.com/proxy/business-days-between-api-166758,orbisapi.com,base,other,,false,1.0000,71,72,3,97,2026-07-14T06:25:25.126+00:00
https://orbisapi.com/proxy/business-entity-verify-a229e1,orbisapi.com,base,other,,false,1.0000,67,87,6,96,2026-07-16T06:34:11.831+00:00
https://orbisapi.com/proxy/business-ethics-guide-8756c2,orbisapi.com,base,other,,false,1.0000,80,84,3,96,2026-07-16T06:39:07.227+00:00
https://orbisapi.com/proxy/business-holiday-api-a62ed9,orbisapi.com,base,other,,false,1.0000,91,91,3,96,2026-07-13T07:33:13.586+00:00
https://orbisapi.com/proxy/business-hours-check-3434f5,orbisapi.com,base,other,,false,1.0000,63,84,6,97,2026-07-16T06:34:18.203+00:00
https://orbisapi.com/proxy/business-license-check-ede415,orbisapi.com,base,other,,false,1.0000,65,81,6,97,2026-07-16T06:34:05.165+00:00
https://orbisapi.com/proxy/business-moat-scorer-api-5fcb98,orbisapi.com,base,other,,false,1.0000,90,94,3,96,2026-07-13T07:38:27.766+00:00
https://orbisapi.com/proxy/business-models-api-93181f,orbisapi.com,base,other,,false,1.0000,84,87,3,96,2026-07-16T06:40:35.75+00:00
https://orbisapi.com/proxy/business-name-generator-api-c0f9fb,orbisapi.com,base,other,,false,1.0000,48,53,3,97,2026-07-17T06:13:45.099+00:00
https://orbisapi.com/proxy/business-open-check-api-6b558d,orbisapi.com,base,other,,false,1.0000,74,76,3,96,2026-07-14T06:25:09.843+00:00
https://orbisapi.com/proxy/business-rules-validator-api-dce02a,orbisapi.com,base,other,,false,1.0000,46,46,3,97,2026-07-15T05:50:38.128+00:00
https://orbisapi.com/proxy/business-timezone-api-e889ca,orbisapi.com,base,other,,false,1.0000,31,34,3,97,2026-07-12T06:12:24.208+00:00
https://orbisapi.com/proxy/business-valuation-api-6e5089,orbisapi.com,base,other,,false,1.0000,43,44,3,97,2026-07-15T05:50:45.606+00:00
https://orbisapi.com/proxy/butter-guide-019dae,orbisapi.com,base,other,,false,1.0000,83,84,3,97,2026-07-16T06:38:58.392+00:00
https://orbisapi.com/proxy/buyer-intent-scorer-api-1f6dce,orbisapi.com,base,other,,false,1.0000,90,90,3,96,2026-07-13T07:34:53.373+00:00
https://orbisapi.com/proxy/byte-order-converter-api-f046cb,orbisapi.com,base,other,,false,1.0000,63,70,3,97,2026-07-14T06:25:31.803+00:00
https://orbisapi.com/proxy/cac-calculator-api-136cfa,orbisapi.com,base,other,,false,1.0000,50,55,3,97,2026-07-17T06:18:41.277+00:00
https://orbisapi.com/proxy/cac-ltv-calculator-api-04215f,orbisapi.com,base,other,,false,1.0000,90,91,3,96,2026-07-13T07:33:06.503+00:00
https://orbisapi.com/proxy/cac-ltv-calculator-api-7442ba,orbisapi.com,base,other,,false,1.0000,71,71,3,97,2026-07-14T06:25:16.345+00:00
https://orbisapi.com/proxy/cac-payback-api-992367,orbisapi.com,base,other,,false,1.0000,42,56,3,97,2026-07-15T05:50:52.126+00:00
https://orbisapi.com/proxy/cac-payback-period-calculator-api-cebee3,orbisapi.com,base,other,,false,1.0000,48,51,3,97,2026-07-17T06:15:53.69+00:00
https://orbisapi.com/proxy/cache-control-parser-api-755906,orbisapi.com,base,other,,false,1.0000,71,71,3,97,2026-07-14T06:25:18.942+00:00
https://orbisapi.com/proxy/cache-strategy-advisor-api-1c004f,orbisapi.com,base,other,,false,1.0000,42,43,3,97,2026-07-15T05:50:41.934+00:00
https://orbisapi.com/proxy/caching-strategies-guide-api-a65dd1,orbisapi.com,base,other,,false,1.0000,68,69,3,97,2026-07-14T06:20:50.738+00:00
https://orbisapi.com/proxy/calendar-event-parse-d80e12,orbisapi.com,base,other,,false,1.0000,65,86,6,96,2026-07-16T06:34:09.073+00:00
https://orbisapi.com/proxy/calendar-utils-api-a75b76,orbisapi.com,base,other,,false,1.0000,71,88,3,96,2026-07-14T06:25:55.993+00:00
https://orbisapi.com/proxy/calling-code-lookup-api-70892c,orbisapi.com,base,other,,false,1.0000,64,68,3,97,2026-07-14T06:25:25.802+00:00
https://orbisapi.com/proxy/calorie-burn-calculator-api-7c6b63,orbisapi.com,base,other,,false,1.0000,90,91,3,96,2026-07-13T07:37:18.57+00:00
https://orbisapi.com/proxy/calorie-burn-calculator-api-b708b1,orbisapi.com,base,other,,false,1.0000,60,78,3,96,2026-07-14T06:25:14.412+00:00
https://orbisapi.com/proxy/calorie-density-api-30efb3,orbisapi.com,base;solana:5eykt4usfv8p8njdtrepy1vzqkqzkvdp,other,,false,1.0000,90,92,3,96,2026-07-13T07:37:16.324+00:00
https://orbisapi.com/proxy/calorie-tracking-score-api-52bf01,orbisapi.com,base,other,,false,1.0000,33,33,3,97,2026-07-12T06:11:03.224+00:00
https://orbisapi.com/proxy/calories-burned-api-18914b,orbisapi.com,base,other,,false,1.0000,50,52,3,97,2026-07-17T06:15:19.101+00:00
https://orbisapi.com/proxy/camera-exposure-calculator-api-0c673c,orbisapi.com,base,other,,false,1.0000,49,49,3,97,2026-07-17T06:13:37.022+00:00
https://orbisapi.com/proxy/camera-types-d23c5f,orbisapi.com,base,other,,false,1.0000,92,95,3,96,2026-07-16T06:39:07.638+00:00
https://orbisapi.com/proxy/campaign-planner-api-995c0a,orbisapi.com,base,other,,false,1.0000,82,83,3,97,2026-07-16T06:39:33.321+00:00
https://orbisapi.com/proxy/campaign-roi-api-9fc0ec,orbisapi.com,base,other,,false,1.0000,90,92,3,96,2026-07-13T07:37:09.635+00:00
https://orbisapi.com/proxy/campaign-roi-calculator-api-0ea9cc,orbisapi.com,base,other,,false,1.0000,49,49,3,97,2026-07-17T06:18:42.636+00:00
https://orbisapi.com/proxy/campaign-update-score-api-2a1281,orbisapi.com,base,other,,false,1.0000,32,37,3,97,2026-07-12T06:11:30.331+00:00
https://orbisapi.com/proxy/candlestick-format-479f93,orbisapi.com,base;solana:5eykt4usfv8p8njdtrepy1vzqkqzkvdp,other,,false,1.0000,47,50,3,97,2026-07-11T06:13:11.487+00:00
https://orbisapi.com/proxy/canonical-url-validator-api-2f18f5,orbisapi.com,base,other,,false,1.0000,47,48,3,97,2026-07-17T06:18:33.363+00:00
https://orbisapi.com/proxy/cap-rate-calculator-api-c3f631,orbisapi.com,base,other,,false,1.0000,64,67,3,97,2026-07-14T06:25:11.15+00:00
https://orbisapi.com/proxy/cap-table-analyzer-api-07f7d7,orbisapi.com,base,other,,false,1.0000,41,44,3,97,2026-07-15T05:50:59.079+00:00
https://orbisapi.com/proxy/capability-evaluation-score-api-7c00a6,orbisapi.com,base,other,,false,1.0000,43,45,3,97,2026-07-15T05:51:01.433+00:00
https://orbisapi.com/proxy/capacity-reservation-calculator-api-2fa6e2,orbisapi.com,base,other,,false,1.0000,42,46,3,97,2026-07-15T05:50:56.762+00:00
https://orbisapi.com/proxy/capital-gains-calculator-api-69b296,orbisapi.com,base,other,,false,1.0000,80,83,3,97,2026-07-16T06:39:27.978+00:00
https://orbisapi.com/proxy/caption-quality-watch-api-276ea7,orbisapi.com,base,other,,false,1.0000,42,47,3,97,2026-07-15T05:50:43.707+00:00
https://orbisapi.com/proxy/car-brands-database-api-b71681/info,orbisapi.com,base;solana:5eykt4usfv8p8njdtrepy1vzqkqzkvdp,other,,false,1.0000,45,48,3,97,2026-07-11T06:13:27.083+00:00
https://orbisapi.com/proxy/car-database-api-ee094c,orbisapi.com,base,other,,false,1.0000,49,52,3,97,2026-07-17T06:17:02.25+00:00
https://orbisapi.com/proxy/car-depreciation-calculator-api-81e7b3,orbisapi.com,base,other,,false,1.0000,49,51,3,97,2026-07-17T06:13:40.036+00:00
https://orbisapi.com/proxy/car-rental-rates-de95c9,orbisapi.com,base,other,,false,1.0000,66,83,6,97,2026-07-16T06:34:13.875+00:00
https://orbisapi.com/proxy/carbon-credit-calculator-api-46315e,orbisapi.com,base,other,,false,1.0000,48,51,3,97,2026-07-17T06:13:36.31+00:00
https://orbisapi.com/proxy/carbon-cycle-api-3fd4cf,orbisapi.com,base,other,,false,1.0000,80,87,3,96,2026-07-16T06:40:52.541+00:00
https://orbisapi.com/proxy/carbon-footprint-calc-7f6935,orbisapi.com,base,other,,false,1.0000,84,140,6,96,2026-07-16T06:34:10.683+00:00
https://orbisapi.com/proxy/carbon-footprint-calculator-api-9383b9,orbisapi.com,base,other,,false,1.0000,89,93,3,96,2026-07-13T07:39:03.208+00:00
https://orbisapi.com/proxy/carbon-offset-advisor-api-94d1eb,orbisapi.com,base,other,,false,1.0000,89,90,3,96,2026-07-13T07:37:16.777+00:00
https://orbisapi.com/proxy/carbon-offset-calculator-api-7de946,orbisapi.com,base,other,,false,1.0000,69,82,3,96,2026-07-14T06:25:32.152+00:00
https://orbisapi.com/proxy/carnivorous-plants-8d479b,orbisapi.com,base,other,,false,1.0000,85,90,3,96,2026-07-16T06:38:59.557+00:00
https://orbisapi.com/proxy/carrier-detect-030088,orbisapi.com,base,other,,false,1.0000,72,88,6,96,2026-07-16T06:34:17.287+00:00
https://orbisapi.com/proxy/carrier-service-levels-97666a,orbisapi.com,base,other,,false,1.0000,64,89,6,96,2026-07-16T06:34:23.917+00:00
https://orbisapi.com/proxy/cart-abandonment-analyzer-api-232a8d,orbisapi.com,base,other,,false,1.0000,80,99,6,97,2026-07-14T06:18:18.884+00:00
https://orbisapi.com/proxy/cart-abandonment-analyzer-api-b09191,orbisapi.com,base,other,,false,1.0000,92,93,3,96,2026-07-13T07:37:54.057+00:00
https://orbisapi.com/proxy/cart-abandonment-score-api-1ace00,orbisapi.com,base,other,,false,1.0000,33,57,3,96,2026-07-12T06:12:39.365+00:00
https://orbisapi.com/proxy/cart-total-calculator-api-413c45,orbisapi.com,base,other,,false,1.0000,72,78,3,96,2026-07-14T06:25:09.157+00:00
https://orbisapi.com/proxy/case-fatality-rate-calculator-api-6c79a0,orbisapi.com,base,other,,false,1.0000,48,62,6,96,2026-07-12T06:09:26.049+00:00
https://orbisapi.com/proxy/cash-conversion-cycle-api-2555ea,orbisapi.com,base,other,,false,1.0000,89,90,3,96,2026-07-13T07:39:25.469+00:00
https://orbisapi.com/proxy/cash-flow-api-efa935,orbisapi.com,base,other,,false,1.0000,54,78,6,97,2026-07-15T05:48:48.772+00:00
https://orbisapi.com/proxy/cash-on-cash-return-api-5f9279,orbisapi.com,base,other,,false,1.0000,63,83,3,96,2026-07-14T06:25:22.256+00:00
https://orbisapi.com/proxy/cat-breeds-api-ac0135,orbisapi.com,base,other,,false,1.0000,48,48,3,97,2026-07-17T06:16:00.725+00:00
https://orbisapi.com/proxy/catastrophe-model-api-d06567,orbisapi.com,base,other,,false,1.0000,91,92,3,96,2026-07-13T07:33:04.467+00:00
https://orbisapi.com/proxy/cause-classifier-api-25cc86,orbisapi.com,base,other,,false,1.0000,88,92,3,96,2026-07-13T07:32:34.271+00:00
https://orbisapi.com/proxy/cdn-detector-api-c0e9d2,orbisapi.com,base,other,,false,1.0000,67,72,3,97,2026-07-14T06:25:16.707+00:00
https://orbisapi.com/proxy/cdr-parser-api-474bd1,orbisapi.com,base,other,,false,1.0000,86,87,3,96,2026-07-16T06:38:17.881+00:00
https://orbisapi.com/proxy/celtic-mythology-8c9fdf,orbisapi.com,base,other,,false,1.0000,47,48,3,97,2026-07-17T06:13:17.178+00:00
https://orbisapi.com/proxy/cert-chain-validate-892c04,orbisapi.com,base,other,,false,1.0000,64,135,6,96,2026-07-16T06:34:13.486+00:00
https://orbisapi.com/proxy/cert-chain-validate-892c04/info,orbisapi.com,base;solana:5eykt4usfv8p8njdtrepy1vzqkqzkvdp,other,,false,1.0000,47,52,3,97,2026-07-11T06:11:59.389+00:00
https://orbisapi.com/proxy/cert-expiry-check-0375c1,orbisapi.com,base;solana:5eykt4usfv8p8njdtrepy1vzqkqzkvdp,other,,false,1.0000,79,83,6,97,2026-07-16T06:34:05.937+00:00
https://orbisapi.com/proxy/cert-issuer-lookup-f564b5,orbisapi.com,base,other,,false,1.0000,67,84,6,97,2026-07-16T06:34:21.865+00:00
https://orbisapi.com/proxy/cert-san-list-612dae,orbisapi.com,base,other,,false,1.0000,63,118,6,96,2026-07-16T06:34:20.642+00:00
https://orbisapi.com/proxy/certificate-parser-api-2a8951,orbisapi.com,base;solana:5eykt4usfv8p8njdtrepy1vzqkqzkvdp,other,,false,1.0000,90,93,3,96,2026-07-13T07:32:28.219+00:00
https://orbisapi.com/proxy/certificate-revoke-check-13aae1,orbisapi.com,base,other,,false,1.0000,69,117,6,96,2026-07-16T06:34:08.686+00:00
https://orbisapi.com/proxy/certification-roadmap-api-0aa788,orbisapi.com,base;solana:5eykt4usfv8p8njdtrepy1vzqkqzkvdp,other,,false,1.0000,89,90,3,96,2026-07-13T07:38:15.392+00:00
https://orbisapi.com/proxy/chain-comparison-api-v2-5ccb88,orbisapi.com,base,other,,false,1.0000,67,71,3,97,2026-07-14T06:26:26.414+00:00
https://orbisapi.com/proxy/chain-id-lookup-api-2a8a3c,orbisapi.com,base,other,,false,1.0000,72,77,3,97,2026-07-14T06:26:37.136+00:00
https://orbisapi.com/proxy/chain-metrics-api-8170c7,orbisapi.com,base,other,,false,1.0000,42,47,3,97,2026-07-15T05:49:08.114+00:00
https://orbisapi.com/proxy/chain-of-thought-prompting-api-a5225d,orbisapi.com,base,other,,false,1.0000,90,91,3,96,2026-07-13T07:33:51.279+00:00
https://orbisapi.com/proxy/chain-of-thought-scorer-api-509b2c,orbisapi.com,base,other,,false,1.0000,73,93,3,96,2026-07-14T06:20:02.298+00:00
https://orbisapi.com/proxy/chain-selector-api-edd935,orbisapi.com,base,other,,false,1.0000,41,42,3,97,2026-07-15T05:51:04.567+00:00
https://orbisapi.com/proxy/change-log-classifier-api-d84313,orbisapi.com,base,other,,false,1.0000,63,70,3,97,2026-07-14T06:25:28.935+00:00
https://orbisapi.com/proxy/change-point-detector-api-b305de,orbisapi.com,base,other,,false,1.0000,72,79,3,96,2026-07-14T06:25:31.448+00:00
https://orbisapi.com/proxy/change-risk-scorer-api-4be7a7,orbisapi.com,base,other,,false,1.0000,91,92,3,96,2026-07-13T07:33:03.995+00:00
https://orbisapi.com/proxy/changelog-generator-api-4006b8,orbisapi.com,base,other,,false,1.0000,90,92,3,96,2026-07-13T07:39:05.988+00:00
https://orbisapi.com/proxy/changelog-parser-api-66aa3e,orbisapi.com,base,other,,false,1.0000,44,45,3,97,2026-07-15T05:51:04.207+00:00
https://orbisapi.com/proxy/chaos-test-designer-api-8c83d8,orbisapi.com,base,other,,false,1.0000,89,90,3,96,2026-07-13T07:38:59.957+00:00
https://orbisapi.com/proxy/character-count-api-b98b1a,orbisapi.com,base,other,,false,1.0000,45,46,3,97,2026-07-15T05:51:45.628+00:00
https://orbisapi.com/proxy/chargeback-rate-calculator-api-154bfd,orbisapi.com,base,other,,false,1.0000,45,49,3,97,2026-07-11T06:17:57.699+00:00
https://orbisapi.com/proxy/charging-load-forecast-api-8e18c8,orbisapi.com,base,other,,false,1.0000,49,50,3,97,2026-07-11T06:15:05.206+00:00
https://orbisapi.com/proxy/charitable-giving-optimizer-api-574f50,orbisapi.com,base,other,,false,1.0000,51,55,3,97,2026-07-17T06:16:34.266+00:00
https://orbisapi.com/proxy/chart-of-accounts-parser-api-b8efd9,orbisapi.com,base,other,,false,1.0000,92,93,3,96,2026-07-13T07:32:21.532+00:00
https://orbisapi.com/proxy/chat-classifier-api-1e286d,orbisapi.com,base,other,,false,1.0000,42,51,3,97,2026-07-15T05:50:43.926+00:00
https://orbisapi.com/proxy/chat-widget-detector-api-7d1cb2,orbisapi.com,base,other,,false,1.0000,59,66,3,97,2026-07-14T06:25:26.131+00:00
https://orbisapi.com/proxy/checkout-friction-scorer-api-f52299,orbisapi.com,base,other,,false,1.0000,93,96,3,96,2026-07-13T07:36:03.951+00:00
https://orbisapi.com/proxy/checkout-optimizer-api-ae107a,orbisapi.com,base,other,,false,1.0000,55,72,3,97,2026-07-15T05:51:31.417+00:00
https://orbisapi.com/proxy/checksum-comparator-api-66593d,orbisapi.com,base,other,,false,1.0000,41,48,6,97,2026-07-12T06:09:47.649+00:00
https://orbisapi.com/proxy/cheese-aging-098906,orbisapi.com,base,other,,false,1.0000,83,91,3,96,2026-07-16T06:38:56.07+00:00
https://orbisapi.com/proxy/cheese-guide-api-db49c7,orbisapi.com,base,other,,false,1.0000,50,57,3,97,2026-07-17T06:15:25.664+00:00
https://orbisapi.com/proxy/cheese-making-17363b,orbisapi.com,base,other,,false,1.0000,80,110,3,96,2026-07-16T06:38:48.8+00:00
https://orbisapi.com/proxy/cheese-regions-692597,orbisapi.com,base,other,,false,1.0000,80,81,3,97,2026-07-16T06:39:00.694+00:00
https://orbisapi.com/proxy/cheese-types-903e27,orbisapi.com,base,other,,false,1.0000,84,84,3,96,2026-07-16T06:38:52.48+00:00
https://orbisapi.com/proxy/chemical-formula-api-7088c5,orbisapi.com,base,other,,false,1.0000,90,90,3,96,2026-07-13T07:33:03.351+00:00
https://orbisapi.com/proxy/chemical-reactions-api-b15126,orbisapi.com,base,other,,false,1.0000,49,50,3,97,2026-07-17T06:15:30.252+00:00
https://orbisapi.com/proxy/chemistry-formula-api-2acb9c,orbisapi.com,base,other,,false,1.0000,69,72,3,97,2026-07-14T06:25:33.233+00:00
https://orbisapi.com/proxy/chemistry-formulas-api-143fbe,orbisapi.com,base,other,,false,1.0000,52,54,3,97,2026-07-17T06:16:07.41+00:00
https://orbisapi.com/proxy/chemistry-terms-api-0081f8,orbisapi.com,base,other,,false,1.0000,100,148,3,95,2026-07-16T06:40:29.424+00:00
https://orbisapi.com/proxy/chemistry-unit-calculator-api-8b30ef,orbisapi.com,base,other,,false,1.0000,82,87,3,96,2026-07-16T06:39:53.961+00:00
https://orbisapi.com/proxy/chinese-zodiac-a0e13f,orbisapi.com,base,other,,false,1.0000,85,98,3,96,2026-07-16T06:38:54.487+00:00
https://orbisapi.com/proxy/chivalry-guide-b0146c,orbisapi.com,base,other,,false,1.0000,79,89,3,96,2026-07-16T06:38:55.678+00:00
https://orbisapi.com/proxy/chocolate-history-f0c661,orbisapi.com,base,other,,false,1.0000,66,84,6,97,2026-07-17T06:12:32.487+00:00
https://orbisapi.com/proxy/chord-parser-api-bc5f5d,orbisapi.com,base,other,,false,1.0000,89,89,3,96,2026-07-13T07:32:25.868+00:00
https://orbisapi.com/proxy/churn-calculator-api-a526ce,orbisapi.com,base,other,,false,1.0000,66,70,3,97,2026-07-14T06:24:57.593+00:00
https://orbisapi.com/proxy/churn-prediction-api-a0eafc,orbisapi.com,base,other,,false,1.0000,91,91,3,96,2026-07-13T07:37:14.418+00:00
https://orbisapi.com/proxy/churn-predictor-api-9a9cc5,orbisapi.com,base,other,,false,1.0000,63,71,3,97,2026-07-14T06:19:19.28+00:00
https://orbisapi.com/proxy/churn-rate-calculator-api-d0f811,orbisapi.com,base,other,,false,1.0000,66,71,3,97,2026-07-14T06:25:08.816+00:00
https://orbisapi.com/proxy/churn-rate-calculator-api-ec94d0,orbisapi.com,base,other,,false,1.0000,94,95,3,96,2026-07-13T07:32:19.447+00:00
https://orbisapi.com/proxy/ci-cd-guide-api-4cfbc3,orbisapi.com,base,other,,false,1.0000,42,51,3,97,2026-07-15T05:51:09.743+00:00
https://orbisapi.com/proxy/cicd-efficiency-scorer-api-6318f8,orbisapi.com,base,other,,false,1.0000,90,93,3,96,2026-07-13T07:35:45.987+00:00
https://orbisapi.com/proxy/cidr-calculator-api-28b577,orbisapi.com,base,other,,false,1.0000,40,51,6,97,2026-07-12T06:09:40.413+00:00
https://orbisapi.com/proxy/circle-of-fifths-api-78b784,orbisapi.com,base,other,,false,1.0000,49,54,3,97,2026-07-17T06:16:01.179+00:00
https://orbisapi.com/proxy/circuit-calculator-api-6616a1,orbisapi.com,base,other,,false,1.0000,88,90,3,96,2026-07-13T07:32:32.365+00:00
https://orbisapi.com/proxy/circulatory-system-c8c310,orbisapi.com,base,other,,false,1.0000,82,85,3,96,2026-07-16T06:38:50.29+00:00
https://orbisapi.com/proxy/citation-count-api-2a9f5b,orbisapi.com,base,other,,false,1.0000,75,83,6,96,2026-07-16T06:34:03.127+00:00
https://orbisapi.com/proxy/citation-count-normalizer-api-63a5b6,orbisapi.com,base,other,,false,1.0000,94,94,3,96,2026-07-13T07:36:57.953+00:00
https://orbisapi.com/proxy/citation-extractor-api-2302c6,orbisapi.com,base,other,,false,1.0000,88,104,3,96,2026-07-13T07:34:26.92+00:00
https://orbisapi.com/proxy/citation-formatter-api-0a31a1,orbisapi.com,base,other,,false,1.0000,89,91,3,96,2026-07-13T07:32:26.798+00:00
https://orbisapi.com/proxy/citation-formatter-api-644da6,orbisapi.com,base,other,,false,1.0000,88,95,3,96,2026-07-13T07:38:26.805+00:00
https://orbisapi.com/proxy/citation-validator-api-eea98f,orbisapi.com,base;solana:5eykt4usfv8p8njdtrepy1vzqkqzkvdp,other,,false,1.0000,91,92,3,96,2026-07-13T07:37:59.009+00:00
https://orbisapi.com/proxy/city-guide-api-16c249,orbisapi.com,base,other,,false,1.0000,78,82,3,97,2026-07-16T06:35:05.498+00:00
https://orbisapi.com/proxy/civil-rights-history-03419a,orbisapi.com,base,other,,false,1.0000,92,105,3,96,2026-07-16T06:38:42.696+00:00
https://orbisapi.com/proxy/civil-society-83a2be,orbisapi.com,base,other,,false,1.0000,80,86,3,96,2026-07-16T06:38:56.838+00:00
https://orbisapi.com/proxy/claimant-communication-draft-api-cc7fc5,orbisapi.com,base,other,,false,1.0000,47,51,3,97,2026-07-11T06:13:08.724+00:00
https://orbisapi.com/proxy/claims-likelihood-scorer-api-a4b999,orbisapi.com,base,other,,false,1.0000,91,94,3,96,2026-07-13T07:37:28.511+00:00
https://orbisapi.com/proxy/claims-triage-api-5315c7,orbisapi.com,base,other,,false,1.0000,89,92,3,96,2026-07-13T07:32:33.313+00:00
https://orbisapi.com/proxy/class-imbalance-advisor-api-acbd42,orbisapi.com,base,other,,false,1.0000,91,91,3,96,2026-07-13T07:39:38.205+00:00
https://orbisapi.com/proxy/classic-novels-guide-02272e,orbisapi.com,base,other,,false,1.0000,83,84,3,96,2026-07-16T06:38:48.383+00:00
https://orbisapi.com/proxy/classifinder-01853f,orbisapi.com,base,other,,false,1.0000,50,62,3,97,2026-07-17T06:17:19.311+00:00
https://orbisapi.com/proxy/claude-cost-calculator-api-7be4d6,orbisapi.com,base,other,,false,1.0000,48,52,3,97,2026-07-17T06:18:03.789+00:00
https://orbisapi.com/proxy/clause-extractor-api-8f1920,orbisapi.com,base,other,,false,1.0000,92,93,3,96,2026-07-13T07:36:25.579+00:00
https://orbisapi.com/proxy/clean-architecture-guide-api-3427ff,orbisapi.com,base;solana:5eykt4usfv8p8njdtrepy1vzqkqzkvdp,other,,false,1.0000,45,49,3,97,2026-07-15T05:49:30.819+00:00
https://orbisapi.com/proxy/clean-room-food-score-api-89de9f,orbisapi.com,base,other,,false,1.0000,48,48,3,97,2026-07-11T06:13:27.996+00:00
https://orbisapi.com/proxy/climate-control-calculator-api-e22baf,orbisapi.com,base,other,,false,1.0000,46,49,3,97,2026-07-11T06:17:57.262+00:00
https://orbisapi.com/proxy/climate-patterns-1a605a,orbisapi.com,base,other,,false,1.0000,77,81,3,97,2026-07-16T06:39:05.272+00:00
https://orbisapi.com/proxy/climate-zones-api-3c4a8e,orbisapi.com,base,other,,false,1.0000,81,104,3,96,2026-07-16T06:40:48.115+00:00
https://orbisapi.com/proxy/clinical-code-lookup-api-c8274b,orbisapi.com,base,other,,false,1.0000,90,91,3,96,2026-07-13T07:33:02.878+00:00
https://orbisapi.com/proxy/clinical-decision-support-score-api-f578c3,orbisapi.com,base,other,,false,1.0000,48,49,3,97,2026-07-11T06:12:11.652+00:00
https://orbisapi.com/proxy/cloud-cost-allocation-api-329a35,orbisapi.com,base,other,,false,1.0000,92,93,3,96,2026-07-13T07:32:30.074+00:00
https://orbisapi.com/proxy/cloud-cost-optimization-guide-api-5d2f56,orbisapi.com,base,other,,false,1.0000,45,48,3,97,2026-07-15T05:51:08.248+00:00
https://orbisapi.com/proxy/cloud-cost-optimizer-api-765374,orbisapi.com,base,other,,false,1.0000,92,92,3,96,2026-07-13T07:35:40.055+00:00
https://orbisapi.com/proxy/cloud-cost-optimizer-api-afcd1f,orbisapi.com,base,other,,false,1.0000,90,91,3,96,2026-07-13T07:38:08.652+00:00
https://orbisapi.com/proxy/clustering-advisor-api-5f9397,orbisapi.com,base,other,,false,1.0000,87,275,3,95,2026-07-16T06:36:25.665+00:00
https://orbisapi.com/proxy/cms-detector-api-0c2e27,orbisapi.com,base,other,,false,1.0000,53,57,3,97,2026-07-17T06:18:41.044+00:00
https://orbisapi.com/proxy/coaching-methods-ae2609,orbisapi.com,base,other,,false,1.0000,83,87,3,96,2026-07-16T06:38:54.877+00:00
https://orbisapi.com/proxy/cocktail-classics-6bb3b4,orbisapi.com,base,other,,false,1.0000,79,86,3,96,2026-07-16T06:38:50.67+00:00
https://orbisapi.com/proxy/cocktail-recipes-api-6bfcfc,orbisapi.com,base,other,,false,1.0000,50,52,3,97,2026-07-17T06:15:11.755+00:00
https://orbisapi.com/proxy/code-comment-generator-api-68f531,orbisapi.com,base,other,,false,1.0000,83,102,3,96,2026-07-16T06:36:34.652+00:00
https://orbisapi.com/proxy/code-comment-stripper-api-657b3b,orbisapi.com,base,other,,false,1.0000,63,79,3,97,2026-07-14T06:24:36.503+00:00
https://orbisapi.com/proxy/code-complexity-score-api-09f0c7,orbisapi.com,base,other,,false,1.0000,70,85,3,96,2026-07-14T06:24:42.85+00:00
https://orbisapi.com/proxy/code-complexity-scorer-api-645fbe,orbisapi.com,base,other,,false,1.0000,71,75,3,97,2026-07-14T06:19:45.562+00:00
https://orbisapi.com/proxy/code-dependency-parser-api-2ef61a,orbisapi.com,base,other,,false,1.0000,70,74,3,97,2026-07-14T06:24:29.788+00:00
https://orbisapi.com/proxy/code-docstring-extractor-api-a98ba0,orbisapi.com,base,other,,false,1.0000,67,81,3,96,2026-07-14T06:24:23.697+00:00
https://orbisapi.com/proxy/code-formatter-guide-api-0f9a5f,orbisapi.com,base,other,,false,1.0000,63,85,3,96,2026-07-14T06:19:43.059+00:00
https://orbisapi.com/proxy/code-framework-detector-api-bc69a2,orbisapi.com,base,other,,false,1.0000,53,57,3,97,2026-07-17T06:18:17.535+00:00
https://orbisapi.com/proxy/code-function-counter-api-cac656,orbisapi.com,base,other,,false,1.0000,64,66,3,97,2026-07-14T06:24:33.229+00:00
https://orbisapi.com/proxy/code-import-extractor-api-71df55,orbisapi.com,base,other,,false,1.0000,69,73,3,97,2026-07-14T06:24:30.121+00:00
https://orbisapi.com/proxy/code-indent-detector-api-bd24ce,orbisapi.com,base,other,,false,1.0000,63,67,3,97,2026-07-14T06:24:24.707+00:00
https://orbisapi.com/proxy/code-language-detector-api-943b6b,orbisapi.com,base,other,,false,1.0000,48,53,3,97,2026-07-17T06:18:07.719+00:00
https://orbisapi.com/proxy/code-language-detector-api-a54016,orbisapi.com,base,other,,false,1.0000,49,54,3,97,2026-07-17T06:17:26.836+00:00
https://orbisapi.com/proxy/code-line-counter-api-e835cd,orbisapi.com,base,other,,false,1.0000,49,50,3,97,2026-07-17T06:18:14.235+00:00
https://orbisapi.com/proxy/code-review-checklist-api-31a524,orbisapi.com,base,other,,false,1.0000,92,93,3,96,2026-07-13T07:39:35.528+00:00
https://orbisapi.com/proxy/code-review-velocity-api-f5f847,orbisapi.com,base,other,,false,1.0000,89,91,3,96,2026-07-13T07:35:49.101+00:00
https://orbisapi.com/proxy/code-security-scanner-api-b18c09,orbisapi.com,base,other,,false,1.0000,51,52,3,97,2026-07-17T06:18:07.955+00:00
https://orbisapi.com/proxy/code-splitting-guide-api-9708af,orbisapi.com,base,other,,false,1.0000,64,71,3,97,2026-07-14T06:20:31.475+00:00
https://orbisapi.com/proxy/code-switching-detector-api-bf00c5,orbisapi.com,base,other,,false,1.0000,77,81,3,97,2026-07-16T06:38:36.724+00:00
https://orbisapi.com/proxy/code-syntax-checker-api-414b17,orbisapi.com,base,other,,false,1.0000,71,71,3,97,2026-07-14T06:24:25.379+00:00
https://orbisapi.com/proxy/code-todo-extractor-api-df4f34,orbisapi.com,base,other,,false,1.0000,55,70,3,97,2026-07-17T06:18:04.273+00:00
https://orbisapi.com/proxy/code-utilities-api-58f7e3,orbisapi.com,base,other,,false,1.0000,82,85,3,96,2026-07-16T06:39:53.188+00:00
https://orbisapi.com/proxy/code-variable-extractor-api-3bf0c3,orbisapi.com,base,other,,false,1.0000,47,51,3,97,2026-07-17T06:17:59.19+00:00
https://orbisapi.com/proxy/coffee-bean-origins-b30ebf,orbisapi.com,base,other,,false,1.0000,52,53,3,97,2026-07-17T06:18:36.089+00:00
https://orbisapi.com/proxy/coffee-roasting-977155,orbisapi.com,base,other,,false,1.0000,80,80,3,97,2026-07-16T06:38:54.081+00:00
https://orbisapi.com/proxy/cognitive-bias-classifier-api-397c5d,orbisapi.com,base,other,,false,1.0000,88,90,3,96,2026-07-13T07:32:31.448+00:00
https://orbisapi.com/proxy/cognitive-development-c07ebd,orbisapi.com,base,other,,false,1.0000,107,122,3,96,2026-07-16T06:38:51.137+00:00
https://orbisapi.com/proxy/cognitive-flexibility-score-api-5a7dfd,orbisapi.com,base,other,,false,1.0000,48,50,3,97,2026-07-11T06:18:05.71+00:00
https://orbisapi.com/proxy/cognitive-load-score-api-77b5e4,orbisapi.com,base,other,,false,1.0000,92,93,3,96,2026-07-13T07:32:37.179+00:00
https://orbisapi.com/proxy/cogs-calculator-api-29880f,orbisapi.com,base,other,,false,1.0000,48,53,3,97,2026-07-17T06:18:40.802+00:00
https://orbisapi.com/proxy/coherence-score-api-657815,orbisapi.com,base,other,,false,1.0000,95,97,3,96,2026-07-13T07:32:20.583+00:00
https://orbisapi.com/proxy/cohort-analyzer-api-a57779,orbisapi.com,base,other,,false,1.0000,62,63,3,97,2026-07-14T06:19:29.713+00:00
https://orbisapi.com/proxy/cohort-ltv-modeler-api-c5a7b0,orbisapi.com,base,other,,false,1.0000,91,92,3,96,2026-07-13T07:38:57.205+00:00
https://orbisapi.com/proxy/cohort-retention-api-15ae73,orbisapi.com,base;solana:5eykt4usfv8p8njdtrepy1vzqkqzkvdp,other,,false,1.0000,90,91,3,96,2026-07-13T07:32:34.71+00:00
https://orbisapi.com/proxy/cohort-retention-calculator-api-12fef3,orbisapi.com,base,other,,false,1.0000,50,55,3,97,2026-07-17T06:18:40.578+00:00
https://orbisapi.com/proxy/cohort-study-score-api-dd23b6,orbisapi.com,base,other,,false,1.0000,48,55,3,97,2026-07-11T06:11:52.233+00:00
https://orbisapi.com/proxy/coin-fetcher-api-485c07,orbisapi.com,base,other,,false,1.0000,47,49,3,97,2026-07-17T06:16:18.618+00:00
https://orbisapi.com/proxy/cold-email-generator-api-de9cc3,orbisapi.com,base,other,,false,1.0000,50,55,3,97,2026-07-17T06:16:18.389+00:00
https://orbisapi.com/proxy/collective-action-score-api-b8338a,orbisapi.com,base,other,,false,1.0000,47,54,6,97,2026-07-12T06:09:41.156+00:00
https://orbisapi.com/proxy/collective-behavior-4f878c,orbisapi.com,base,other,,false,1.0000,78,79,3,97,2026-07-16T06:38:35.943+00:00
https://orbisapi.com/proxy/college-savings-v2-api-2770b8,orbisapi.com,base,other,,false,1.0000,89,90,3,96,2026-07-13T07:37:03.386+00:00
https://orbisapi.com/proxy/collision-avoidance-calculator-api-e3f01c,orbisapi.com,base,other,,false,1.0000,45,54,3,97,2026-07-15T05:51:13.711+00:00
https://orbisapi.com/proxy/colonialism-history-366a1b,orbisapi.com,base,other,,false,1.0000,85,117,3,96,2026-07-16T06:38:43.124+00:00
https://orbisapi.com/proxy/color-accessibility-api-9504ae,orbisapi.com,base,other,,false,1.0000,66,101,3,96,2026-07-14T06:24:19.43+00:00
https://orbisapi.com/proxy/color-blind-simulator-api-4d50c3,orbisapi.com,base,other,,false,1.0000,90,92,3,96,2026-07-13T07:32:31.91+00:00
https://orbisapi.com/proxy/color-code-validator-api-3acf13,orbisapi.com,base,other,,false,1.0000,43,44,3,97,2026-07-15T05:51:08.428+00:00
https://orbisapi.com/proxy/color-contrast-checker-api-20d07f,orbisapi.com,base,other,,false,1.0000,90,90,3,96,2026-07-13T07:37:27.573+00:00
https://orbisapi.com/proxy/color-contrast-checker-api-f328c3,orbisapi.com,base,other,,false,1.0000,51,56,3,97,2026-07-17T06:13:43.18+00:00
https://orbisapi.com/proxy/color-converter-api-209d45,orbisapi.com,base,other,,false,1.0000,42,44,3,97,2026-07-15T05:51:23.53+00:00
https://orbisapi.com/proxy/color-converter-api-73a43f,orbisapi.com,base,other,,false,1.0000,61,73,3,97,2026-07-14T06:26:06.784+00:00
https://orbisapi.com/proxy/color-converter-api-c427e6,orbisapi.com,base,other,,false,1.0000,81,85,3,96,2026-07-16T06:39:51.971+00:00
https://orbisapi.com/proxy/color-converter-v2-api-6ef445,orbisapi.com,base,other,,false,1.0000,65,72,3,97,2026-07-14T06:24:47.38+00:00
https://orbisapi.com/proxy/color-fastness-score-api-88687c,orbisapi.com,base,other,,false,1.0000,30,33,3,97,2026-07-12T06:09:48.937+00:00
https://orbisapi.com/proxy/color-name-api-ca7b01,orbisapi.com,base,other,,false,1.0000,66,67,3,97,2026-07-14T06:21:07.83+00:00
https://orbisapi.com/proxy/color-names-api-b20824,orbisapi.com,base,other,,false,1.0000,49,52,3,97,2026-07-17T06:16:50.291+00:00
https://orbisapi.com/proxy/color-palette-api-624e27,orbisapi.com,base,other,,false,1.0000,72,77,3,96,2026-07-14T06:21:21.335+00:00
https://orbisapi.com/proxy/color-palette-generator-api-5395b0,orbisapi.com,base,other,,false,1.0000,115,118,3,96,2026-07-14T06:24:17.43+00:00
https://orbisapi.com/proxy/color-palette-generator-api-ed5bf6,orbisapi.com,base,other,,false,1.0000,49,50,3,97,2026-07-17T06:16:57.347+00:00
https://orbisapi.com/proxy/color-scheme-extractor-api-6f2c98,orbisapi.com,base,other,,false,1.0000,63,76,3,97,2026-07-14T06:24:09.3+00:00
https://orbisapi.com/proxy/color-space-converter-api-1dd5bf,orbisapi.com,base,other,,false,1.0000,81,82,3,97,2026-07-16T06:37:57.094+00:00
https://orbisapi.com/proxy/color-temperature-api-295f11,orbisapi.com,base,other,,false,1.0000,44,48,3,97,2026-07-15T05:51:10.951+00:00
https://orbisapi.com/proxy/color-utils-api-6ee149,orbisapi.com,base,other,,false,1.0000,67,81,3,96,2026-07-14T06:20:03.333+00:00
https://orbisapi.com/proxy/combinatorics-calculator-api-a38759,orbisapi.com,base,other,,false,1.0000,93,93,3,96,2026-07-13T07:33:02.398+00:00
https://orbisapi.com/proxy/coming-of-age-rituals-api-2ab998,orbisapi.com,base,other,,false,1.0000,78,82,3,97,2026-07-16T06:40:20.168+00:00
https://orbisapi.com/proxy/commit-message-generator-api-e4f384,orbisapi.com,base,other,,false,1.0000,66,71,3,97,2026-07-14T06:19:50.263+00:00
https://orbisapi.com/proxy/commitment-consistency-score-api-049b2d,orbisapi.com,base,other,,false,1.0000,49,58,3,97,2026-07-17T06:13:16.954+00:00
https://orbisapi.com/proxy/common-exceptions-guide-api-777b51,orbisapi.com,base,other,,false,1.0000,46,51,3,97,2026-07-15T05:49:41.18+00:00
https://orbisapi.com/proxy/common-exceptions-guide-api-777b51/parse,orbisapi.com,base;solana:5eykt4usfv8p8njdtrepy1vzqkqzkvdp,other,,false,1.0000,46,47,3,97,2026-07-11T06:15:15.171+00:00
https://orbisapi.com/proxy/common-passwords-guide-api-e7a392,orbisapi.com,base;solana:5eykt4usfv8p8njdtrepy1vzqkqzkvdp,other,,false,1.0000,41,44,3,97,2026-07-15T05:51:02.37+00:00
https://orbisapi.com/proxy/communication-clarity-score-api-0d8536,orbisapi.com,base,other,,false,1.0000,48,98,6,95,2026-07-12T06:09:30.106+00:00
https://orbisapi.com/proxy/communication-link-budget-api-f3c8eb,orbisapi.com,base,other,,false,1.0000,42,78,6,97,2026-07-12T06:09:36.781+00:00
https://orbisapi.com/proxy/communications-redundancy-score-api-2e855f,orbisapi.com,base,other,,false,1.0000,39,49,6,97,2026-07-12T06:09:44.831+00:00
https://orbisapi.com/proxy/community-health-score-api-719497,orbisapi.com,base,other,,false,1.0000,53,53,3,97,2026-07-17T06:14:32.072+00:00
https://orbisapi.com/proxy/community-plan-score-api-76cf30,orbisapi.com,base,other,,false,1.0000,46,81,3,96,2026-07-11T06:11:30.501+00:00
https://orbisapi.com/proxy/company-funding-data-b8c4dc,orbisapi.com,base,other,,false,1.0000,63,122,6,96,2026-07-16T06:33:55.24+00:00
https://orbisapi.com/proxy/company-industry-745c95,orbisapi.com,base,other,,false,1.0000,66,129,6,95,2026-07-16T06:33:59.298+00:00
https://orbisapi.com/proxy/compensation-advisor-api-2f530b,orbisapi.com,base,other,,false,1.0000,82,96,3,96,2026-07-16T06:34:56.1+00:00
https://orbisapi.com/proxy/compensation-benchmarker-api-505b9c,orbisapi.com,base,other,,false,1.0000,75,93,6,97,2026-07-14T06:18:38.179+00:00
https://orbisapi.com/proxy/compensation-benchmarker-api-d4e9c9,orbisapi.com,base,other,,false,1.0000,90,91,3,96,2026-07-13T07:38:13.538+00:00
https://orbisapi.com/proxy/competitive-analysis-api-1fe872,orbisapi.com,base,other,,false,1.0000,90,90,3,96,2026-07-13T07:37:15.402+00:00
https://orbisapi.com/proxy/competitive-moat-analyzer-api-7c3139,orbisapi.com,base,other,,false,1.0000,47,49,3,97,2026-07-17T06:17:57.247+00:00
https://orbisapi.com/proxy/competitive-moat-scorer-c63f6b/,orbisapi.com,base;solana:5eykt4usfv8p8njdtrepy1vzqkqzkvdp,other,,false,1.0000,43,44,3,97,2026-07-15T05:49:26.915+00:00
https://orbisapi.com/proxy/competitive-win-loss-analyzer-api-ccd2ab,orbisapi.com,base,other,,false,1.0000,87,90,3,96,2026-07-13T07:35:36.934+00:00
https://orbisapi.com/proxy/competitive-win-score-api-9a2ee7,orbisapi.com,base,other,,false,1.0000,68,88,6,97,2026-07-17T06:12:26.369+00:00
https://orbisapi.com/proxy/competitor-price-lookup-0539cd,orbisapi.com,base,other,,false,1.0000,62,80,6,97,2026-07-16T06:33:57.218+00:00
https://orbisapi.com/proxy/complaint-classifier-api-77e13a,orbisapi.com,base,other,,false,1.0000,48,52,3,97,2026-07-15T05:51:38.927+00:00
https://orbisapi.com/proxy/completeness-score-api-3b16a2,orbisapi.com,base,other,,false,1.0000,90,92,3,96,2026-07-13T07:32:28.673+00:00
https://orbisapi.com/proxy/compliance-checker-api-c3a521,orbisapi.com,base,other,,false,1.0000,64,65,3,97,2026-07-14T06:19:58.041+00:00
https://orbisapi.com/proxy/compliance-coverage-calculator-api-a449ef,orbisapi.com,base,other,,false,1.0000,42,49,3,97,2026-07-15T05:51:10.77+00:00
https://orbisapi.com/proxy/compliance-gap-analyzer-api-66f0d8,orbisapi.com,base,other,,false,1.0000,92,94,3,96,2026-07-13T07:39:20.328+00:00
https://orbisapi.com/proxy/compliance-gap-finder-api-db404b,orbisapi.com,base,other,,false,1.0000,91,92,3,96,2026-07-13T07:36:46.905+00:00
https://orbisapi.com/proxy/compliance-toolkit-api-daae1c,orbisapi.com,base,other,,false,1.0000,81,83,3,96,2026-07-16T06:34:50.316+00:00
https://orbisapi.com/proxy/component-derating-score-api-7aab1e,orbisapi.com,base,other,,false,1.0000,40,49,6,97,2026-07-12T06:09:40.562+00:00
https://orbisapi.com/proxy/composite-defect-score-api-6a812b/info,orbisapi.com,base;solana:5eykt4usfv8p8njdtrepy1vzqkqzkvdp,other,,false,1.0000,49,137,3,95,2026-07-17T06:14:31.836+00:00
https://orbisapi.com/proxy/composition-space-calculator-api-7120c6,orbisapi.com,base,other,,false,1.0000,43,47,3,97,2026-07-15T05:51:15.826+00:00
https://orbisapi.com/proxy/composting-ratio-calculator-api-d2a2ed,orbisapi.com,base,other,,false,1.0000,64,93,6,97,2026-07-17T06:12:19.12+00:00
https://orbisapi.com/proxy/compound-growth-calculator-api-c1ee32,orbisapi.com,base,other,,false,1.0000,62,67,3,97,2026-07-14T06:24:14.631+00:00
https://orbisapi.com/proxy/compound-interest-api-1fdad0,orbisapi.com,base,other,,false,1.0000,85,91,6,97,2026-07-14T06:18:54.674+00:00
https://orbisapi.com/proxy/compound-interest-api-7ac785,orbisapi.com,base,other,,false,1.0000,46,50,3,97,2026-07-15T05:48:57.291+00:00
https://orbisapi.com/proxy/compound-interest-calculator-api-13a950,orbisapi.com,base,other,,false,1.0000,53,54,3,97,2026-07-17T06:13:50.166+00:00
https://orbisapi.com/proxy/compound-interest-calculator-api-7532d0,orbisapi.com,base,other,,false,1.0000,49,49,3,97,2026-07-17T06:15:36.984+00:00
https://orbisapi.com/proxy/compound-interest-calculator-api-985684,orbisapi.com,base,other,,false,1.0000,90,90,3,96,2026-07-13T07:37:28.979+00:00
https://orbisapi.com/proxy/compound-interest-calculator-api-eed612,orbisapi.com,base,other,,false,1.0000,42,45,3,97,2026-07-15T05:51:12.946+00:00
https://orbisapi.com/proxy/compressor-efficiency-api-3f1e16,orbisapi.com,base,other,,false,1.0000,45,48,3,97,2026-07-15T05:51:58.401+00:00
https://orbisapi.com/proxy/concept-definition-3f7f92,orbisapi.com,base,other,,false,1.0000,64,81,6,97,2026-07-16T06:33:51.61+00:00
https://orbisapi.com/proxy/concrete-volume-calculator-api-8c5ebb,orbisapi.com,base,other,,false,1.0000,65,87,6,97,2026-07-17T06:11:50.645+00:00
https://orbisapi.com/proxy/concurrent-programming-guide-api-0de700,orbisapi.com,base,other,,false,1.0000,44,44,3,97,2026-07-15T05:49:31.745+00:00
https://orbisapi.com/proxy/conference-classifier-api-f39a9d,orbisapi.com,base,other,,false,1.0000,93,94,3,96,2026-07-13T07:33:04.934+00:00
https://orbisapi.com/proxy/conference-lookup-a629bf,orbisapi.com,base,other,,false,1.0000,61,158,6,95,2026-07-16T06:33:45.479+00:00
https://orbisapi.com/proxy/confidence-interval-calculator-api-2c5092,orbisapi.com,base,other,,false,1.0000,89,91,3,96,2026-07-13T07:32:19.912+00:00
https://orbisapi.com/proxy/config-validator-api-ef96b4,orbisapi.com,base,other,,false,1.0000,48,66,3,97,2026-07-17T06:17:17.851+00:00
https://orbisapi.com/proxy/conflict-risk-score-api-447dfd,orbisapi.com,base,other,,false,1.0000,53,55,3,97,2026-07-17T06:12:41.512+00:00
https://orbisapi.com/proxy/confusion-matrix-analyzer-api-38ea6e,orbisapi.com,base,other,,false,1.0000,90,94,3,96,2026-07-13T07:39:39.586+00:00
https://orbisapi.com/proxy/confusion-matrix-api-0a1fd7,orbisapi.com,base,other,,false,1.0000,68,82,3,96,2026-07-14T06:24:19.765+00:00
https://orbisapi.com/proxy/confusion-matrix-calculator-api-3281e7,orbisapi.com,base,other,,false,1.0000,50,53,3,97,2026-07-17T06:18:32.466+00:00
https://orbisapi.com/proxy/consensus-guide-api-f24750,orbisapi.com,base,other,,false,1.0000,43,45,3,97,2026-07-15T05:48:59.925+00:00
https://orbisapi.com/proxy/consent-record-validator-api-74d284,orbisapi.com,base,other,,false,1.0000,63,70,3,97,2026-07-14T06:23:56.124+00:00
https://orbisapi.com/proxy/conservation-priority-score-api-2863ab/validate,orbisapi.com,base;solana:5eykt4usfv8p8njdtrepy1vzqkqzkvdp,other,,false,1.0000,49,52,3,97,2026-07-17T06:14:36.107+00:00
https://orbisapi.com/proxy/consistency-checker-api-c8b3c1,orbisapi.com,base,other,,false,1.0000,91,92,3,96,2026-07-13T07:32:33.802+00:00
https://orbisapi.com/proxy/constellation-guide-e95731/all,orbisapi.com,base;solana:5eykt4usfv8p8njdtrepy1vzqkqzkvdp,other,,false,1.0000,47,47,3,97,2026-07-11T06:17:16.657+00:00
https://orbisapi.com/proxy/constitution-facts-api-d080df,orbisapi.com,base,other,,false,1.0000,87,92,3,96,2026-07-16T06:40:27.302+00:00
https://orbisapi.com/proxy/constraint-checker-api-21a2d9,orbisapi.com,base,other,,false,1.0000,64,65,3,97,2026-07-14T06:21:01.015+00:00
https://orbisapi.com/proxy/contact-data-enrich-c20303,orbisapi.com,base,other,,false,1.0000,68,122,6,96,2026-07-16T06:33:39.654+00:00
https://orbisapi.com/proxy/contact-rate-calculator-api-3715c9,orbisapi.com,base,other,,false,1.0000,43,45,3,97,2026-07-15T05:51:44.456+00:00
https://orbisapi.com/proxy/container-orchestration-guide-api-76517c,orbisapi.com,base,other,,false,1.0000,42,47,3,97,2026-07-15T05:50:02.563+00:00
https://orbisapi.com/proxy/container-security-guide-api-54b517,orbisapi.com,base;solana:5eykt4usfv8p8njdtrepy1vzqkqzkvdp,other,,false,1.0000,44,46,3,97,2026-07-15T05:50:07.428+00:00
https://orbisapi.com/proxy/container-size-checker-api-220325,orbisapi.com,base,other,,false,1.0000,90,91,3,96,2026-07-13T07:32:32.842+00:00
https://orbisapi.com/proxy/contamination-score-api-89a83e,orbisapi.com,base,other,,false,1.0000,76,81,6,96,2026-07-17T06:11:16.925+00:00
https://orbisapi.com/proxy/contemporary-dance-9f3588,orbisapi.com,base;solana:5eykt4usfv8p8njdtrepy1vzqkqzkvdp,other,,false,1.0000,79,84,3,97,2026-07-16T06:38:49.182+00:00
https://orbisapi.com/proxy/content-age-score-api-577215,orbisapi.com,base,other,,false,1.0000,51,54,3,97,2026-07-17T06:12:38.924+00:00
https://orbisapi.com/proxy/content-brief-builder-api-612616,orbisapi.com,base,other,,false,1.0000,81,87,3,96,2026-07-16T06:39:29.179+00:00
https://orbisapi.com/proxy/content-brief-generator-api-4b21fb,orbisapi.com,base,other,,false,1.0000,81,107,6,97,2026-07-14T06:18:51.922+00:00
https://orbisapi.com/proxy/content-calendar-api-49de3b,orbisapi.com,base,other,,false,1.0000,89,95,6,96,2026-07-14T06:19:04.746+00:00
https://orbisapi.com/proxy/content-calendar-parser-api-5ce4a2,orbisapi.com,base,other,,false,1.0000,91,93,3,96,2026-07-13T07:32:37.656+00:00
https://orbisapi.com/proxy/content-category-classifier-api-d654cf,orbisapi.com,base,other,,false,1.0000,67,71,3,97,2026-07-14T06:24:14.983+00:00
https://orbisapi.com/proxy/content-classifier-api-5099e7,orbisapi.com,base,other,,false,1.0000,51,54,3,97,2026-07-17T06:13:55.762+00:00
https://orbisapi.com/proxy/content-freshness-api-11cf97,orbisapi.com,base,other,,false,1.0000,84,93,6,96,2026-07-14T06:18:48.844+00:00
https://orbisapi.com/proxy/content-freshness-api-607240,orbisapi.com,base,other,,false,1.0000,91,92,3,96,2026-07-13T07:32:30.997+00:00
https://orbisapi.com/proxy/content-gap-analyzer-api-c996ba,orbisapi.com,base,other,,false,1.0000,80,94,6,97,2026-07-14T06:18:55.004+00:00
https://orbisapi.com/proxy/content-grade-level-api-24674c,orbisapi.com,base,other,,false,1.0000,62,67,3,97,2026-07-14T06:24:02.348+00:00
https://orbisapi.com/proxy/content-length-recommender-api-13588c,orbisapi.com,base,other,,false,1.0000,50,55,3,97,2026-07-17T06:18:41.731+00:00
https://orbisapi.com/proxy/content-moderator-api-3ba78c,orbisapi.com,base,other,,false,1.0000,70,83,3,96,2026-07-14T06:21:23.095+00:00
https://orbisapi.com/proxy/content-optimizer-api-96d89b,orbisapi.com,base,other,,false,1.0000,50,56,3,97,2026-07-17T06:13:44.626+00:00
https://orbisapi.com/proxy/content-outline-builder-api-866b82,orbisapi.com,base,other,,false,1.0000,83,88,3,96,2026-07-16T06:39:37.086+00:00
https://orbisapi.com/proxy/content-quality-scorer-api-566748,orbisapi.com,base,other,,false,1.0000,81,93,3,96,2026-07-16T06:39:45.616+00:00
https://orbisapi.com/proxy/content-ratings-classifier-api-f5fff3,orbisapi.com,base,other,,false,1.0000,31,41,3,97,2026-07-12T06:11:06.207+00:00
https://orbisapi.com/proxy/content-score-api-81d12d,orbisapi.com,base,other,,false,1.0000,64,67,3,97,2026-07-14T06:24:47.703+00:00
https://orbisapi.com/proxy/content-summarizer-api-2babb0,orbisapi.com,base,other,,false,1.0000,92,93,3,96,2026-07-13T07:36:05.739+00:00
https://orbisapi.com/proxy/content-type-parser-api-a3b522,orbisapi.com,base,other,,false,1.0000,67,114,3,96,2026-07-14T06:24:18.716+00:00
https://orbisapi.com/proxy/context-length-calculator-api-f76b07,orbisapi.com,base;solana:5eykt4usfv8p8njdtrepy1vzqkqzkvdp,other,,false,1.0000,93,102,3,96,2026-07-13T07:32:27.291+00:00
https://orbisapi.com/proxy/context-state-api-aaf259,orbisapi.com,base,other,,false,1.0000,44,46,3,97,2026-07-15T05:51:13.897+00:00
https://orbisapi.com/proxy/context-trimmer-api-f5cf03,orbisapi.com,base,other,,false,1.0000,92,92,3,96,2026-07-13T07:32:18.957+00:00
https://orbisapi.com/proxy/context-window-checker-api-ba4e07,orbisapi.com,base,other,,false,1.0000,73,80,3,97,2026-07-14T06:24:06.826+00:00
https://orbisapi.com/proxy/context-window-optimizer-api-ba4a47,orbisapi.com,base,other,,false,1.0000,77,82,3,97,2026-07-16T06:40:11.438+00:00
https://orbisapi.com/proxy/continent-data-api-b0b256,orbisapi.com,base,other,,false,1.0000,51,52,3,97,2026-07-17T06:16:08.558+00:00
https://orbisapi.com/proxy/contract-abi-parser-api-792775,orbisapi.com,base,other,,false,1.0000,69,72,3,97,2026-07-14T06:23:54.784+00:00
https://orbisapi.com/proxy/contract-analyzer-api-6e7770,orbisapi.com,base,other,,false,1.0000,79,82,3,97,2026-07-16T06:35:03.354+00:00
https://orbisapi.com/proxy/contract-clause-counter-api-5cc633,orbisapi.com,base,other,,false,1.0000,50,51,3,97,2026-07-17T06:17:50.634+00:00
https://orbisapi.com/proxy/contract-clause-detector-api-4529c5,orbisapi.com,base,other,,false,1.0000,68,83,3,96,2026-07-14T06:24:03.039+00:00
https://orbisapi.com/proxy/contract-clause-extractor-api-1120f2,orbisapi.com,base,other,,false,1.0000,43,47,3,97,2026-07-15T05:51:51.03+00:00
https://orbisapi.com/proxy/contract-clause-library-api-bbd99c,orbisapi.com,base,other,,false,1.0000,79,85,3,96,2026-07-16T06:34:49.203+00:00
https://orbisapi.com/proxy/contract-compliance-api-5f8b2b,orbisapi.com,base,other,,false,1.0000,42,48,3,97,2026-07-15T05:49:14.889+00:00
https://orbisapi.com/proxy/contract-renewal-risk-score-api-eb5a89,orbisapi.com,base,other,,false,1.0000,31,33,3,97,2026-07-12T06:10:01.635+00:00
https://orbisapi.com/proxy/contract-security-guide-api-6c7d42,orbisapi.com,base,other,,false,1.0000,45,46,3,97,2026-07-15T05:49:18.647+00:00
https://orbisapi.com/proxy/contract-spend-analyzer-api-cfd9f4,orbisapi.com,base,other,,false,1.0000,90,122,3,96,2026-07-16T06:41:13.589+00:00
https://orbisapi.com/proxy/contract-value-estimator-api-3ebffe,orbisapi.com,base,other,,false,1.0000,47,49,3,97,2026-07-17T06:17:48.192+00:00
https://orbisapi.com/proxy/contractor-vs-employee-api-fa3a7a,orbisapi.com,base,other,,false,1.0000,63,82,6,97,2026-07-17T06:12:21.481+00:00
https://orbisapi.com/proxy/contributing-guide-api-0bb70e,orbisapi.com,base,other,,false,1.0000,49,49,3,97,2026-07-15T05:49:37.995+00:00
https://orbisapi.com/proxy/control-test-score-api-b6e820,orbisapi.com,base,other,,false,1.0000,83,143,3,96,2026-07-16T06:39:11.632+00:00
https://orbisapi.com/proxy/conventional-commits-guide-api-7853d4,orbisapi.com,base,other,,false,1.0000,44,47,3,97,2026-07-15T05:50:00.21+00:00
https://orbisapi.com/proxy/convergence-checker-api-e739e4,orbisapi.com,base,other,,false,1.0000,93,95,3,96,2026-07-13T07:32:36.252+00:00
https://orbisapi.com/proxy/conversation-compressor-api-921a3e,orbisapi.com,base,other,,false,1.0000,44,49,3,97,2026-07-15T05:49:18.279+00:00
https://orbisapi.com/proxy/conversation-compressor-api-e653b8,orbisapi.com,base,other,,false,1.0000,71,75,3,97,2026-07-14T06:20:55.228+00:00
https://orbisapi.com/proxy/conversation-history-api-9f6484,orbisapi.com,base,other,,false,1.0000,61,88,6,96,2026-07-16T06:33:50.488+00:00
https://orbisapi.com/proxy/conversation-summarizer-api-e62dee,orbisapi.com,base,other,,false,1.0000,89,91,3,96,2026-07-13T07:34:05.049+00:00
https://orbisapi.com/proxy/conversation-summarizer-api-eb79ec,orbisapi.com,base,other,,false,1.0000,43,55,3,97,2026-07-15T05:49:11.197+00:00
https://orbisapi.com/proxy/conversion-rate-calculator-api-b398f7,orbisapi.com,base,other,,false,1.0000,49,49,3,97,2026-07-17T06:18:32.918+00:00
https://orbisapi.com/proxy/conversion-rate-optimizer-api-e87c60,orbisapi.com,base,other,,false,1.0000,90,95,3,96,2026-07-13T07:37:12.463+00:00
https://orbisapi.com/proxy/cookie-notice-detector-api-d2c447,orbisapi.com,base,other,,false,1.0000,64,65,3,97,2026-07-14T06:24:22.316+00:00
https://orbisapi.com/proxy/cookie-parser-api-1401b6,orbisapi.com,base,other,,false,1.0000,64,69,3,97,2026-07-14T06:21:20.637+00:00
https://orbisapi.com/proxy/coolant-strategy-score-api-a5d56a,orbisapi.com,base,other,,false,1.0000,79,127,3,96,2026-07-15T05:51:31.176+00:00
https://orbisapi.com/proxy/coordinate-validator-api-274d95,orbisapi.com,base,other,,false,1.0000,62,72,3,97,2026-07-14T06:21:12.732+00:00
https://orbisapi.com/proxy/coordinates-distance-api-54d17d,orbisapi.com,base,other,,false,1.0000,71,72,3,97,2026-07-14T06:24:05.612+00:00
https://orbisapi.com/proxy/coordinates-validator-api-9f30af,orbisapi.com,base,other,,false,1.0000,65,71,3,97,2026-07-14T06:24:20.491+00:00
https://orbisapi.com/proxy/copywriting-guide-37abec,orbisapi.com,base,other,,false,1.0000,82,94,3,96,2026-07-16T06:38:30.724+00:00
https://orbisapi.com/proxy/coral-bleach-risk-score-api-e099be,orbisapi.com,base,other,,false,1.0000,80,87,3,96,2026-07-16T06:38:25.365+00:00
https://orbisapi.com/proxy/coral-reef-facts-e0bcc4,orbisapi.com,base,other,,false,1.0000,79,83,3,97,2026-07-16T06:38:39.475+00:00
https://orbisapi.com/proxy/core-web-vitals-calculator-api-c6e331,orbisapi.com,base,other,,false,1.0000,52,53,3,97,2026-07-17T06:18:46.137+00:00
https://orbisapi.com/proxy/core-web-vitals-guide-api-80d9e0,orbisapi.com,base,other,,false,1.0000,62,77,3,97,2026-07-14T06:20:34.17+00:00
https://orbisapi.com/proxy/coreference-resolver-api-fb7da2,orbisapi.com,base,other,,false,1.0000,90,95,3,96,2026-07-13T07:32:30.535+00:00
https://orbisapi.com/proxy/coreference-score-api-ef09ec,orbisapi.com,base,other,,false,1.0000,91,92,3,96,2026-07-13T07:32:29.155+00:00
https://orbisapi.com/proxy/correlation-analyzer-api-cb1370,orbisapi.com,base,other,,false,1.0000,90,90,3,96,2026-07-13T07:39:35.066+00:00
https://orbisapi.com/proxy/correlation-change-detector-api-4c218d,orbisapi.com,base,other,,false,1.0000,63,66,3,97,2026-07-14T06:23:53.74+00:00
https://orbisapi.com/proxy/correlation-coefficient-298862,orbisapi.com,base,other,,false,1.0000,73,88,6,96,2026-07-16T06:34:01.809+00:00
https://orbisapi.com/proxy/correlation-test-api-4834e3,orbisapi.com,base;solana:5eykt4usfv8p8njdtrepy1vzqkqzkvdp,other,,false,1.0000,91,100,3,96,2026-07-13T07:32:23.293+00:00
https://orbisapi.com/proxy/cors-guide-api-e856b1,orbisapi.com,base,other,,false,1.0000,43,46,3,97,2026-07-15T05:51:25.041+00:00
https://orbisapi.com/proxy/cors-policy-checker-api-00ff5c,orbisapi.com,base,other,,false,1.0000,67,73,3,97,2026-07-14T06:24:01.343+00:00
https://orbisapi.com/proxy/cors-validator-api-78a13f,orbisapi.com,base,other,,false,1.0000,70,75,3,96,2026-07-14T06:19:13.793+00:00
https://orbisapi.com/proxy/coso-alignment-score-api-62987c,orbisapi.com,base,other,,false,1.0000,43,52,6,97,2026-07-12T06:09:29.16+00:00
https://orbisapi.com/proxy/cost-basis-methods-api-bf24e3,orbisapi.com,base,other,,false,1.0000,80,80,3,97,2026-07-16T06:34:42.683+00:00
https://orbisapi.com/proxy/cost-per-acquisition-calculator-api-61ab83,orbisapi.com,base,other,,false,1.0000,67,79,3,96,2026-07-14T06:23:55.777+00:00
https://orbisapi.com/proxy/cost-per-hire-calculator-api-dfdc1e,orbisapi.com,base,other,,false,1.0000,52,53,3,97,2026-07-17T06:18:20.983+00:00
https://orbisapi.com/proxy/cost-per-task-api-7a1345,orbisapi.com,base,other,,false,1.0000,89,90,3,96,2026-07-13T07:32:36.715+00:00
https://orbisapi.com/proxy/cost-plus-pricing-api-a49d9a,orbisapi.com,base,other,,false,1.0000,47,50,3,97,2026-07-17T06:18:30.035+00:00
https://orbisapi.com/proxy/countdown-calculator-api-9f3506,orbisapi.com,base,other,,false,1.0000,91,92,3,96,2026-07-13T07:33:06.031+00:00
https://orbisapi.com/proxy/countdown-timer-api-98a22d,orbisapi.com,base,other,,false,1.0000,41,50,3,97,2026-07-15T05:51:14.635+00:00
https://orbisapi.com/proxy/countdown-timer-api-d5a56d,orbisapi.com,base;solana:5eykt4usfv8p8njdtrepy1vzqkqzkvdp,other,,false,1.0000,108,182,3,95,2026-07-14T06:24:17.935+00:00
https://orbisapi.com/proxy/counterfeit-detection-score-api-d18605,orbisapi.com,base,other,,false,1.0000,49,49,3,97,2026-07-11T06:18:05.488+00:00
https://orbisapi.com/proxy/counterparty-risk-score-api-6a2ec3,orbisapi.com,base,other,,false,1.0000,76,91,3,96,2026-07-16T06:38:21.041+00:00
https://orbisapi.com/proxy/country-bounding-box-api-c92faf,orbisapi.com,base;solana:5eykt4usfv8p8njdtrepy1vzqkqzkvdp,other,,false,1.0000,88,90,3,96,2026-07-13T07:32:26.336+00:00
https://orbisapi.com/proxy/country-currency-data-api-92282a/openapi,orbisapi.com,base;solana:5eykt4usfv8p8njdtrepy1vzqkqzkvdp,other,,false,1.0000,48,49,3,97,2026-07-11T06:12:11.889+00:00
https://orbisapi.com/proxy/country-data-eeeed6/analyze,orbisapi.com,base;solana:5eykt4usfv8p8njdtrepy1vzqkqzkvdp,other,,false,1.0000,48,49,3,97,2026-07-11T06:12:13.083+00:00
https://orbisapi.com/proxy/country-economy-api-e761fc,orbisapi.com,base,other,,false,1.0000,42,44,3,97,2026-07-15T05:49:03.045+00:00
https://orbisapi.com/proxy/country-facts-api-17ca53,orbisapi.com,base;solana:5eykt4usfv8p8njdtrepy1vzqkqzkvdp,other,,false,1.0000,49,54,3,97,2026-07-17T06:15:27.586+00:00
https://orbisapi.com/proxy/country-finance-api-65ec1f,orbisapi.com,base,other,,false,1.0000,43,44,3,97,2026-07-15T05:49:00.679+00:00
https://orbisapi.com/proxy/country-info-api-90c8a7,orbisapi.com,base,other,,false,1.0000,54,60,3,97,2026-07-17T06:16:09.726+00:00
https://orbisapi.com/proxy/country-info-api-b42bb1,orbisapi.com,base,other,,false,1.0000,65,72,3,97,2026-07-14T06:24:12.765+00:00
https://orbisapi.com/proxy/country-info-api-d5d63c,orbisapi.com,base,other,,false,1.0000,82,128,3,96,2026-07-16T06:35:41.789+00:00
https://orbisapi.com/proxy/coupon-code-validator-api-038736,orbisapi.com,base,other,,false,1.0000,76,92,6,97,2026-07-14T06:18:27.466+00:00
https://orbisapi.com/proxy/course-outline-generator-api-ecfdcb,orbisapi.com,base,other,,false,1.0000,91,92,3,96,2026-07-13T07:38:54.858+00:00
https://orbisapi.com/proxy/court-filing-fee-calculator-api-589510,orbisapi.com,base,other,,false,1.0000,43,129,6,97,2026-07-12T06:09:34.728+00:00
https://orbisapi.com/proxy/court-systems-api-ca7ab2,orbisapi.com,base,other,,false,1.0000,79,89,3,96,2026-07-16T06:40:22.863+00:00
https://orbisapi.com/proxy/cover-crop-benefit-calculator-api-548f43/compare,orbisapi.com,base;solana:5eykt4usfv8p8njdtrepy1vzqkqzkvdp,other,,false,1.0000,50,51,3,97,2026-07-17T06:12:30.849+00:00
https://orbisapi.com/proxy/coverage-gap-detector-api-709c02,orbisapi.com,base,other,,false,1.0000,79,117,3,96,2026-07-16T06:39:01.108+00:00
https://orbisapi.com/proxy/coverage-gap-detector-api-7a796e,orbisapi.com,base;solana:5eykt4usfv8p8njdtrepy1vzqkqzkvdp,other,,false,1.0000,95,100,3,96,2026-07-13T07:32:21.075+00:00
https://orbisapi.com/proxy/coverage-test-score-api-c87742/bulk,orbisapi.com,base;solana:5eykt4usfv8p8njdtrepy1vzqkqzkvdp,other,,false,1.0000,50,50,3,97,2026-07-17T06:12:37.149+00:00
https://orbisapi.com/proxy/cpg-island-detector-api-d03ee7,orbisapi.com,base,other,,false,1.0000,90,801,6,96,2026-07-13T07:31:44.18+00:00
https://orbisapi.com/proxy/cpue-calculator-api-a280a5,orbisapi.com,base,other,,false,1.0000,49,51,3,97,2026-07-11T06:15:22.735+00:00
https://orbisapi.com/proxy/crane-productivity-calculator-api-467821/analyze,orbisapi.com,base;solana:5eykt4usfv8p8njdtrepy1vzqkqzkvdp,other,,false,1.0000,50,51,3,97,2026-07-17T06:15:08.353+00:00
https://orbisapi.com/proxy/crawl-budget-estimator-api-5bdff3,orbisapi.com,base,other,,false,1.0000,49,53,3,97,2026-07-17T06:18:29.579+00:00
https://orbisapi.com/proxy/crc32-checksum-info-api-9f21ca,orbisapi.com,base,other,,false,1.0000,32,33,3,97,2026-07-12T06:09:48.035+00:00
https://orbisapi.com/proxy/cre-intel-api-api-f5723e,orbisapi.com,base;solana:5eykt4usfv8p8njdtrepy1vzqkqzkvdp,other,,false,1.0000,58,79,3,96,2026-07-17T06:15:18.374+00:00
https://orbisapi.com/proxy/cre-intel-api-e9b8d2,orbisapi.com,base;solana:5eykt4usfv8p8njdtrepy1vzqkqzkvdp,other,,false,1.0000,51,54,3,97,2026-07-17T06:15:40.26+00:00
https://orbisapi.com/proxy/creational-patterns-guide-api-37c051,orbisapi.com,base,other,,false,1.0000,42,48,3,97,2026-07-15T05:49:43.216+00:00
https://orbisapi.com/proxy/creative-commons-guide-api-15d866,orbisapi.com,base;solana:5eykt4usfv8p8njdtrepy1vzqkqzkvdp,other,,false,1.0000,44,53,3,97,2026-07-15T05:49:31.01+00:00
https://orbisapi.com/proxy/creative-writing-tips-b16817,orbisapi.com,base;solana:5eykt4usfv8p8njdtrepy1vzqkqzkvdp,other,,false,1.0000,52,53,3,97,2026-07-17T06:15:59.543+00:00
https://orbisapi.com/proxy/creativity-science-356ee3,orbisapi.com,base;solana:5eykt4usfv8p8njdtrepy1vzqkqzkvdp,other,,false,1.0000,65,79,6,97,2026-07-17T06:16:05.549+00:00
https://orbisapi.com/proxy/creator-econ-intel2-api-47c0bb,orbisapi.com,base;solana:5eykt4usfv8p8njdtrepy1vzqkqzkvdp,other,,false,1.0000,50,51,3,97,2026-07-17T06:16:09.954+00:00
https://orbisapi.com/proxy/credibility-calculator-api-d75b21/info,orbisapi.com,base;solana:5eykt4usfv8p8njdtrepy1vzqkqzkvdp,other,,false,1.0000,47,48,3,97,2026-07-17T06:16:29.648+00:00
https://orbisapi.com/proxy/credit-card-checker-api-09eb6a,orbisapi.com,base,other,,false,1.0000,63,66,3,97,2026-07-14T06:24:46.709+00:00
https://orbisapi.com/proxy/credit-card-payoff-api-539bbd,orbisapi.com,base,other,,false,1.0000,42,52,3,97,2026-07-15T05:51:43.871+00:00
https://orbisapi.com/proxy/credit-card-validator-api-f46843,orbisapi.com,base,other,,false,1.0000,68,68,3,97,2026-07-14T06:24:02.006+00:00
https://orbisapi.com/proxy/credit-card-validator-api-fb678d,orbisapi.com,base,other,,false,1.0000,70,75,3,96,2026-07-14T06:26:13.255+00:00
https://orbisapi.com/proxy/credit-repair-guide-api-230c79,orbisapi.com,base,other,,false,1.0000,51,54,3,97,2026-07-17T06:18:35.855+00:00
https://orbisapi.com/proxy/credit-score-estimator-api-e70b00/info,orbisapi.com,base;solana:5eykt4usfv8p8njdtrepy1vzqkqzkvdp,other,,false,1.0000,47,47,3,97,2026-07-17T06:16:51.767+00:00
https://orbisapi.com/proxy/credit-score-guide-api-228bf8,orbisapi.com,base,other,,false,1.0000,82,86,3,96,2026-07-16T06:39:24.741+00:00
https://orbisapi.com/proxy/credit-score-guide-api-228bf8/finance/budget,orbisapi.com,base;solana:5eykt4usfv8p8njdtrepy1vzqkqzkvdp,other,,false,1.0000,49,52,6,97,2026-07-17T06:16:55.338+00:00
https://orbisapi.com/proxy/credit-score-guide-v2-api-93d891,orbisapi.com,base,other,,false,1.0000,68,73,3,97,2026-07-14T06:25:24.444+00:00
https://orbisapi.com/proxy/credit-score-impact-api-75eb76,orbisapi.com,base,other,,false,1.0000,94,95,3,96,2026-07-13T07:36:48.322+00:00
https://orbisapi.com/proxy/credit-spread-calculator-api-bce405,orbisapi.com,base,other,,false,1.0000,83,87,3,96,2026-07-16T06:38:53.27+00:00
https://orbisapi.com/proxy/credit-utilization-api-461052,orbisapi.com,base,other,,false,1.0000,51,52,3,97,2026-07-17T06:14:28.609+00:00
https://orbisapi.com/proxy/cricket-terms-api-2b7b11,orbisapi.com,base,other,,false,1.0000,81,85,3,96,2026-07-16T06:40:14.435+00:00
https://orbisapi.com/proxy/crisis-communication-planner-api-a1bbc7/compare%20-%20Compare%20two%20records%20and%20identify%20the%20higher-priority%20option,orbisapi.com,base;solana:5eykt4usfv8p8njdtrepy1vzqkqzkvdp,other,,false,1.0000,51,52,3,97,2026-07-17T06:17:32.785+00:00
https://orbisapi.com/proxy/critical-path-score-api-8ee112,orbisapi.com,base,other,,false,1.0000,85,88,3,96,2026-07-16T06:38:24.973+00:00
https://orbisapi.com/proxy/critical-thinking-guide-b0cd29,orbisapi.com,base;solana:5eykt4usfv8p8njdtrepy1vzqkqzkvdp,other,,false,1.0000,78,83,3,96,2026-07-16T06:38:39.849+00:00
https://orbisapi.com/proxy/crm-detector-api-91947b,orbisapi.com,base,other,,false,1.0000,72,72,3,97,2026-07-14T06:24:23.018+00:00
https://orbisapi.com/proxy/crm-hygiene-scorer-api-ebe504,orbisapi.com,base,other,,false,1.0000,90,97,3,96,2026-07-13T07:37:02.901+00:00
https://orbisapi.com/proxy/cron-expression-api-6cf32c,orbisapi.com,base,other,,false,1.0000,40,42,3,97,2026-07-15T05:51:50.502+00:00
https://orbisapi.com/proxy/cron-expression-builder-api-4fd2da,orbisapi.com,base,other,,false,1.0000,70,74,3,97,2026-07-14T06:19:39.992+00:00
https://orbisapi.com/proxy/cron-next-run-api-a2834e,orbisapi.com,base,other,,false,1.0000,65,69,3,97,2026-07-14T06:24:05.274+00:00
https://orbisapi.com/proxy/cron-parser-api-b0f6ef,orbisapi.com,base,other,,false,1.0000,72,73,3,97,2026-07-14T06:21:20.321+00:00
https://orbisapi.com/proxy/cron-parser-api-fce45b,orbisapi.com,base,other,,false,1.0000,50,51,3,97,2026-07-17T06:16:45.22+00:00
https://orbisapi.com/proxy/cron-syntax-guide-api-1904d7,orbisapi.com,base,other,,false,1.0000,41,42,3,97,2026-07-15T05:49:58.745+00:00
https://orbisapi.com/proxy/cross-border-compliance-score-api-751f1f,orbisapi.com,base,other,,false,1.0000,44,51,3,97,2026-07-15T05:51:27.263+00:00
https://orbisapi.com/proxy/cross-chain-fee-api-5b64fe,orbisapi.com,base,other,,false,1.0000,89,90,3,96,2026-07-13T07:36:44.075+00:00
https://orbisapi.com/proxy/cross-chain-guide-api-759835,orbisapi.com,base,other,,false,1.0000,71,72,3,97,2026-07-14T06:26:25.756+00:00
https://orbisapi.com/proxy/cross-encoder-score-54581c,orbisapi.com,base,other,,false,1.0000,64,125,6,95,2026-07-16T06:33:40.806+00:00
https://orbisapi.com/proxy/cross-rate-calc-a2e6b4,orbisapi.com,base;solana:5eykt4usfv8p8njdtrepy1vzqkqzkvdp,other,,false,1.0000,59,115,6,96,2026-07-16T06:33:46.327+00:00
https://orbisapi.com/proxy/cross-sell-analyzer-api-68127a,orbisapi.com,base;solana:5eykt4usfv8p8njdtrepy1vzqkqzkvdp,other,,false,1.0000,92,92,3,96,2026-07-13T07:37:47.391+00:00
https://orbisapi.com/proxy/cross-sell-matrix-api-bcfca9,orbisapi.com,base,other,,false,1.0000,72,83,3,97,2026-07-14T06:20:33.499+00:00
https://orbisapi.com/proxy/crypto-accounting-api-29f56b,orbisapi.com,base,other,,false,1.0000,85,95,3,96,2026-07-16T06:39:22.36+00:00
https://orbisapi.com/proxy/crypto-advanced-glossary-api-01c4db/categories,orbisapi.com,base;solana:5eykt4usfv8p8njdtrepy1vzqkqzkvdp,other,,false,1.0000,47,48,3,97,2026-07-11T06:11:47.519+00:00
https://orbisapi.com/proxy/crypto-agent-toolkit-api-566ac7,orbisapi.com,base,other,,false,1.0000,54,54,3,97,2026-07-17T06:13:48.52+00:00
https://orbisapi.com/proxy/crypto-airdrop-eligibility-guide-api-88ec9a,orbisapi.com,base,other,,false,1.0000,48,51,3,97,2026-07-17T06:14:18.537+00:00
https://orbisapi.com/proxy/crypto-airdrop-eligibility-rules-api-563bba/campaigns,orbisapi.com,base;solana:5eykt4usfv8p8njdtrepy1vzqkqzkvdp,other,,false,1.0000,47,49,3,97,2026-07-11T06:11:50.786+00:00
https://orbisapi.com/proxy/crypto-capital-gains-calculator-api-2fdb07/validate,orbisapi.com,base;solana:5eykt4usfv8p8njdtrepy1vzqkqzkvdp,other,,false,1.0000,46,50,3,97,2026-07-11T06:17:08.958+00:00
https://orbisapi.com/proxy/crypto-currency-reference-api-1498b8,orbisapi.com,base,other,,false,1.0000,45,56,3,97,2026-07-15T05:51:14.269+00:00
https://orbisapi.com/proxy/crypto-decision-engine-api-f700a5,orbisapi.com,base,other,,false,1.0000,69,71,3,97,2026-07-14T06:20:21.074+00:00
https://orbisapi.com/proxy/crypto-dominance-tracker-api-326541,orbisapi.com,base,other,,false,1.0000,49,50,3,97,2026-07-17T06:14:19.228+00:00
https://orbisapi.com/proxy/crypto-economics-api-bbfad0,orbisapi.com,base,other,,false,1.0000,41,46,3,97,2026-07-15T05:48:57.478+00:00
https://orbisapi.com/proxy/crypto-fee-estimator-api-17999e,orbisapi.com,base,other,,false,1.0000,47,48,3,97,2026-07-17T06:17:06.344+00:00
https://orbisapi.com/proxy/crypto-fundamentals-api-725c86,orbisapi.com,base,other,,false,1.0000,53,68,6,97,2026-07-15T05:48:46.627+00:00
https://orbisapi.com/proxy/crypto-gain-calculator-api-73b63a/describe,orbisapi.com,base;solana:5eykt4usfv8p8njdtrepy1vzqkqzkvdp,other,,false,1.0000,78,78,3,97,2026-07-16T06:40:50.118+00:00
https://orbisapi.com/proxy/crypto-glossary-api-5c00f0,orbisapi.com,base,other,,false,1.0000,50,52,3,97,2026-07-17T06:15:08.098+00:00
https://orbisapi.com/proxy/crypto-inst-intel-api-32a110,orbisapi.com,base;solana:5eykt4usfv8p8njdtrepy1vzqkqzkvdp,other,,false,1.0000,50,51,3,97,2026-07-11T06:13:58.613+00:00
https://orbisapi.com/proxy/crypto-jurisdiction-guide-api-1b9448,orbisapi.com,base,other,,false,1.0000,90,131,3,96,2026-07-16T06:34:30.982+00:00
https://orbisapi.com/proxy/crypto-market-cap-2b1e82,orbisapi.com,base,other,,false,1.0000,77,156,6,95,2026-07-16T06:34:01.411+00:00
https://orbisapi.com/proxy/crypto-metrics-api-6b002a,orbisapi.com,base,other,,false,1.0000,55,69,6,97,2026-07-15T05:48:46.072+00:00
https://orbisapi.com/proxy/crypto-news-impact-api-7b6e32,orbisapi.com,base;solana:5eykt4usfv8p8njdtrepy1vzqkqzkvdp,other,,false,1.0000,43,44,3,97,2026-07-15T05:49:19.206+00:00
https://orbisapi.com/proxy/crypto-portfolio-allocator-api-d89a52,orbisapi.com,base,other,,false,1.0000,50,117,6,95,2026-07-12T06:09:25.392+00:00
https://orbisapi.com/proxy/crypto-portfolio-intelligence-api-ce6be6,orbisapi.com,base,other,,false,1.0000,49,49,3,97,2026-07-17T06:13:38.387+00:00
https://orbisapi.com/proxy/crypto-portfolio-risk-intelligence-api-81c894,orbisapi.com,base,other,,false,1.0000,47,50,3,97,2026-07-11T06:17:17.535+00:00
https://orbisapi.com/proxy/crypto-position-sizing-api-a5fb42,orbisapi.com,base,other,,false,1.0000,50,50,3,97,2026-07-17T06:13:32.244+00:00
https://orbisapi.com/proxy/crypto-price-signals-api-bc1582,orbisapi.com,base,other,,false,1.0000,48,49,3,97,2026-07-17T06:13:55.987+00:00
https://orbisapi.com/proxy/crypto-project-scorer-api-631b54,orbisapi.com,base,other,,false,1.0000,55,67,6,97,2026-07-15T05:48:48.959+00:00
https://orbisapi.com/proxy/crypto-research-api-3198c1,orbisapi.com,base,other,,false,1.0000,58,68,6,97,2026-07-15T05:48:49.702+00:00
https://orbisapi.com/proxy/crypto-research-path-api-8c6cbe,orbisapi.com,base,other,,false,1.0000,70,71,3,97,2026-07-14T06:24:43.187+00:00
https://orbisapi.com/proxy/crypto-risk-api-6fdb0a,orbisapi.com,base,other,,false,1.0000,42,47,3,97,2026-07-15T05:49:16.998+00:00
https://orbisapi.com/proxy/crypto-salary-negotiation-api-284c50,orbisapi.com,base,other,,false,1.0000,70,71,3,97,2026-07-14T06:24:41.137+00:00
https://orbisapi.com/proxy/crypto-screener-api-ec0691,orbisapi.com,base,other,,false,1.0000,48,57,3,97,2026-07-17T06:13:39.119+00:00
https://orbisapi.com/proxy/crypto-sentiment-api-30c4fd,orbisapi.com,base,other,,false,1.0000,43,45,3,97,2026-07-15T05:51:13.134+00:00
https://orbisapi.com/proxy/crypto-social-sentiment-api-64d61b,orbisapi.com,base,other,,false,1.0000,48,58,3,97,2026-07-17T06:14:11.337+00:00
https://orbisapi.com/proxy/crypto-stablecoin-guide-api-10f586,orbisapi.com,base,other,,false,1.0000,50,51,3,97,2026-07-17T06:14:34.703+00:00
https://orbisapi.com/proxy/crypto-tax-asia-api-ba4815,orbisapi.com,base,other,,false,1.0000,80,80,3,97,2026-07-16T06:34:33.257+00:00
https://orbisapi.com/proxy/crypto-tax-calendar-api-271bf8,orbisapi.com,base,other,,false,1.0000,47,47,3,97,2026-07-17T06:17:53.165+00:00
https://orbisapi.com/proxy/crypto-tax-europe-api-bd0586,orbisapi.com,base,other,,false,1.0000,50,50,3,97,2026-07-17T06:17:52.254+00:00
https://orbisapi.com/proxy/crypto-tax-event-classifier-api-cd39a2,orbisapi.com,base,other,,false,1.0000,70,73,3,97,2026-07-14T06:20:02.633+00:00
https://orbisapi.com/proxy/crypto-tax-loss-calculator-api-7d5fa6,orbisapi.com,base,other,,false,1.0000,82,83,3,96,2026-07-16T06:34:42.316+00:00
https://orbisapi.com/proxy/crypto-tax-lot-optimizer-api-43ab34,orbisapi.com,base,other,,false,1.0000,91,95,3,96,2026-07-13T07:34:11.963+00:00
https://orbisapi.com/proxy/crypto-tax-optimizer-api-92b229,orbisapi.com,base,other,,false,1.0000,76,76,3,97,2026-07-16T06:34:36.596+00:00
https://orbisapi.com/proxy/crypto-tax-us-api-99ba96,orbisapi.com,base,other,,false,1.0000,90,112,3,96,2026-07-16T06:34:29.431+00:00
https://orbisapi.com/proxy/crypto-team-analyzer-api-4e8ee2,orbisapi.com,base,other,,false,1.0000,43,48,3,97,2026-07-15T05:48:50.565+00:00
https://orbisapi.com/proxy/crypto-threat-intelligence-api-607f75,orbisapi.com,base,other,,false,1.0000,41,43,3,97,2026-07-15T05:49:17.724+00:00
https://orbisapi.com/proxy/crypto-token-risk-rules-api-cb8aa0,orbisapi.com,base,other,,false,1.0000,49,54,3,97,2026-07-17T06:13:35.453+00:00
https://orbisapi.com/proxy/crypto-trading-tools-api-8fc973,orbisapi.com,base,other,,false,1.0000,49,52,3,97,2026-07-17T06:13:23.557+00:00
https://orbisapi.com/proxy/crypto-unit-convert-ba299a,orbisapi.com,base,other,,false,1.0000,63,92,6,96,2026-07-16T06:33:50.877+00:00
https://orbisapi.com/proxy/crypto-vc-deal-flow-api-13399f,orbisapi.com,base,other,,false,1.0000,91,94,3,96,2026-07-13T07:38:06.77+00:00
https://orbisapi.com/proxy/crypto-vetting-api-288fe1,orbisapi.com,base,other,,false,1.0000,60,75,6,96,2026-07-15T05:48:39.124+00:00
https://orbisapi.com/proxy/crypto-volatility-analyzer-api-562c67,orbisapi.com,base;solana:5eykt4usfv8p8njdtrepy1vzqkqzkvdp,other,,false,1.0000,88,90,3,96,2026-07-13T07:34:04.591+00:00
https://orbisapi.com/proxy/crypto-wallet-behavior-analyzer-api-4ebfed,orbisapi.com,base,other,,false,1.0000,49,50,3,97,2026-07-17T06:13:41.546+00:00
https://orbisapi.com/proxy/crypto-wallet-risk-scorer-api-552270,orbisapi.com,base,other,,false,1.0000,91,94,3,96,2026-07-13T07:38:00.313+00:00
https://orbisapi.com/proxy/csat-score-calculator-api-cbc310,orbisapi.com,base,other,,false,1.0000,88,91,3,96,2026-07-13T07:36:35.025+00:00
https://orbisapi.com/proxy/csp-builder-api-014cb8,orbisapi.com,base,other,,false,1.0000,64,67,3,97,2026-07-14T06:19:27.664+00:00
https://orbisapi.com/proxy/csp-header-parser-api-e978a8,orbisapi.com,base,other,,false,1.0000,64,66,3,97,2026-07-14T06:23:54.086+00:00
https://orbisapi.com/proxy/css-variables-guide-api-d9951a,orbisapi.com,base,other,,false,1.0000,42,52,3,97,2026-07-15T05:50:25.847+00:00
https://orbisapi.com/proxy/css-variables-guide-api-d9951a/bulk,orbisapi.com,base;solana:5eykt4usfv8p8njdtrepy1vzqkqzkvdp,other,,false,1.0000,47,48,3,97,2026-07-11T06:15:21.092+00:00
https://orbisapi.com/proxy/css3-features-guide-api-1dc8c4,orbisapi.com,base;solana:5eykt4usfv8p8njdtrepy1vzqkqzkvdp,other,,false,1.0000,70,72,3,96,2026-07-14T06:20:29.005+00:00
https://orbisapi.com/proxy/csv-column-stats-api-ad40b0,orbisapi.com,base;solana:5eykt4usfv8p8njdtrepy1vzqkqzkvdp,other,,false,1.0000,94,116,3,96,2026-07-14T06:24:18.336+00:00
https://orbisapi.com/proxy/csv-encoding-guide-api-3450e5,orbisapi.com,base,other,,false,1.0000,43,48,3,97,2026-07-15T05:50:41.572+00:00
https://orbisapi.com/proxy/csv-header-normalizer-api-043c52,orbisapi.com,base,other,,false,1.0000,48,53,3,97,2026-07-11T06:12:54.666+00:00
https://orbisapi.com/proxy/csv-parser-api-0dc219,orbisapi.com,base,other,,false,1.0000,66,70,3,97,2026-07-14T06:26:17.395+00:00
https://orbisapi.com/proxy/csv-to-json-converter-api-15b18c,orbisapi.com,base;solana:5eykt4usfv8p8njdtrepy1vzqkqzkvdp,other,,false,1.0000,68,68,3,97,2026-07-14T06:24:22.66+00:00
https://orbisapi.com/proxy/csv-to-json-converter-api-8d4074,orbisapi.com,base,other,,false,1.0000,51,59,3,97,2026-07-17T06:14:04.237+00:00
https://orbisapi.com/proxy/csv-transformer-api-6bbba4,orbisapi.com,base,other,,false,1.0000,57,68,3,97,2026-07-14T06:19:50.592+00:00
https://orbisapi.com/proxy/csv-validator-api-524dfa,orbisapi.com,base;solana:5eykt4usfv8p8njdtrepy1vzqkqzkvdp,other,,false,1.0000,64,65,3,97,2026-07-14T06:24:08.976+00:00
https://orbisapi.com/proxy/cta-generator-api-7eaa69,orbisapi.com,base,other,,false,1.0000,81,88,3,96,2026-07-16T06:39:44.856+00:00
https://orbisapi.com/proxy/ctr-threshold-checker-api-cce5c4,orbisapi.com,base,other,,false,1.0000,47,64,6,96,2026-07-12T06:09:28.042+00:00
https://orbisapi.com/proxy/cube-utilization-calculator-api-94873b,orbisapi.com,base,other,,false,1.0000,50,53,3,97,2026-07-11T06:18:05.042+00:00
https://orbisapi.com/proxy/culinary-herbs-1bce36,orbisapi.com,base;solana:5eykt4usfv8p8njdtrepy1vzqkqzkvdp,other,,false,1.0000,79,80,3,97,2026-07-16T06:38:36.346+00:00
https://orbisapi.com/proxy/cultural-records-cc4734,orbisapi.com,base;solana:5eykt4usfv8p8njdtrepy1vzqkqzkvdp,other,,false,1.0000,82,87,3,96,2026-07-16T06:38:32.287+00:00
https://orbisapi.com/proxy/culture-and-society-f5b50f,orbisapi.com,base;solana:5eykt4usfv8p8njdtrepy1vzqkqzkvdp,other,,false,1.0000,80,83,3,97,2026-07-16T06:38:41.878+00:00
https://orbisapi.com/proxy/currency-basket-rate-a04f8d,orbisapi.com,base;solana:5eykt4usfv8p8njdtrepy1vzqkqzkvdp,other,,false,1.0000,63,117,6,96,2026-07-16T06:33:45.906+00:00
https://orbisapi.com/proxy/currency-codes-api-c0f5b0,orbisapi.com,base,other,,false,1.0000,65,85,3,96,2026-07-14T06:21:11.054+00:00
https://orbisapi.com/proxy/currency-conversion-guide-api-872112,orbisapi.com,base,other,,false,1.0000,43,46,3,97,2026-07-15T05:49:01.052+00:00
https://orbisapi.com/proxy/currency-converter-api-508aa2,orbisapi.com,base,other,,false,1.0000,90,92,6,96,2026-07-14T06:18:59.521+00:00
https://orbisapi.com/proxy/currency-converter-api-84512c,orbisapi.com,base,other,,false,1.0000,48,52,3,97,2026-07-17T06:13:43.406+00:00
https://orbisapi.com/proxy/currency-exchange-api-f944bf,orbisapi.com,base,other,,false,1.0000,49,50,3,97,2026-07-17T06:16:54.878+00:00
https://orbisapi.com/proxy/currency-info-api-713084,orbisapi.com,base,other,,false,1.0000,46,48,3,97,2026-07-15T05:48:52.746+00:00
https://orbisapi.com/proxy/currency-reference-api-f07462,orbisapi.com,base,other,,false,1.0000,47,48,3,97,2026-07-15T05:51:12.572+00:00
https://orbisapi.com/proxy/currency-unit-converter-api-e0e5ae,orbisapi.com,base,other,,false,1.0000,49,53,3,97,2026-07-17T06:16:13.429+00:00
https://orbisapi.com/proxy/current-ratio-calculator-api-01491e,orbisapi.com,base,other,,false,1.0000,51,60,3,97,2026-07-17T06:18:07.253+00:00
https://orbisapi.com/proxy/current-timezone-info-api-4f58b2,orbisapi.com,base;solana:5eykt4usfv8p8njdtrepy1vzqkqzkvdp,other,,false,1.0000,41,49,6,97,2026-07-12T06:09:40.991+00:00
https://orbisapi.com/proxy/curriculum-alignment-api-166035,orbisapi.com,base,other,,false,1.0000,72,82,3,96,2026-07-14T06:24:02.692+00:00
https://orbisapi.com/proxy/curriculum-mapper-api-55c135,orbisapi.com,base,other,,false,1.0000,91,93,3,96,2026-07-13T07:38:09.601+00:00
https://orbisapi.com/proxy/curriculum-mapper-api-d4ba8a,orbisapi.com,base;solana:5eykt4usfv8p8njdtrepy1vzqkqzkvdp,other,,false,1.0000,49,56,3,97,2026-07-17T06:14:27.636+00:00
https://orbisapi.com/proxy/curtailment-risk-calculator-api-006d8d,orbisapi.com,base,other,,false,1.0000,47,48,3,97,2026-07-11T06:17:21.947+00:00
https://orbisapi.com/proxy/customer-health-scorer-api-639cba,orbisapi.com,base,other,,false,1.0000,80,96,6,97,2026-07-14T06:19:02.532+00:00
https://orbisapi.com/proxy/customer-lifetime-value-api-e10b98,orbisapi.com,base,other,,false,1.0000,64,65,3,97,2026-07-14T06:24:54.083+00:00
https://orbisapi.com/proxy/customer-retention-calculator-api-d0796a,orbisapi.com,base,other,,false,1.0000,49,51,3,97,2026-07-17T06:16:00.502+00:00
https://orbisapi.com/proxy/customer-segmentation-api-bca270,orbisapi.com,base;solana:5eykt4usfv8p8njdtrepy1vzqkqzkvdp,other,,false,1.0000,92,94,3,96,2026-07-13T07:37:01.477+00:00
https://orbisapi.com/proxy/customer-segmenter-api-8aea63,orbisapi.com,base,other,,false,1.0000,80,92,6,97,2026-07-14T06:18:33.036+00:00
https://orbisapi.com/proxy/cutting-yield-calculator-api-ef6307,orbisapi.com,base,other,,false,1.0000,44,57,6,97,2026-07-12T06:09:36.357+00:00
https://orbisapi.com/proxy/cve-lookup-412856,orbisapi.com,base,other,,false,1.0000,65,86,6,96,2026-07-16T06:33:55.642+00:00
https://orbisapi.com/proxy/cvss-score-calculator-api-c6c50c,orbisapi.com,base,other,,false,1.0000,30,31,3,97,2026-07-12T06:10:10.496+00:00
https://orbisapi.com/proxy/cyber-insurance-score-api-627805,orbisapi.com,base,other,,false,1.0000,42,51,6,97,2026-07-12T06:09:31.909+00:00
https://orbisapi.com/proxy/cyber-insurance-scorer-api-f770e9,orbisapi.com,base;solana:5eykt4usfv8p8njdtrepy1vzqkqzkvdp,other,,false,1.0000,91,97,3,96,2026-07-13T07:37:24.775+00:00
https://orbisapi.com/proxy/cyclotron-yield-calculator-api-c08753,orbisapi.com,base,other,,false,1.0000,49,121,6,95,2026-07-12T06:09:25.787+00:00
https://orbisapi.com/proxy/da-dr-scorer-api-5c8a8b,orbisapi.com,base,other,,false,1.0000,50,52,3,97,2026-07-17T06:18:27.919+00:00
https://orbisapi.com/proxy/dad-jokes-api-bf84c3,orbisapi.com,base,other,,false,1.0000,52,53,3,97,2026-07-17T06:16:42.869+00:00
https://orbisapi.com/proxy/daily-horoscope-api-6a2301,orbisapi.com,base,other,,false,1.0000,48,50,3,97,2026-07-17T06:17:09.34+00:00
https://orbisapi.com/proxy/dairy-nutrition-922958,orbisapi.com,base,other,,false,1.0000,52,53,3,97,2026-07-11T06:17:26.936+00:00
https://orbisapi.com/proxy/dao-contributor-guide-api-2eb2d2,orbisapi.com,base,other,,false,1.0000,63,65,3,97,2026-07-14T06:24:45.085+00:00
https://orbisapi.com/proxy/dao-jobs-api-4fd667,orbisapi.com,base,other,,false,1.0000,72,118,6,96,2026-07-15T05:48:40.869+00:00
https://orbisapi.com/proxy/dao-proposal-scorer-api-bd767d,orbisapi.com,base,other,,false,1.0000,68,73,3,97,2026-07-14T06:20:11.014+00:00
https://orbisapi.com/proxy/dark-web-mention-4fcfbe,orbisapi.com,base,other,,false,1.0000,60,81,6,97,2026-07-16T06:33:51.978+00:00
https://orbisapi.com/proxy/dashboard-metrics-api-e195cd,orbisapi.com,base,other,,false,1.0000,83,92,6,97,2026-07-14T06:19:06.878+00:00
https://orbisapi.com/proxy/data-aggregator-api-914ee3,orbisapi.com,base,other,,false,1.0000,62,67,3,97,2026-07-14T06:19:34.622+00:00
https://orbisapi.com/proxy/data-breach-cost-estimator-api-87ea8f,orbisapi.com,base,other,,false,1.0000,89,89,3,96,2026-07-13T07:39:07.84+00:00
https://orbisapi.com/proxy/data-classification-api-1fadc4,orbisapi.com,base,other,,false,1.0000,47,48,3,97,2026-07-17T06:16:34.493+00:00
https://orbisapi.com/proxy/data-classification-score-api-9afb44,orbisapi.com,base,other,,false,1.0000,31,32,3,97,2026-07-12T06:10:49.659+00:00
https://orbisapi.com/proxy/data-drift-detector-api-58fc93,orbisapi.com,base,other,,false,1.0000,49,51,3,97,2026-07-17T06:17:52.025+00:00
https://orbisapi.com/proxy/data-drift-detector-api-c79a5b,orbisapi.com,base,other,,false,1.0000,90,93,3,96,2026-07-13T07:39:41.453+00:00
https://orbisapi.com/proxy/data-encryption-advisor-api-452b21,orbisapi.com,base,other,,false,1.0000,62,79,3,96,2026-07-14T06:19:30.801+00:00
https://orbisapi.com/proxy/data-enricher-api-21c836,orbisapi.com,base,other,,false,1.0000,71,74,3,97,2026-07-14T06:19:25.128+00:00
https://orbisapi.com/proxy/data-formatter-api-8d4758,orbisapi.com,base,other,,false,1.0000,66,70,3,97,2026-07-14T06:26:02.935+00:00
https://orbisapi.com/proxy/data-hygiene-score-api-e44dba,orbisapi.com,base,other,,false,1.0000,49,99,6,96,2026-07-12T06:09:29.539+00:00
https://orbisapi.com/proxy/data-latency-score-api-9d5858,orbisapi.com,base,other,,false,1.0000,47,52,3,97,2026-07-11T06:15:21.333+00:00
https://orbisapi.com/proxy/data-mask-3930de/openapi,orbisapi.com,base;solana:5eykt4usfv8p8njdtrepy1vzqkqzkvdp,other,,false,1.0000,49,84,3,96,2026-07-11T06:11:29.589+00:00
https://orbisapi.com/proxy/data-masker-api-014317,orbisapi.com,base,other,,false,1.0000,69,80,3,96,2026-07-14T06:20:01.924+00:00
https://orbisapi.com/proxy/data-masking-api-6597e3,orbisapi.com,base,other,,false,1.0000,65,70,3,97,2026-07-14T06:23:55.447+00:00
https://orbisapi.com/proxy/data-pipeline-quality-scorer-api-0ce012/openapi,orbisapi.com,base;solana:5eykt4usfv8p8njdtrepy1vzqkqzkvdp,other,,false,1.0000,48,50,3,97,2026-07-11T06:14:06.954+00:00
https://orbisapi.com/proxy/data-privacy-scanner-api-45301b/risk,orbisapi.com,base;solana:5eykt4usfv8p8njdtrepy1vzqkqzkvdp,other,,false,1.0000,47,52,3,97,2026-07-11T06:14:10.29+00:00
https://orbisapi.com/proxy/data-processing-agreement-checker-api-3e4587,orbisapi.com,base,other,,false,1.0000,90,91,3,96,2026-07-13T07:36:34.298+00:00
https://orbisapi.com/proxy/data-processing-agreement-checker-api-ab373d,orbisapi.com,base,other,,false,1.0000,50,50,3,97,2026-07-17T06:17:42.846+00:00
https://orbisapi.com/proxy/data-processing-agreement-checker-api-ab373d/info,orbisapi.com,base;solana:5eykt4usfv8p8njdtrepy1vzqkqzkvdp,other,,false,1.0000,49,49,3,97,2026-07-11T06:11:40.988+00:00
https://orbisapi.com/proxy/data-profiler-api-751a47,orbisapi.com,base,other,,false,1.0000,64,74,3,97,2026-07-14T06:19:35.646+00:00
https://orbisapi.com/proxy/data-profiling-summary-api-4defc6,orbisapi.com,base,other,,false,1.0000,30,33,3,97,2026-07-12T06:12:49.883+00:00
https://orbisapi.com/proxy/data-quality-rules-api-0d73ba,orbisapi.com,base,other,,false,1.0000,66,70,3,97,2026-07-14T06:19:14.797+00:00
https://orbisapi.com/proxy/data-quality-score-api-281c5f/validate,orbisapi.com,base;solana:5eykt4usfv8p8njdtrepy1vzqkqzkvdp,other,,false,1.0000,46,49,3,97,2026-07-11T06:12:12.13+00:00
https://orbisapi.com/proxy/data-quality-scorer-api-6ed0ea,orbisapi.com,base,other,,false,1.0000,70,112,3,96,2026-07-14T06:20:18.64+00:00
https://orbisapi.com/proxy/data-residency-checker-api-6d0378,orbisapi.com,base,other,,false,1.0000,48,49,3,97,2026-07-17T06:17:46.839+00:00
https://orbisapi.com/proxy/data-residency-checker-api-6d0378/info,orbisapi.com,base;solana:5eykt4usfv8p8njdtrepy1vzqkqzkvdp,other,,false,1.0000,51,52,3,97,2026-07-11T06:11:34.828+00:00
https://orbisapi.com/proxy/data-retention-calculator-api-307307,orbisapi.com,base,other,,false,1.0000,52,56,3,97,2026-07-17T06:14:23.172+00:00
https://orbisapi.com/proxy/data-sampler-api-78ce76,orbisapi.com,base,other,,false,1.0000,67,69,3,97,2026-07-14T06:19:28.022+00:00
https://orbisapi.com/proxy/data-size-convert-7b3e24,orbisapi.com,base,other,,false,1.0000,69,119,6,96,2026-07-16T06:33:58.832+00:00
https://orbisapi.com/proxy/data-size-convert-7b3e24/info,orbisapi.com,base;solana:5eykt4usfv8p8njdtrepy1vzqkqzkvdp,other,,false,1.0000,47,48,3,97,2026-07-11T06:11:36.02+00:00
https://orbisapi.com/proxy/data-size-converter-api-39c5a7,orbisapi.com,base,other,,false,1.0000,68,72,3,97,2026-07-14T06:26:02.235+00:00
https://orbisapi.com/proxy/data-summary-stats-1dba85,orbisapi.com,base,other,,false,1.0000,91,177,6,95,2026-07-16T06:33:39.082+00:00
https://orbisapi.com/proxy/data-transformer-api-20a267,orbisapi.com,base,other,,false,1.0000,65,70,3,97,2026-07-14T06:19:37.656+00:00
https://orbisapi.com/proxy/data-type-detector-api-5df00a,orbisapi.com,base,other,,false,1.0000,64,67,3,97,2026-07-14T06:21:22.011+00:00
https://orbisapi.com/proxy/data-validator-api-ac7966/validate/credit-card,orbisapi.com,base;solana:5eykt4usfv8p8njdtrepy1vzqkqzkvdp,other,,false,1.0000,48,49,3,97,2026-07-11T06:12:06.09+00:00
https://orbisapi.com/proxy/database-concepts-4e90a2,orbisapi.com,base,other,,false,1.0000,65,81,6,97,2026-07-17T06:12:36.911+00:00
https://orbisapi.com/proxy/database-normalization-guide-api-f47fa6,orbisapi.com,base,other,,false,1.0000,43,44,3,97,2026-07-15T05:57:27.444+00:00
https://orbisapi.com/proxy/database-optimization-guide-api-1b2735,orbisapi.com,base,other,,false,1.0000,65,70,3,97,2026-07-14T06:20:26.96+00:00
https://orbisapi.com/proxy/database-query-optimizer-api-824943,orbisapi.com,base,other,,false,1.0000,91,95,3,96,2026-07-13T07:35:37.397+00:00
https://orbisapi.com/proxy/database-schema-analyzer-f8452b/analyze,orbisapi.com,base;solana:5eykt4usfv8p8njdtrepy1vzqkqzkvdp,other,,false,1.0000,48,50,3,97,2026-07-11T06:12:13.325+00:00
https://orbisapi.com/proxy/database-terms-glossary-api-cb63d2,orbisapi.com,base,other,,false,1.0000,42,43,3,97,2026-07-15T05:49:28.871+00:00
https://orbisapi.com/proxy/database-transactions-guide-api-d4604b,orbisapi.com,base,other,,false,1.0000,47,49,3,97,2026-07-17T06:18:28.144+00:00
https://orbisapi.com/proxy/dataset-quality-scorer-api-fc3a29/info,orbisapi.com,base;solana:5eykt4usfv8p8njdtrepy1vzqkqzkvdp,other,,false,1.0000,47,48,3,97,2026-07-11T06:12:08.198+00:00
https://orbisapi.com/proxy/date-calculator-api-5205b0,orbisapi.com,base,other,,false,1.0000,50,50,3,97,2026-07-17T06:15:47.409+00:00
https://orbisapi.com/proxy/date-calculator-api-c8d578,orbisapi.com,base,other,,false,1.0000,68,68,3,97,2026-07-14T06:26:03.261+00:00
https://orbisapi.com/proxy/date-difference-api-bbeee2,orbisapi.com,base,other,,false,1.0000,30,31,3,97,2026-07-12T06:09:47.888+00:00
https://orbisapi.com/proxy/date-iso-week-api-763986,orbisapi.com,base;solana:5eykt4usfv8p8njdtrepy1vzqkqzkvdp,other,,false,1.0000,77,125,3,96,2026-07-15T05:51:30.824+00:00
https://orbisapi.com/proxy/date-parser-api-255af3,orbisapi.com,base;solana:5eykt4usfv8p8njdtrepy1vzqkqzkvdp,other,,false,1.0000,44,44,3,97,2026-07-15T05:51:23.164+00:00
https://orbisapi.com/proxy/date-regex-pattern-280046,orbisapi.com,base;solana:5eykt4usfv8p8njdtrepy1vzqkqzkvdp,other,,false,1.0000,62,87,6,96,2026-07-16T06:33:44.979+00:00
https://orbisapi.com/proxy/date-utilities-api-0c511c,orbisapi.com,base,other,,false,1.0000,50,51,3,97,2026-07-17T06:13:42.052+00:00
https://orbisapi.com/proxy/date-utils-api-df8b55,orbisapi.com,base,other,,false,1.0000,95,96,3,96,2026-07-14T06:20:15.288+00:00
https://orbisapi.com/proxy/date-weekend-checker-api-fe3b83,orbisapi.com,base,other,,false,1.0000,64,72,3,97,2026-07-14T06:23:53.42+00:00
https://orbisapi.com/proxy/date-year-progress-api-dc1b96,orbisapi.com,base,other,,false,1.0000,64,72,3,97,2026-07-14T06:23:43.368+00:00
https://orbisapi.com/proxy/datetime-extractor-api-ca84de,orbisapi.com,base,other,,false,1.0000,65,81,6,97,2026-07-17T06:12:25.366+00:00
https://orbisapi.com/proxy/dau-mau-ratio-calculator-api-8fe4a2,orbisapi.com,base,other,,false,1.0000,57,58,3,97,2026-07-15T05:51:33.317+00:00
https://orbisapi.com/proxy/days-payable-outstanding-api-d946ab,orbisapi.com,base,other,,false,1.0000,49,53,3,97,2026-07-17T06:18:08.185+00:00
https://orbisapi.com/proxy/db-index-advisor-api-d394eb,orbisapi.com,base,other,,false,1.0000,90,91,3,96,2026-07-13T07:40:08.623+00:00
https://orbisapi.com/proxy/dca-calculator-api-a6d802,orbisapi.com,base,other,,false,1.0000,80,83,3,96,2026-07-16T06:34:53.33+00:00
https://orbisapi.com/proxy/dcf-calculator-api-48e754,orbisapi.com,base,other,,false,1.0000,89,93,3,96,2026-07-13T07:32:11.534+00:00
https://orbisapi.com/proxy/dcf-estimator-api-ed9beb,orbisapi.com,base,other,,false,1.0000,50,55,3,97,2026-07-17T06:18:08.662+00:00
https://orbisapi.com/proxy/ddos-signal-score-api-d5e040,orbisapi.com,base;solana:5eykt4usfv8p8njdtrepy1vzqkqzkvdp,other,,false,1.0000,41,81,6,97,2026-07-12T06:09:34.874+00:00
https://orbisapi.com/proxy/dead-stock-score-api-8fa7ab,orbisapi.com,base,other,,false,1.0000,81,104,3,96,2026-07-16T06:41:21.942+00:00
https://orbisapi.com/proxy/deal-score-api-7e2c5c,orbisapi.com,base,other,,false,1.0000,48,54,6,97,2026-07-12T06:09:32.079+00:00
https://orbisapi.com/proxy/deal-velocity-calculator-api-e9c07d,orbisapi.com,base,other,,false,1.0000,91,96,3,96,2026-07-13T07:35:35.959+00:00
https://orbisapi.com/proxy/debt-avalanche-api-917ab6,orbisapi.com,base,other,,false,1.0000,70,71,3,97,2026-07-14T06:25:09.51+00:00
https://orbisapi.com/proxy/debt-avalanche-calculator-api-18922c,orbisapi.com,base,other,,false,1.0000,90,92,3,96,2026-07-13T07:32:06.666+00:00
https://orbisapi.com/proxy/debt-capacity-calculator-api-4202a5/score,orbisapi.com,base;solana:5eykt4usfv8p8njdtrepy1vzqkqzkvdp,other,,false,1.0000,44,45,3,97,2026-07-15T05:51:02.011+00:00
https://orbisapi.com/proxy/debt-consolidation-api-230cb2,orbisapi.com,base,other,,false,1.0000,53,59,3,97,2026-07-17T06:18:03.321+00:00
https://orbisapi.com/proxy/debt-coverage-ratio-api-31708e,orbisapi.com,base;solana:5eykt4usfv8p8njdtrepy1vzqkqzkvdp,other,,false,1.0000,47,49,3,97,2026-07-11T06:11:56.131+00:00
https://orbisapi.com/proxy/debt-payoff-calculator-4aadb9,orbisapi.com,base;solana:5eykt4usfv8p8njdtrepy1vzqkqzkvdp,other,,false,1.0000,49,52,3,97,2026-07-11T06:14:03.872+00:00
https://orbisapi.com/proxy/debt-payoff-calculator-api-4d18ff,orbisapi.com,base,other,,false,1.0000,63,67,3,97,2026-07-14T06:23:36.968+00:00
https://orbisapi.com/proxy/debt-payoff-calculator-api-94c750,orbisapi.com,base,other,,false,1.0000,77,78,3,97,2026-07-16T06:39:37.846+00:00
https://orbisapi.com/proxy/debt-payoff-calculator-api-94c750/finance/debt-payoff,orbisapi.com,base;solana:5eykt4usfv8p8njdtrepy1vzqkqzkvdp,other,,false,1.0000,50,51,3,97,2026-07-11T06:11:52.476+00:00
https://orbisapi.com/proxy/debt-payoff-calculator-api-f48971,orbisapi.com,base;solana:5eykt4usfv8p8njdtrepy1vzqkqzkvdp,other,,false,1.0000,48,48,3,97,2026-07-11T06:15:58.136+00:00
https://orbisapi.com/proxy/debt-payoff-optimizer-api-0ba284,orbisapi.com,base;solana:5eykt4usfv8p8njdtrepy1vzqkqzkvdp,other,,false,1.0000,91,92,3,96,2026-07-13T07:37:26.177+00:00
https://orbisapi.com/proxy/debt-service-coverage-ratio-api-53fc0f/lookup,orbisapi.com,base;solana:5eykt4usfv8p8njdtrepy1vzqkqzkvdp,other,,false,1.0000,50,50,3,97,2026-07-11T06:16:57.61+00:00
https://orbisapi.com/proxy/debt-snowball-api-e8e90f,orbisapi.com,base,other,,false,1.0000,72,77,3,97,2026-07-14T06:25:11.865+00:00
https://orbisapi.com/proxy/debt-to-asset-calculator-api-f5c6fa,orbisapi.com,base,other,,false,1.0000,31,36,3,97,2026-07-12T06:10:44.825+00:00
https://orbisapi.com/proxy/debt-to-equity-ratio-api-985029,orbisapi.com,base,other,,false,1.0000,49,50,3,97,2026-07-17T06:17:52.481+00:00
https://orbisapi.com/proxy/debt-to-income-analyzer-api-928fce,orbisapi.com,base;solana:5eykt4usfv8p8njdtrepy1vzqkqzkvdp,other,,false,1.0000,89,92,3,96,2026-07-13T07:37:13.456+00:00
https://orbisapi.com/proxy/deception-detector-api-84c770,orbisapi.com,base;solana:5eykt4usfv8p8njdtrepy1vzqkqzkvdp,other,,false,1.0000,51,52,3,97,2026-07-11T06:17:29.301+00:00
https://orbisapi.com/proxy/decision-explanation-api-b525e8,orbisapi.com,base;solana:5eykt4usfv8p8njdtrepy1vzqkqzkvdp,other,,false,1.0000,50,51,3,97,2026-07-11T06:17:47.933+00:00
https://orbisapi.com/proxy/decision-making-api-367606,orbisapi.com,base;solana:5eykt4usfv8p8njdtrepy1vzqkqzkvdp,other,,false,1.0000,51,51,3,97,2026-07-11T06:17:58.2+00:00
https://orbisapi.com/proxy/decision-making-science-5b6561,orbisapi.com,base,other,,false,1.0000,79,84,3,96,2026-07-16T06:38:27.122+00:00
https://orbisapi.com/proxy/decision-matrix-api-c4ce51,orbisapi.com,base,other,,false,1.0000,90,90,3,96,2026-07-13T07:39:09.494+00:00
https://orbisapi.com/proxy/decision-support-api-2569f9,orbisapi.com,base,other,,false,1.0000,44,45,3,97,2026-07-15T05:49:10.635+00:00
https://orbisapi.com/proxy/decision-tree-score-api-ba1b1a,orbisapi.com,base,other,,false,1.0000,48,98,6,95,2026-07-12T06:09:30.339+00:00
https://orbisapi.com/proxy/decision-tree-score-api-ba1b1a/format,orbisapi.com,base;solana:5eykt4usfv8p8njdtrepy1vzqkqzkvdp,other,,false,1.0000,48,61,6,96,2026-07-12T06:09:28.991+00:00
https://orbisapi.com/proxy/decolonization-movements-e96243,orbisapi.com,base;solana:5eykt4usfv8p8njdtrepy1vzqkqzkvdp,other,,false,1.0000,91,122,3,96,2026-07-16T06:38:35.188+00:00
https://orbisapi.com/proxy/decontamination-calculator-api-4735e0,orbisapi.com,base,other,,false,1.0000,79,82,3,96,2026-07-15T05:51:33.571+00:00
https://orbisapi.com/proxy/decorator-pattern-guide-api-885ef3/info,orbisapi.com,base;solana:5eykt4usfv8p8njdtrepy1vzqkqzkvdp,other,,false,1.0000,31,33,3,97,2026-07-12T06:09:51.229+00:00
https://orbisapi.com/proxy/deductible-optimizer-api-18cfd0,orbisapi.com,base,other,,false,1.0000,92,94,3,96,2026-07-13T07:32:15.841+00:00
https://orbisapi.com/proxy/deductible-tracker-api-315a5a/format,orbisapi.com,base;solana:5eykt4usfv8p8njdtrepy1vzqkqzkvdp,other,,false,1.0000,31,34,3,97,2026-07-12T06:09:59.045+00:00
https://orbisapi.com/proxy/deductive-reasoning-4820ef,orbisapi.com,base;solana:5eykt4usfv8p8njdtrepy1vzqkqzkvdp,other,,false,1.0000,86,89,3,96,2026-07-16T06:38:37.487+00:00
https://orbisapi.com/proxy/deduplicator-api-eb62ad,orbisapi.com,base,other,,false,1.0000,72,73,3,97,2026-07-14T06:20:03.698+00:00
https://orbisapi.com/proxy/deepblue-trading-api-4474cf,orbisapi.com,base,other,,false,1.0000,43,65,3,97,2026-07-15T05:49:22.073+00:00
https://orbisapi.com/proxy/deepfake-text-detect-api-d292e0,orbisapi.com,base;solana:5eykt4usfv8p8njdtrepy1vzqkqzkvdp,other,,false,1.0000,33,38,3,97,2026-07-12T06:10:04.889+00:00
https://orbisapi.com/proxy/default-correlation-score-api-b24a4b,orbisapi.com,base;solana:5eykt4usfv8p8njdtrepy1vzqkqzkvdp,other,,false,1.0000,31,41,3,97,2026-07-12T06:10:06.189+00:00
https://orbisapi.com/proxy/default-mode-score-api-c6e639,orbisapi.com,base,other,,false,1.0000,43,127,3,95,2026-07-15T05:51:39.642+00:00
https://orbisapi.com/proxy/defect-density-calculator-api-b02309,orbisapi.com,base,other,,false,1.0000,91,94,3,96,2026-07-13T07:32:01.685+00:00
https://orbisapi.com/proxy/defi-analytics-api-4b22a9,orbisapi.com,base,other,,false,1.0000,42,43,3,97,2026-07-15T05:49:03.577+00:00
https://orbisapi.com/proxy/defi-apr-calculator-api-82baf4,orbisapi.com,base,other,,false,1.0000,90,90,3,96,2026-07-13T07:31:56.794+00:00
https://orbisapi.com/proxy/defi-apr-vs-apy-api-e5a4db,orbisapi.com,base,other,,false,1.0000,67,75,3,97,2026-07-14T06:25:41.984+00:00
https://orbisapi.com/proxy/defi-apy-calculator-api-86e8af,orbisapi.com,base,other,,false,1.0000,65,68,3,97,2026-07-14T06:23:33.923+00:00
https://orbisapi.com/proxy/defi-apy-calculator-api-cd8c8d/info,orbisapi.com,base;solana:5eykt4usfv8p8njdtrepy1vzqkqzkvdp,other,,false,1.0000,33,35,3,97,2026-07-12T06:10:10.068+00:00
https://orbisapi.com/proxy/defi-compare-api-545959,orbisapi.com,base;solana:5eykt4usfv8p8njdtrepy1vzqkqzkvdp,other,,false,1.0000,109,113,3,95,2026-07-12T06:10:15.256+00:00
https://orbisapi.com/proxy/defi-comparison-api-19228f,orbisapi.com,base,other,,false,1.0000,58,68,6,97,2026-07-15T05:48:39.698+00:00
https://orbisapi.com/proxy/defi-compliance-api-2a1804,orbisapi.com,base,other,,false,1.0000,43,43,3,97,2026-07-15T05:49:17.907+00:00
https://orbisapi.com/proxy/defi-composability-risk-analyzer-api-049117,orbisapi.com,base;solana:5eykt4usfv8p8njdtrepy1vzqkqzkvdp,other,,false,1.0000,34,43,3,97,2026-07-12T06:10:18.153+00:00
https://orbisapi.com/proxy/defi-exploit-analyzer-api-fa8b9b,orbisapi.com,base,other,,false,1.0000,50,54,3,97,2026-07-17T06:18:00.103+00:00
https://orbisapi.com/proxy/defi-exploit-database-api-78c985,orbisapi.com,base,other,,false,1.0000,42,45,3,97,2026-07-15T05:49:15.236+00:00
https://orbisapi.com/proxy/defi-gas-optimizer-api-db3822,orbisapi.com,base,other,,false,1.0000,81,82,3,97,2026-07-16T06:39:43.309+00:00
https://orbisapi.com/proxy/defi-insurance-guide-api-b9b97f,orbisapi.com,base,other,,false,1.0000,80,129,3,96,2026-07-16T06:34:34.06+00:00
https://orbisapi.com/proxy/defi-jobs-api-2553c8,orbisapi.com,base,other,,false,1.0000,55,72,6,97,2026-07-15T05:48:47.158+00:00
https://orbisapi.com/proxy/defi-l2-guide-api-cd8e03,orbisapi.com,base,other,,false,1.0000,79,81,3,96,2026-07-16T06:39:45.226+00:00
https://orbisapi.com/proxy/defi-learning-guide-api-578391,orbisapi.com,base,other,,false,1.0000,49,50,3,97,2026-07-17T06:18:23.871+00:00
https://orbisapi.com/proxy/defi-liquidation-risk-calculator-api-aea597/analyze,orbisapi.com,base;solana:5eykt4usfv8p8njdtrepy1vzqkqzkvdp,other,,false,1.0000,31,35,3,97,2026-07-12T06:11:15.89+00:00
https://orbisapi.com/proxy/defi-liquidity-tracker-api-b0ec45,orbisapi.com,base,other,,false,1.0000,100,153,3,95,2026-07-16T06:39:36.693+00:00
https://orbisapi.com/proxy/defi-pool-rates-798702,orbisapi.com,base;solana:5eykt4usfv8p8njdtrepy1vzqkqzkvdp,other,,false,1.0000,32,33,3,97,2026-07-12T06:11:17.337+00:00
https://orbisapi.com/proxy/defi-portfolio-builder-api-38661a,orbisapi.com,base,other,,false,1.0000,78,83,3,97,2026-07-16T06:39:40.548+00:00
https://orbisapi.com/proxy/defi-position-calculator-api-71772b,orbisapi.com,base,other,,false,1.0000,67,69,3,97,2026-07-14T06:25:38.449+00:00
https://orbisapi.com/proxy/defi-position-explainer-api-dba7c1,orbisapi.com,base,other,,false,1.0000,48,52,3,97,2026-07-17T06:13:53.368+00:00
https://orbisapi.com/proxy/defi-position-lookup-64eeba,orbisapi.com,base;solana:5eykt4usfv8p8njdtrepy1vzqkqzkvdp,other,,false,1.0000,63,84,6,96,2026-07-16T06:33:56.85+00:00
https://orbisapi.com/proxy/defi-position-monitor-api-c42653,orbisapi.com,base;solana:5eykt4usfv8p8njdtrepy1vzqkqzkvdp,other,,false,1.0000,32,33,3,97,2026-07-12T06:11:19.466+00:00
https://orbisapi.com/proxy/defi-position-yield-risk-matrix-api-c5a007,orbisapi.com,base;solana:5eykt4usfv8p8njdtrepy1vzqkqzkvdp,other,,false,1.0000,34,34,3,97,2026-07-12T06:11:42.567+00:00
https://orbisapi.com/proxy/defi-protocol-analyzer-api-1cc1cb,orbisapi.com,base,other,,false,1.0000,83,85,3,96,2026-07-16T06:39:35.291+00:00
https://orbisapi.com/proxy/defi-protocol-analyzer-api-5fd088,orbisapi.com,base,other,,false,1.0000,44,45,3,97,2026-07-15T05:48:51.828+00:00
https://orbisapi.com/proxy/defi-protocol-tvl-ranker-api-6f3fd1/analyze,orbisapi.com,base;solana:5eykt4usfv8p8njdtrepy1vzqkqzkvdp,other,,false,1.0000,31,32,3,97,2026-07-12T06:11:44.168+00:00
https://orbisapi.com/proxy/defi-risk-analyzer-api-ac7d4f,orbisapi.com,base,other,,false,1.0000,82,93,3,96,2026-07-16T06:39:50.039+00:00
https://orbisapi.com/proxy/defi-risk-api-e588d2/v1/liquidity/health,orbisapi.com,base;solana:5eykt4usfv8p8njdtrepy1vzqkqzkvdp,other,,false,1.0000,32,35,3,97,2026-07-12T06:12:07.278+00:00
https://orbisapi.com/proxy/defi-risk-score-api-c32d08,orbisapi.com,base,other,,false,1.0000,50,50,3,97,2026-07-11T06:18:13.236+00:00
https://orbisapi.com/proxy/defi-risk-scorer-api-c753da,orbisapi.com,base,other,,false,1.0000,82,94,6,97,2026-07-14T06:18:08.708+00:00
https://orbisapi.com/proxy/defi-risk-scoring-api-4d5049,orbisapi.com,base,other,,false,1.0000,48,49,3,97,2026-07-17T06:14:58.526+00:00
https://orbisapi.com/proxy/defi-risk-scoring-api-7a8d32,orbisapi.com,base,other,,false,1.0000,80,112,3,96,2026-07-16T06:34:28.617+00:00
https://orbisapi.com/proxy/defi-security-api-f398c6,orbisapi.com,base,other,,false,1.0000,43,43,3,97,2026-07-15T05:49:21.318+00:00
https://orbisapi.com/proxy/defi-staking-guide-api-0ed6ad,orbisapi.com,base,other,,false,1.0000,82,84,3,97,2026-07-16T06:39:39.009+00:00
https://orbisapi.com/proxy/defi-strategy-guide-api-767ec0,orbisapi.com,base,other,,false,1.0000,65,70,3,97,2026-07-14T06:25:48.664+00:00
https://orbisapi.com/proxy/defi-tax-classifier-api-c2e055,orbisapi.com,base,other,,false,1.0000,48,50,3,97,2026-07-11T06:18:18.371+00:00
https://orbisapi.com/proxy/defi-tools-api-d18168,orbisapi.com,base,other,,false,1.0000,66,71,3,97,2026-07-14T06:25:50.738+00:00
https://orbisapi.com/proxy/defi-tvl-tracker-api-678b42,orbisapi.com,base,other,,false,1.0000,65,117,6,95,2026-07-15T05:48:40.163+00:00
https://orbisapi.com/proxy/defi-tvl-tracker-api-e08e97,orbisapi.com,base,other,,false,1.0000,48,49,3,97,2026-07-17T06:14:03.52+00:00
https://orbisapi.com/proxy/defi-yield-calculator-api-ec0461,orbisapi.com,base,other,,false,1.0000,66,82,3,96,2026-07-14T06:25:47.689+00:00
https://orbisapi.com/proxy/defi-yield-comparator-api-481c3b,orbisapi.com,base,other,,false,1.0000,89,90,3,96,2026-07-13T07:34:43.17+00:00
https://orbisapi.com/proxy/defi-yield-comparator-api-5a1c79,orbisapi.com,base,other,,false,1.0000,68,70,3,97,2026-07-14T06:19:49.244+00:00
https://orbisapi.com/proxy/defi-yield-finder-api-83902d,orbisapi.com,base,other,,false,1.0000,80,85,3,96,2026-07-16T06:39:48.1+00:00
https://orbisapi.com/proxy/deforestation-monitor-api-6ccda0,orbisapi.com,base;solana:5eykt4usfv8p8njdtrepy1vzqkqzkvdp,other,,false,1.0000,31,35,3,97,2026-07-12T06:12:35.252+00:00
https://orbisapi.com/proxy/deforestation-risk-api-de78d2,orbisapi.com,base,other,,false,1.0000,91,92,3,96,2026-07-13T07:32:09.036+00:00
https://orbisapi.com/proxy/degradation-impact-calculator-api-378512/validate,orbisapi.com,base;solana:5eykt4usfv8p8njdtrepy1vzqkqzkvdp,other,,false,1.0000,64,93,6,96,2026-07-13T07:30:49.613+00:00
https://orbisapi.com/proxy/dei-metrics-calculator-api-627995,orbisapi.com,base,other,,false,1.0000,65,88,6,97,2026-07-17T06:12:18.297+00:00
https://orbisapi.com/proxy/dei-metrics-calculator-api-627995/lookup,orbisapi.com,base;solana:5eykt4usfv8p8njdtrepy1vzqkqzkvdp,other,,false,1.0000,88,88,3,96,2026-07-13T07:32:02.61+00:00
https://orbisapi.com/proxy/delivery-estimate-f4c012,orbisapi.com,base,other,,false,1.0000,81,144,6,95,2026-07-16T06:34:00.935+00:00
https://orbisapi.com/proxy/delivery-receipt-parse-api-782530,orbisapi.com,base;solana:5eykt4usfv8p8njdtrepy1vzqkqzkvdp,other,,false,1.0000,89,90,3,96,2026-07-13T07:33:28.33+00:00
https://orbisapi.com/proxy/demand-forecast-api-f13ef0,orbisapi.com,base,other,,false,1.0000,87,92,3,96,2026-07-13T07:32:14.906+00:00
https://orbisapi.com/proxy/demand-forecast-calculator-api-af878c,orbisapi.com,base,other,,false,1.0000,63,69,3,97,2026-07-14T06:23:50.424+00:00
https://orbisapi.com/proxy/demand-forecaster-api-e29d65,orbisapi.com,base,other,,false,1.0000,78,93,6,97,2026-07-14T06:18:39.519+00:00
https://orbisapi.com/proxy/dementia-progression-calculator-api-04bbce/describe,orbisapi.com,base;solana:5eykt4usfv8p8njdtrepy1vzqkqzkvdp,other,,false,1.0000,90,93,3,96,2026-07-13T07:37:20.046+00:00
https://orbisapi.com/proxy/demographic-index-api-15507a,orbisapi.com,base,other,,false,1.0000,88,88,3,96,2026-07-13T07:32:08.547+00:00
https://orbisapi.com/proxy/dendrochronology-calculator-api-49fc20,orbisapi.com,base;solana:5eykt4usfv8p8njdtrepy1vzqkqzkvdp,other,,false,1.0000,48,49,3,97,2026-07-11T06:18:07.948+00:00
https://orbisapi.com/proxy/dense-retrieval-api-dbe7dc,orbisapi.com,base,other,,false,1.0000,65,128,6,96,2026-07-16T06:33:47.565+00:00
https://orbisapi.com/proxy/density-zoning-calculator-api-5475ad,orbisapi.com,base,other,,false,1.0000,49,54,3,97,2026-07-11T06:18:18.842+00:00
https://orbisapi.com/proxy/dependency-analyzer-api-0d59ad,orbisapi.com,base,other,,false,1.0000,66,79,3,97,2026-07-14T06:19:34.988+00:00
https://orbisapi.com/proxy/dependency-mapper-api-8956f0,orbisapi.com,base,other,,false,1.0000,71,76,3,97,2026-07-14T06:20:55.91+00:00
https://orbisapi.com/proxy/dependency-parser-api-9575da,orbisapi.com,base,other,,false,1.0000,90,92,3,96,2026-07-13T07:32:03.071+00:00
https://orbisapi.com/proxy/dependency-risk-analyzer-api-8cda61,orbisapi.com,base;solana:5eykt4usfv8p8njdtrepy1vzqkqzkvdp,other,,false,1.0000,42,47,3,97,2026-07-15T05:51:20.847+00:00
https://orbisapi.com/proxy/dependency-version-checker-api-aa3126,orbisapi.com,base,other,,false,1.0000,72,77,3,97,2026-07-14T06:23:38.967+00:00
https://orbisapi.com/proxy/dependency-vulnerability-api-45b32e,orbisapi.com,base;solana:5eykt4usfv8p8njdtrepy1vzqkqzkvdp,other,,false,1.0000,50,81,3,96,2026-07-15T05:51:43.677+00:00
https://orbisapi.com/proxy/dependent-eligibility-score-api-318f46,orbisapi.com,base;solana:5eykt4usfv8p8njdtrepy1vzqkqzkvdp,other,,false,1.0000,43,44,3,97,2026-07-15T05:51:23.353+00:00
https://orbisapi.com/proxy/deploy-frequency-calculator-api-4341b3,orbisapi.com,base,other,,false,1.0000,89,93,3,96,2026-07-13T07:31:57.255+00:00
https://orbisapi.com/proxy/design-for-am-score-api-61d5ba,orbisapi.com,base;solana:5eykt4usfv8p8njdtrepy1vzqkqzkvdp,other,,false,1.0000,48,48,3,97,2026-07-17T06:18:12.852+00:00
https://orbisapi.com/proxy/destination-risk-score-api-e0adef,orbisapi.com,base,other,,false,1.0000,47,51,3,97,2026-07-11T06:18:14.304+00:00
https://orbisapi.com/proxy/destination-safety-scorer-api-f84378,orbisapi.com,base;solana:5eykt4usfv8p8njdtrepy1vzqkqzkvdp,other,,false,1.0000,90,102,3,96,2026-07-13T07:37:47.876+00:00
https://orbisapi.com/proxy/detention-fee-calculator-api-7f5b24,orbisapi.com,base,other,,false,1.0000,48,49,3,97,2026-07-11T06:18:08.185+00:00
https://orbisapi.com/proxy/developer-experience-scorer-api-547c7a,orbisapi.com,base,other,,false,1.0000,89,93,3,96,2026-07-13T07:38:14.451+00:00
https://orbisapi.com/proxy/developer-toolkit-api-294f83,orbisapi.com,base,other,,false,1.0000,87,88,3,96,2026-07-16T06:40:02.914+00:00
https://orbisapi.com/proxy/development-economics-0efa6f,orbisapi.com,base;solana:5eykt4usfv8p8njdtrepy1vzqkqzkvdp,other,,false,1.0000,49,50,3,97,2026-07-11T06:15:58.358+00:00
https://orbisapi.com/proxy/development-indicators-73d372,orbisapi.com,base;solana:5eykt4usfv8p8njdtrepy1vzqkqzkvdp,other,,false,1.0000,82,88,3,96,2026-07-16T06:38:29.878+00:00
https://orbisapi.com/proxy/developmental-psychology-1c74ab,orbisapi.com,base;solana:5eykt4usfv8p8njdtrepy1vzqkqzkvdp,other,,false,1.0000,49,53,3,97,2026-07-11T06:17:20.743+00:00
https://orbisapi.com/proxy/device-fingerprint-8fcb5f,orbisapi.com,base,other,,false,1.0000,61,89,6,96,2026-07-16T06:33:52.362+00:00
https://orbisapi.com/proxy/device-management-score-api-622dbc,orbisapi.com,base,other,,false,1.0000,85,91,3,96,2026-07-16T06:36:08.531+00:00
https://orbisapi.com/proxy/device-status-parser-api-f24159,orbisapi.com,base,other,,false,1.0000,68,71,3,97,2026-07-14T06:23:47.185+00:00
https://orbisapi.com/proxy/device-trust-score-api-705883,orbisapi.com,base,other,,false,1.0000,79,84,3,96,2026-07-16T06:36:13.631+00:00
https://orbisapi.com/proxy/diagnostic-concordance-score-api-0371e3,orbisapi.com,base,other,,false,1.0000,48,52,3,97,2026-07-11T06:16:01.513+00:00
https://orbisapi.com/proxy/diagnostic-delay-calculator-api-2380a0,orbisapi.com,base,other,,false,1.0000,46,48,3,97,2026-07-11T06:16:40.55+00:00
https://orbisapi.com/proxy/dialect-classifier-api-20ce74,orbisapi.com,base,other,,false,1.0000,90,92,3,96,2026-07-13T07:32:11.049+00:00
https://orbisapi.com/proxy/dialect-identify-2df03d,orbisapi.com,base,other,,false,1.0000,68,141,6,95,2026-07-16T06:33:41.304+00:00
https://orbisapi.com/proxy/dialogue-tracker-api-a00525,orbisapi.com,base,other,,false,1.0000,46,47,3,97,2026-07-15T05:49:17.551+00:00
https://orbisapi.com/proxy/dictators-history-775d3d,orbisapi.com,base,other,,false,1.0000,49,51,3,97,2026-07-11T06:17:50.217+00:00
https://orbisapi.com/proxy/diet-compatibility-checker-api-46f226,orbisapi.com,base,other,,false,1.0000,51,54,3,97,2026-07-17T06:17:04.981+00:00
https://orbisapi.com/proxy/dietary-restriction-check-9aca85,orbisapi.com,base,other,,false,1.0000,62,87,6,96,2026-07-16T06:33:56.471+00:00
https://orbisapi.com/proxy/diff-checker-api-0d5ff5,orbisapi.com,base,other,,false,1.0000,67,68,3,97,2026-07-14T06:21:12.41+00:00
https://orbisapi.com/proxy/diff-patch-api-47157d,orbisapi.com,base,other,,false,1.0000,50,50,3,97,2026-07-17T06:14:12.527+00:00
https://orbisapi.com/proxy/differentiated-instruction-api-32500e,orbisapi.com,base,other,,false,1.0000,91,91,3,96,2026-07-13T07:38:05.344+00:00
https://orbisapi.com/proxy/digital-artifact-classifier-api-b0332e,orbisapi.com,base,other,,false,1.0000,68,78,3,97,2026-07-14T06:25:54.605+00:00
https://orbisapi.com/proxy/digital-therapeutics-score-api-4da5a1,orbisapi.com,base,other,,false,1.0000,49,51,3,97,2026-07-11T06:18:00.302+00:00
https://orbisapi.com/proxy/digital-waiting-room-score-api-322ae0/score,orbisapi.com,base;solana:5eykt4usfv8p8njdtrepy1vzqkqzkvdp,other,,false,1.0000,30,31,3,97,2026-07-12T06:10:45.544+00:00
https://orbisapi.com/proxy/dimensionality-advisor-api-966ab5,orbisapi.com,base,other,,false,1.0000,91,94,3,96,2026-07-13T07:39:45.129+00:00
https://orbisapi.com/proxy/dinosaur-database-api-aede63,orbisapi.com,base,other,,false,1.0000,50,54,3,97,2026-07-17T06:16:05.085+00:00
https://orbisapi.com/proxy/dinosaur-facts-api-939e9f,orbisapi.com,base,other,,false,1.0000,49,51,3,97,2026-07-17T06:15:05.862+00:00
https://orbisapi.com/proxy/dinosaur-facts-api-d9b639,orbisapi.com,base,other,,false,1.0000,41,47,3,97,2026-07-15T05:49:18.832+00:00
https://orbisapi.com/proxy/diplomacy-db-api-4228e1,orbisapi.com,base;solana:5eykt4usfv8p8njdtrepy1vzqkqzkvdp,other,,false,1.0000,32,34,3,97,2026-07-12T06:12:14.193+00:00
https://orbisapi.com/proxy/diplomacy-terms-4bb73b,orbisapi.com,base,other,,false,1.0000,91,100,3,96,2026-07-16T06:38:31.151+00:00
https://orbisapi.com/proxy/disability-income-calculator-api-2dc8f6,orbisapi.com,base,other,,false,1.0000,89,90,3,96,2026-07-13T07:37:29.451+00:00
https://orbisapi.com/proxy/disaster-recovery-rto-calculator-api-95ff7a,orbisapi.com,base,other,,false,1.0000,50,51,3,97,2026-07-11T06:17:43.868+00:00
https://orbisapi.com/proxy/discord-message-api-3576b7,orbisapi.com,base,other,,false,1.0000,73,91,6,96,2026-07-16T06:33:59.708+00:00
https://orbisapi.com/proxy/discount-calculator-api-04a677,orbisapi.com,base,other,,false,1.0000,67,84,3,96,2026-07-14T06:23:53.086+00:00
https://orbisapi.com/proxy/discount-calculator-api-a8e840,orbisapi.com,base,other,,false,1.0000,53,55,3,97,2026-07-17T06:18:37.85+00:00
https://orbisapi.com/proxy/discount-strategy-analyzer-api-7de35d,orbisapi.com,base,other,,false,1.0000,90,91,3,96,2026-07-13T07:36:01.529+00:00
https://orbisapi.com/proxy/discourse-classifier-api-00e86a,orbisapi.com,base,other,,false,1.0000,93,93,3,96,2026-07-13T07:32:04.941+00:00
https://orbisapi.com/proxy/dispatch-accuracy-score-api-cb4fe3,orbisapi.com,base,other,,false,1.0000,45,51,3,97,2026-07-11T06:16:22.649+00:00
https://orbisapi.com/proxy/disposable-email-checker-api-11a736,orbisapi.com,base,other,,false,1.0000,42,115,6,97,2026-07-12T06:09:31.75+00:00
https://orbisapi.com/proxy/dissolved-oxygen-calculator-api-ceec7d,orbisapi.com,base,other,,false,1.0000,63,108,3,96,2026-07-12T06:10:14.442+00:00
https://orbisapi.com/proxy/distance-calculator-api-cb9fae,orbisapi.com,base,other,,false,1.0000,49,53,3,97,2026-07-17T06:16:54.422+00:00
https://orbisapi.com/proxy/distance-calculator-api-fb17c0,orbisapi.com,base;solana:5eykt4usfv8p8njdtrepy1vzqkqzkvdp,other,,false,1.0000,90,633,6,96,2026-07-13T07:31:43.718+00:00
https://orbisapi.com/proxy/distance-matrix-api-ec2881,orbisapi.com,base,other,,false,1.0000,91,92,3,96,2026-07-13T07:31:56.337+00:00
https://orbisapi.com/proxy/distribution-fitter-api-76a6c4,orbisapi.com,base,other,,false,1.0000,93,93,3,96,2026-07-13T07:31:59.121+00:00
https://orbisapi.com/proxy/diversity-index-calculator-api-26c254,orbisapi.com,base,other,,false,1.0000,90,93,3,96,2026-07-13T07:38:59.031+00:00
https://orbisapi.com/proxy/diversity-index-calculator-api-ed4211,orbisapi.com,base,other,,false,1.0000,68,71,3,97,2026-07-14T06:23:41.49+00:00
https://orbisapi.com/proxy/diversity-ratio-calculator-api-cbd5d6,orbisapi.com,base,other,,false,1.0000,51,51,3,97,2026-07-17T06:18:25.781+00:00
https://orbisapi.com/proxy/divide-and-conquer-guide-api-115067,orbisapi.com,base,other,,false,1.0000,41,41,3,97,2026-07-15T05:49:54.015+00:00
https://orbisapi.com/proxy/dividend-tracker-api-fbd3c7,orbisapi.com,base,other,,false,1.0000,77,91,3,96,2026-07-16T06:35:02.982+00:00
https://orbisapi.com/proxy/dividend-yield-api-966df7,orbisapi.com,base,other,,false,1.0000,69,70,3,97,2026-07-14T06:26:32.004+00:00
https://orbisapi.com/proxy/dividend-yield-calculator-api-ad4f0d,orbisapi.com,base,other,,false,1.0000,79,96,3,96,2026-07-14T06:23:35.18+00:00
https://orbisapi.com/proxy/dna-tools-api-d372d5,orbisapi.com,base,other,,false,1.0000,51,56,3,97,2026-07-17T06:16:09.483+00:00
https://orbisapi.com/proxy/dns-lookup-api-8a18ab,orbisapi.com,base,other,,false,1.0000,47,51,3,97,2026-07-17T06:17:17.608+00:00
https://orbisapi.com/proxy/dns-provider-detector-api-de0732,orbisapi.com,base,other,,false,1.0000,67,71,3,97,2026-07-14T06:23:41.137+00:00
https://orbisapi.com/proxy/dns-record-validator-api-30d406,orbisapi.com,base,other,,false,1.0000,89,89,3,96,2026-07-13T07:32:05.675+00:00
https://orbisapi.com/proxy/docker-linter-api-177a98,orbisapi.com,base,other,,false,1.0000,70,74,3,97,2026-07-14T06:19:41.748+00:00
https://orbisapi.com/proxy/docker-registries-guide-api-502ddd,orbisapi.com,base,other,,false,1.0000,41,44,3,97,2026-07-15T05:49:58.937+00:00
https://orbisapi.com/proxy/document-classifier-api-7b496b,orbisapi.com,base,other,,false,1.0000,92,93,3,96,2026-07-13T07:32:03.522+00:00
https://orbisapi.com/proxy/document-classifier-api-d3d902,orbisapi.com,base,other,,false,1.0000,67,85,6,97,2026-07-17T06:12:24.87+00:00
https://orbisapi.com/proxy/document-language-detect-4f003c,orbisapi.com,base,other,,false,1.0000,62,123,6,95,2026-07-16T06:33:40.35+00:00
https://orbisapi.com/proxy/documentary-guide-1ba27c,orbisapi.com,base,other,,false,1.0000,81,91,3,96,2026-07-16T06:38:38.605+00:00
https://orbisapi.com/proxy/docx-text-extract-b176a2,orbisapi.com,base,other,,false,1.0000,62,82,6,97,2026-07-16T06:33:46.707+00:00
https://orbisapi.com/proxy/dog-breeds-api-3380c4,orbisapi.com,base,other,,false,1.0000,49,50,3,97,2026-07-17T06:16:07.876+00:00
https://orbisapi.com/proxy/dollar-cost-average-calculator-api-cc0f8f,orbisapi.com,base,other,,false,1.0000,51,56,3,97,2026-07-17T06:17:45.443+00:00
https://orbisapi.com/proxy/dollar-cost-averaging-api-143832,orbisapi.com,base,other,,false,1.0000,92,92,3,96,2026-07-13T07:37:03.847+00:00
https://orbisapi.com/proxy/dollar-cost-averaging-api-3661cb,orbisapi.com,base,other,,false,1.0000,62,68,3,97,2026-07-14T06:26:26.066+00:00
https://orbisapi.com/proxy/domain-age-check-885ba9,orbisapi.com,base,other,,false,1.0000,63,131,6,96,2026-07-16T06:33:56.09+00:00
https://orbisapi.com/proxy/domain-age-checker-api-587f81,orbisapi.com,base,other,,false,1.0000,51,55,3,97,2026-07-17T06:17:21.991+00:00
https://orbisapi.com/proxy/domain-availability-38968f,orbisapi.com,base,other,,false,1.0000,62,81,6,97,2026-07-16T06:33:52.737+00:00
https://orbisapi.com/proxy/domain-blacklist-check-2da941,orbisapi.com,base,other,,false,1.0000,61,89,6,96,2026-07-16T06:33:44.162+00:00
https://orbisapi.com/proxy/domain-blacklist-check-2da941/validate,orbisapi.com,base;solana:5eykt4usfv8p8njdtrepy1vzqkqzkvdp,other,,false,1.0000,46,51,3,97,2026-07-11T06:12:09.413+00:00
https://orbisapi.com/proxy/domain-checker-api-6512d7,orbisapi.com,base,other,,false,1.0000,70,70,3,97,2026-07-14T06:24:59.839+00:00
https://orbisapi.com/proxy/domain-dns-records-7a2cb0,orbisapi.com,base,other,,false,1.0000,73,112,6,96,2026-07-16T06:33:42.123+00:00
https://orbisapi.com/proxy/domain-driven-design-guide-api-2de224,orbisapi.com,base,other,,false,1.0000,44,46,3,97,2026-07-15T05:49:32.074+00:00
https://orbisapi.com/proxy/domain-registrar-info-3f5ae9/parse,orbisapi.com,base;solana:5eykt4usfv8p8njdtrepy1vzqkqzkvdp,other,,false,1.0000,48,49,3,97,2026-07-11T06:11:51.267+00:00
https://orbisapi.com/proxy/domain-validator-api-7a69cd,orbisapi.com,base,other,,false,1.0000,50,55,3,97,2026-07-17T06:13:43.649+00:00
https://orbisapi.com/proxy/donation-impact-calculator-api-1506f4,orbisapi.com,base,other,,false,1.0000,90,93,3,96,2026-07-13T07:31:55.864+00:00
https://orbisapi.com/proxy/dosage-weight-calculator-api-277990,orbisapi.com,base,other,,false,1.0000,89,92,3,96,2026-07-13T07:32:18.484+00:00
https://orbisapi.com/proxy/dosing-interval-calculator-api-8723a2,orbisapi.com,base,other,,false,1.0000,48,52,3,97,2026-07-11T06:18:19.293+00:00
https://orbisapi.com/proxy/doxxing-risk-score-api-33f0d4,orbisapi.com,base,other,,false,1.0000,46,53,3,97,2026-07-11T06:18:09.898+00:00
https://orbisapi.com/proxy/draft-strength-score-api-ac63ab,orbisapi.com,base,other,,false,1.0000,49,62,6,96,2026-07-12T06:09:26.479+00:00
https://orbisapi.com/proxy/dravidian-languages-656768,orbisapi.com,base,other,,false,1.0000,81,132,3,96,2026-07-16T06:38:30.319+00:00
https://orbisapi.com/proxy/drawdown-calculator-api-5fc5f3,orbisapi.com,base,other,,false,1.0000,47,48,3,97,2026-07-11T06:18:14.758+00:00
https://orbisapi.com/proxy/drive-thru-speed-score-api-64d1d4,orbisapi.com,base,other,,false,1.0000,46,49,3,97,2026-07-11T06:18:03.136+00:00
https://orbisapi.com/proxy/driving-directions-api-662644,orbisapi.com,base,other,,false,1.0000,49,54,3,97,2026-07-17T06:17:06.124+00:00
https://orbisapi.com/proxy/drought-severity-calculator-api-0a0a08,orbisapi.com,base,other,,false,1.0000,47,51,3,97,2026-07-11T06:18:14.98+00:00
https://orbisapi.com/proxy/drug-delivery-calculator-api-c10a5b,orbisapi.com,base,other,,false,1.0000,49,50,3,97,2026-07-11T06:18:01.771+00:00
https://orbisapi.com/proxy/drug-half-life-calculator-api-b67b60,orbisapi.com,base,other,,false,1.0000,51,52,3,97,2026-07-11T06:16:16.484+00:00
https://orbisapi.com/proxy/drug-side-effects-9ae62c,orbisapi.com,base,other,,false,1.0000,80,80,3,97,2026-07-16T06:36:36.502+00:00
https://orbisapi.com/proxy/dscr-calculator-api-28ca5a,orbisapi.com,base,other,,false,1.0000,58,70,3,97,2026-07-14T06:23:47.843+00:00
https://orbisapi.com/proxy/dst-checker-api-015a8d,orbisapi.com,base,other,,false,1.0000,71,73,3,97,2026-07-14T06:21:00.696+00:00
https://orbisapi.com/proxy/dst-checker-api-5b5a02,orbisapi.com,base,other,,false,1.0000,67,72,3,97,2026-07-14T06:25:52.567+00:00
https://orbisapi.com/proxy/dst-info-api-4998ea,orbisapi.com,base,other,,false,1.0000,42,46,3,97,2026-07-15T05:51:07.288+00:00
https://orbisapi.com/proxy/dti-ratio-calculator-api-ccaf02,orbisapi.com,base,other,,false,1.0000,48,49,3,97,2026-07-11T06:18:15.908+00:00
https://orbisapi.com/proxy/dual-source-calculator-api-4a68cb,orbisapi.com,base,other,,false,1.0000,29,31,3,97,2026-07-12T06:10:38.406+00:00
https://orbisapi.com/proxy/dunning-effectiveness-score-api-93d233,orbisapi.com,base,other,,false,1.0000,31,31,3,97,2026-07-12T06:10:39.708+00:00
https://orbisapi.com/proxy/duplicate-asset-score-api-790d34,orbisapi.com,base,other,,false,1.0000,48,52,3,97,2026-07-11T06:18:12.271+00:00
https://orbisapi.com/proxy/duplicate-detector-api-62678c,orbisapi.com,base,other,,false,1.0000,91,96,3,96,2026-07-13T07:32:06.201+00:00
https://orbisapi.com/proxy/duplicate-row-detector-api-8e2b47,orbisapi.com,base,other,,false,1.0000,66,70,3,97,2026-07-14T06:23:37.979+00:00
https://orbisapi.com/proxy/duration-formatter-api-841063,orbisapi.com,base,other,,false,1.0000,67,75,3,97,2026-07-14T06:21:10.355+00:00
https://orbisapi.com/proxy/duration-formatter-api-8bd7e0,orbisapi.com,base,other,,false,1.0000,65,70,3,97,2026-07-14T06:23:52.73+00:00
https://orbisapi.com/proxy/dye-recipe-calculator-api-aa5050,orbisapi.com,base,other,,false,1.0000,43,47,3,97,2026-07-15T05:51:23.902+00:00
https://orbisapi.com/proxy/dynamic-pricing-analyzer-api-dc7efc,orbisapi.com,base;solana:5eykt4usfv8p8njdtrepy1vzqkqzkvdp,other,,false,1.0000,89,90,3,96,2026-07-13T07:36:20.852+00:00
https://orbisapi.com/proxy/dysbiosis-score-api-0226c6,orbisapi.com,base,other,,false,1.0000,43,43,3,97,2026-07-15T05:51:27.468+00:00
https://orbisapi.com/proxy/dystopian-fiction-c8b3ae,orbisapi.com,base;solana:5eykt4usfv8p8njdtrepy1vzqkqzkvdp,other,,false,1.0000,85,87,3,96,2026-07-16T06:38:23.484+00:00
https://orbisapi.com/proxy/e-164-format-guide-api-290c3c,orbisapi.com,base;solana:5eykt4usfv8p8njdtrepy1vzqkqzkvdp,other,,false,1.0000,40,51,6,97,2026-07-12T06:09:29.298+00:00
https://orbisapi.com/proxy/e-commerce-terms-api-2a3276,orbisapi.com,base,other,,false,1.0000,88,108,3,96,2026-07-16T06:40:37.801+00:00
https://orbisapi.com/proxy/e2e-testing-guide-api-335479,orbisapi.com,base,other,,false,1.0000,41,43,3,97,2026-07-15T05:49:50.705+00:00
https://orbisapi.com/proxy/early-democracy-32aafd,orbisapi.com,base,other,,false,1.0000,79,80,3,97,2026-07-16T06:38:35.562+00:00
https://orbisapi.com/proxy/earnings-per-share-api-9114fa,orbisapi.com,base,other,,false,1.0000,70,77,3,97,2026-07-14T06:26:31.677+00:00
https://orbisapi.com/proxy/earnings-quality-score-api-789479,orbisapi.com,base,other,,false,1.0000,47,47,3,97,2026-07-11T06:17:44.791+00:00
https://orbisapi.com/proxy/earthquake-facts-e9c4d7,orbisapi.com,base,other,,false,1.0000,88,93,3,96,2026-07-16T06:38:17.484+00:00
https://orbisapi.com/proxy/ebay-product-search-api-238b64,orbisapi.com,base,other,,false,1.0000,49,54,3,97,2026-07-17T06:17:41.919+00:00
https://orbisapi.com/proxy/ebay-seller-listings-api-31dd69,orbisapi.com,base,other,,false,1.0000,49,52,3,97,2026-07-17T06:17:34.104+00:00
https://orbisapi.com/proxy/ebitda-calculator-api-0d8d4d,orbisapi.com,base,other,,false,1.0000,69,70,3,97,2026-07-14T06:25:06.971+00:00
https://orbisapi.com/proxy/ecg-feature-extractor-api-4fcbd2,orbisapi.com,base,other,,false,1.0000,43,43,3,97,2026-07-15T05:51:07.471+00:00
https://orbisapi.com/proxy/eclipse-calendar-api-f6cb15,orbisapi.com,base,other,,false,1.0000,88,90,3,96,2026-07-13T07:31:55.402+00:00
https://orbisapi.com/proxy/economic-calendar-api-3c09c8,orbisapi.com,base,other,,false,1.0000,48,50,3,97,2026-07-17T06:17:01.532+00:00
https://orbisapi.com/proxy/economic-calendar-api-3c09c8/analyze,orbisapi.com,base,other,,false,1.0000,49,51,3,97,2026-07-11T06:16:33.52+00:00
https://orbisapi.com/proxy/economic-calendar-api-3c09c8/bulk,orbisapi.com,base,other,,false,1.0000,48,48,3,97,2026-07-11T06:16:39.607+00:00
https://orbisapi.com/proxy/economic-calendar-api-3c09c8/parse,orbisapi.com,base,other,,false,1.0000,47,48,3,97,2026-07-11T06:16:56.019+00:00
https://orbisapi.com/proxy/economic-order-quantity-calculator-api-6a9386,orbisapi.com,base;solana:5eykt4usfv8p8njdtrepy1vzqkqzkvdp,other,,false,1.0000,67,69,3,97,2026-07-14T06:23:50.745+00:00
https://orbisapi.com/proxy/economics-terms-api-ce9620,orbisapi.com,base,other,,false,1.0000,85,88,3,96,2026-07-16T06:40:49.321+00:00
https://orbisapi.com/proxy/ecosystem-resilience-calculator-api-89edbe,orbisapi.com,base,other,,false,1.0000,81,85,3,97,2026-07-16T06:36:39.027+00:00
https://orbisapi.com/proxy/ecosystems-api-7cdcd6,orbisapi.com,base,other,,false,1.0000,79,84,3,96,2026-07-16T06:40:38.181+00:00
https://orbisapi.com/proxy/edge-compute-sizer-api-60d142,orbisapi.com,base,other,,false,1.0000,93,95,3,96,2026-07-13T07:32:01.216+00:00
https://orbisapi.com/proxy/editing-guide-4b6d3c,orbisapi.com,base;solana:5eykt4usfv8p8njdtrepy1vzqkqzkvdp,other,,false,1.0000,80,89,3,96,2026-07-16T06:38:37.868+00:00
https://orbisapi.com/proxy/education-toolkit-api-c2a8ae,orbisapi.com,base,other,,false,1.0000,84,88,3,96,2026-07-16T06:39:49.274+00:00
https://orbisapi.com/proxy/educational-attainment-score-api-a161a8,orbisapi.com,base,other,,false,1.0000,47,48,3,97,2026-07-11T06:18:01.99+00:00
https://orbisapi.com/proxy/eeg-band-power-calculator-api-0df2bf,orbisapi.com,base,other,,false,1.0000,50,55,3,97,2026-07-11T06:17:57.045+00:00
https://orbisapi.com/proxy/effect-size-calculator-api-21d23c,orbisapi.com,base,other,,false,1.0000,90,92,3,96,2026-07-13T07:32:13.98+00:00
https://orbisapi.com/proxy/efficient-frontier-calculator-api-160f6b,orbisapi.com,base,other,,false,1.0000,33,33,3,97,2026-07-12T06:10:37.705+00:00
https://orbisapi.com/proxy/effort-estimator-api-ef09d7,orbisapi.com,base,other,,false,1.0000,64,69,3,97,2026-07-14T06:20:54.888+00:00
https://orbisapi.com/proxy/election-integrity-score-api-108a49/format,orbisapi.com,base;solana:5eykt4usfv8p8njdtrepy1vzqkqzkvdp,other,,false,1.0000,41,46,3,97,2026-07-15T05:49:31.185+00:00
https://orbisapi.com/proxy/elections-guide-7f850f,orbisapi.com,base,other,,false,1.0000,74,90,3,96,2026-07-16T06:38:21.42+00:00
https://orbisapi.com/proxy/electoral-district-api-590c2e,orbisapi.com,base,other,,false,1.0000,91,96,3,96,2026-07-13T07:32:17.091+00:00
https://orbisapi.com/proxy/electrical-inventions-b1ee17,orbisapi.com,base,other,,false,1.0000,78,89,3,96,2026-07-16T06:38:29.491+00:00
https://orbisapi.com/proxy/element-lookup-api-a19553,orbisapi.com,base,other,,false,1.0000,65,69,3,97,2026-07-14T06:23:47.51+00:00
https://orbisapi.com/proxy/element-lookup-api-b19f08,orbisapi.com,base,other,,false,1.0000,52,53,3,97,2026-07-17T06:16:01.854+00:00
https://orbisapi.com/proxy/elevation-classifier-api-248a13,orbisapi.com,base,other,,false,1.0000,90,91,3,96,2026-07-13T07:32:04.447+00:00
https://orbisapi.com/proxy/elo-calculator-api-ed364a,orbisapi.com,base,other,,false,1.0000,89,89,3,96,2026-07-13T07:31:54.93+00:00
https://orbisapi.com/proxy/elo-rating-calculator-api-17af7b,orbisapi.com,base,other,,false,1.0000,70,70,3,97,2026-07-14T06:23:29.809+00:00
https://orbisapi.com/proxy/email-activity-score-0b02f8,orbisapi.com,base,other,,false,1.0000,77,79,3,97,2026-07-16T06:36:45.733+00:00
https://orbisapi.com/proxy/email-copy-tools-api-7e1b9f,orbisapi.com,base,other,,false,1.0000,82,86,3,96,2026-07-16T06:39:44.471+00:00
https://orbisapi.com/proxy/email-deliverability-check-4210d2,orbisapi.com,base,other,,false,1.0000,80,88,3,96,2026-07-16T06:37:03.676+00:00
https://orbisapi.com/proxy/email-domain-reputation-d165c4,orbisapi.com,base,other,,false,1.0000,84,619,3,94,2026-07-15T05:57:46.194+00:00
https://orbisapi.com/proxy/email-extractor-api-cf818a,orbisapi.com,base,other,,false,1.0000,66,82,6,97,2026-07-17T06:12:30.602+00:00
https://orbisapi.com/proxy/email-format-guide-api-450dff,orbisapi.com,base,other,,false,1.0000,62,147,6,97,2026-07-12T06:09:34.225+00:00
https://orbisapi.com/proxy/email-free-provider-a95057,orbisapi.com,base,other,,false,1.0000,97,99,3,96,2026-07-16T06:37:01.331+00:00
https://orbisapi.com/proxy/email-header-analyzer-api-875f06,orbisapi.com,base,other,,false,1.0000,65,66,3,97,2026-07-14T06:23:39.304+00:00
https://orbisapi.com/proxy/email-header-parser-api-1e1bd8,orbisapi.com,base,other,,false,1.0000,42,54,6,97,2026-07-12T06:09:36.065+00:00
https://orbisapi.com/proxy/email-marketing-analyzer-api-1d8d82,orbisapi.com,base,other,,false,1.0000,90,96,3,96,2026-07-13T07:36:57.464+00:00
https://orbisapi.com/proxy/email-normalizer-api-2f21ee,orbisapi.com,base,other,,false,1.0000,42,51,6,97,2026-07-12T06:09:36.922+00:00
https://orbisapi.com/proxy/email-normalizer-api-2f21ee/bulk,orbisapi.com,base;solana:5eykt4usfv8p8njdtrepy1vzqkqzkvdp,other,,false,1.0000,50,51,3,97,2026-07-11T06:11:50.555+00:00
https://orbisapi.com/proxy/email-open-rate-scorer-api-cd54cc,orbisapi.com,base,other,,false,1.0000,50,51,3,97,2026-07-17T06:18:31.784+00:00
https://orbisapi.com/proxy/email-parser-api-9da5be,orbisapi.com,base,other,,false,1.0000,41,50,6,97,2026-07-12T06:09:29.678+00:00
https://orbisapi.com/proxy/email-parser-api-9da5be/bulk,orbisapi.com,base;solana:5eykt4usfv8p8njdtrepy1vzqkqzkvdp,other,,false,1.0000,50,50,3,97,2026-07-11T06:11:48.658+00:00
https://orbisapi.com/proxy/email-phone-match-55c3ed,orbisapi.com,base,other,,false,1.0000,44,45,3,97,2026-07-15T05:57:15.556+00:00
https://orbisapi.com/proxy/email-provider-detector-api-a05fe6,orbisapi.com,base,other,,false,1.0000,66,70,3,97,2026-07-14T06:23:37.288+00:00
https://orbisapi.com/proxy/email-provider-detector-api-a05fe6/format,orbisapi.com,base;solana:5eykt4usfv8p8njdtrepy1vzqkqzkvdp,other,,false,1.0000,46,46,3,97,2026-07-11T06:11:52.715+00:00
https://orbisapi.com/proxy/email-response-time-api-94abf3,orbisapi.com,base,other,,false,1.0000,91,91,3,96,2026-07-13T07:32:13.036+00:00
https://orbisapi.com/proxy/email-revenue-calculator-api-b30f75,orbisapi.com,base,other,,false,1.0000,93,93,3,96,2026-07-13T07:38:23.958+00:00
https://orbisapi.com/proxy/email-role-detect-836ff7,orbisapi.com,base,other,,false,1.0000,44,46,3,97,2026-07-15T05:56:56.881+00:00
https://orbisapi.com/proxy/email-send-trigger-6148ac,orbisapi.com,base,other,,false,1.0000,48,55,3,97,2026-07-15T05:57:26.859+00:00
https://orbisapi.com/proxy/email-spam-trap-b6a1be,orbisapi.com,base,other,,false,1.0000,81,86,3,96,2026-07-15T05:57:46.499+00:00
https://orbisapi.com/proxy/email-subject-line-generator-api-8141db,orbisapi.com,base,other,,false,1.0000,50,58,3,97,2026-07-17T06:16:27.404+00:00
https://orbisapi.com/proxy/email-subject-line-generator-api-e06c28,orbisapi.com,base,other,,false,1.0000,79,105,3,96,2026-07-16T06:39:32.525+00:00
https://orbisapi.com/proxy/email-subject-scorer-api-adc8e8,orbisapi.com,base,other,,false,1.0000,88,93,3,96,2026-07-13T07:32:17.571+00:00
https://orbisapi.com/proxy/email-subject-scorer-api-ae0f49,orbisapi.com,base,other,,false,1.0000,80,92,6,97,2026-07-14T06:18:59.19+00:00
https://orbisapi.com/proxy/email-tone-scorer-api-332360,orbisapi.com,base,other,,false,1.0000,92,92,3,96,2026-07-13T07:32:08.103+00:00
https://orbisapi.com/proxy/email-tone-scorer-api-332360/compare,orbisapi.com,base;solana:5eykt4usfv8p8njdtrepy1vzqkqzkvdp,other,,false,1.0000,82,82,3,96,2026-07-16T06:40:55.273+00:00
https://orbisapi.com/proxy/email-typo-correct-ae5ccc,orbisapi.com,base,other,,false,1.0000,45,49,3,97,2026-07-15T05:57:27.235+00:00
https://orbisapi.com/proxy/email-validator-api-48d3e2/lookup,orbisapi.com,base;solana:5eykt4usfv8p8njdtrepy1vzqkqzkvdp,other,,false,1.0000,49,53,3,97,2026-07-11T06:11:51.832+00:00
https://orbisapi.com/proxy/email-validator-api-48d3e2/openapi,orbisapi.com,base;solana:5eykt4usfv8p8njdtrepy1vzqkqzkvdp,other,,false,1.0000,50,53,3,97,2026-07-11T06:11:54.369+00:00
https://orbisapi.com/proxy/email-validator-api-5f4d0b,orbisapi.com,base,other,,false,1.0000,44,45,3,97,2026-07-15T05:50:44.323+00:00
https://orbisapi.com/proxy/email-validator-api-6086cb,orbisapi.com,base,other,,false,1.0000,49,52,3,97,2026-07-17T06:14:25.074+00:00
https://orbisapi.com/proxy/email-validator-api-d2edf6,orbisapi.com,base,other,,false,1.0000,49,53,3,97,2026-07-17T06:15:42.63+00:00
https://orbisapi.com/proxy/email-validator-v2-api-0e7e59,orbisapi.com,base,other,,false,1.0000,63,71,3,97,2026-07-14T06:25:04.015+00:00
https://orbisapi.com/proxy/embedding-dimensions-guide-api-16bea1,orbisapi.com,base;solana:5eykt4usfv8p8njdtrepy1vzqkqzkvdp,other,,false,1.0000,44,51,3,97,2026-07-15T05:49:30.617+00:00
https://orbisapi.com/proxy/embedding-distance-0b9b37,orbisapi.com,base,other,,false,1.0000,43,45,3,97,2026-07-15T05:57:13.493+00:00
https://orbisapi.com/proxy/embedding-models-guide-api-3a48ad,orbisapi.com,base;solana:5eykt4usfv8p8njdtrepy1vzqkqzkvdp,other,,false,1.0000,72,77,3,96,2026-07-14T06:20:51.076+00:00
https://orbisapi.com/proxy/embedding-quality-api-26e27b,orbisapi.com,base,other,,false,1.0000,88,91,3,96,2026-07-13T07:31:57.702+00:00
https://orbisapi.com/proxy/embedding-similarity-api-985bc8,orbisapi.com,base,other,,false,1.0000,92,94,3,96,2026-07-13T07:41:09.614+00:00
https://orbisapi.com/proxy/emergency-fund-api-355022,orbisapi.com,base,other,,false,1.0000,44,45,3,97,2026-07-15T05:48:52.19+00:00
https://orbisapi.com/proxy/emergency-fund-calculator-api-73e165,orbisapi.com,base,other,,false,1.0000,91,92,3,96,2026-07-13T07:32:03.985+00:00
https://orbisapi.com/proxy/emergency-fund-calculator-api-e7d48a,orbisapi.com,base,other,,false,1.0000,89,90,3,96,2026-07-13T07:37:21.463+00:00
https://orbisapi.com/proxy/emergency-fund-calculator-api-fb28e4,orbisapi.com,base,other,,false,1.0000,85,89,3,96,2026-07-16T06:39:38.237+00:00
https://orbisapi.com/proxy/emergency-fund-v2-api-57ebda,orbisapi.com,base,other,,false,1.0000,66,74,3,97,2026-07-14T06:24:23.361+00:00
https://orbisapi.com/proxy/emission-factor-calculator-api-baf421,orbisapi.com,base,other,,false,1.0000,91,93,3,96,2026-07-13T07:32:18.017+00:00
https://orbisapi.com/proxy/emoji-info-api-0a8ef5,orbisapi.com,base,other,,false,1.0000,69,79,3,97,2026-07-14T06:21:16.579+00:00
https://orbisapi.com/proxy/emoji-translator-api-254970,orbisapi.com,base,other,,false,1.0000,100,105,3,96,2026-07-13T07:34:29.896+00:00
https://orbisapi.com/proxy/emotion-detect-dcf3eb,orbisapi.com,base,other,,false,1.0000,42,44,3,97,2026-07-15T05:57:47.409+00:00
https://orbisapi.com/proxy/emotion-science-594ee1,orbisapi.com,base,other,,false,1.0000,87,102,3,96,2026-07-16T06:38:34.749+00:00
https://orbisapi.com/proxy/emotional-intelligence-api-3b8367,orbisapi.com,base,other,,false,1.0000,50,51,3,97,2026-07-17T06:14:40.667+00:00
https://orbisapi.com/proxy/employee-lifetime-value-api-d379ae,orbisapi.com,base,other,,false,1.0000,51,52,3,97,2026-07-17T06:18:21.903+00:00
https://orbisapi.com/proxy/employee-productivity-api-7dc66d,orbisapi.com,base,other,,false,1.0000,62,64,3,97,2026-07-14T06:24:46.377+00:00
https://orbisapi.com/proxy/encoding-detector-api-0f2e09,orbisapi.com,base,other,,false,1.0000,62,67,3,97,2026-07-14T06:20:58.297+00:00
https://orbisapi.com/proxy/encryption-advisor-api-76b529,orbisapi.com,base,other,,false,1.0000,71,72,3,97,2026-07-14T06:19:14.484+00:00
https://orbisapi.com/proxy/encryption-basics-guide-api-1cbaa9,orbisapi.com,base,other,,false,1.0000,49,51,3,97,2026-07-17T06:17:59.417+00:00
https://orbisapi.com/proxy/endangered-habitats-api-aa2ebc,orbisapi.com,base,other,,false,1.0000,82,83,3,96,2026-07-16T06:40:59.177+00:00
https://orbisapi.com/proxy/endangered-species-api-6733be,orbisapi.com,base;solana:5eykt4usfv8p8njdtrepy1vzqkqzkvdp,other,,false,1.0000,53,59,3,97,2026-07-17T06:15:06.106+00:00
https://orbisapi.com/proxy/endangered-species-api-80e396,orbisapi.com,base,other,,false,1.0000,51,53,3,97,2026-07-17T06:15:58.382+00:00
https://orbisapi.com/proxy/endocrine-guide-641d2e,orbisapi.com,base,other,,false,1.0000,48,61,3,97,2026-07-17T06:18:28.866+00:00
https://orbisapi.com/proxy/energy-efficiency-scorer-api-b6f51a,orbisapi.com,base,other,,false,1.0000,87,91,3,96,2026-07-13T07:37:33.449+00:00
https://orbisapi.com/proxy/energy-meter-parser-api-c908f4,orbisapi.com,base,other,,false,1.0000,60,67,3,97,2026-07-14T06:23:44.692+00:00
https://orbisapi.com/proxy/energy-star-score-api-1e3fa5,orbisapi.com,base,other,,false,1.0000,90,91,3,96,2026-07-13T07:32:07.636+00:00
https://orbisapi.com/proxy/energy-yield-calculator-api-a53940,orbisapi.com,base,other,,false,1.0000,49,49,3,97,2026-07-11T06:14:14.29+00:00
https://orbisapi.com/proxy/engagement-calculator-api-50172a,orbisapi.com,base,other,,false,1.0000,85,137,3,96,2026-07-16T06:39:30.012+00:00
https://orbisapi.com/proxy/engagement-rate-calculator-api-9e22e6,orbisapi.com,base,other,,false,1.0000,50,53,3,97,2026-07-17T06:14:24.385+00:00
https://orbisapi.com/proxy/engagement-survey-analyzer-api-5aeaa5,orbisapi.com,base,other,,false,1.0000,66,84,6,97,2026-07-17T06:12:29.787+00:00
https://orbisapi.com/proxy/engineering-records-49b39a,orbisapi.com,base;solana:5eykt4usfv8p8njdtrepy1vzqkqzkvdp,other,,false,1.0000,77,78,3,97,2026-07-16T06:38:31.521+00:00
https://orbisapi.com/proxy/enlightenment-ideas-77b6c5,orbisapi.com,base,other,,false,1.0000,86,88,3,96,2026-07-16T06:38:29.104+00:00
https://orbisapi.com/proxy/ens-resolve-ae171e,orbisapi.com,base;solana:5eykt4usfv8p8njdtrepy1vzqkqzkvdp,other,,false,1.0000,44,44,3,97,2026-07-15T05:57:16.315+00:00
https://orbisapi.com/proxy/entity-extractor-api-69b2f0,orbisapi.com,base,other,,false,1.0000,62,64,3,97,2026-07-14T06:21:22.749+00:00
https://orbisapi.com/proxy/entity-extractor-api-7340dc,orbisapi.com,base,other,,false,1.0000,53,53,3,97,2026-07-17T06:16:10.193+00:00
https://orbisapi.com/proxy/entity-linker-112e8d,orbisapi.com,base,other,,false,1.0000,44,73,3,96,2026-07-15T05:56:55.963+00:00
https://orbisapi.com/proxy/entity-risk-profile-451269,orbisapi.com,base,other,,false,1.0000,73,87,3,96,2026-07-15T05:57:46.772+00:00
https://orbisapi.com/proxy/entity-tracker-api-8b0ed7,orbisapi.com,base,other,,false,1.0000,43,49,3,97,2026-07-15T05:49:13.587+00:00
https://orbisapi.com/proxy/entity-type-classify-38a396,orbisapi.com,base,other,,false,1.0000,47,52,3,97,2026-07-15T05:57:25.447+00:00
https://orbisapi.com/proxy/entropy-calculator-api-08c1b8,orbisapi.com,base,other,,false,1.0000,89,91,3,96,2026-07-13T07:32:12.554+00:00
https://orbisapi.com/proxy/env-file-generator-api-9973f0,orbisapi.com,base,other,,false,1.0000,68,69,3,97,2026-07-14T06:19:31.125+00:00
https://orbisapi.com/proxy/env-validator-api-8e6e0f,orbisapi.com,base,other,,false,1.0000,70,71,3,97,2026-07-14T06:20:09.948+00:00
https://orbisapi.com/proxy/env-validator-api-8e6e0f/openapi,orbisapi.com,base;solana:5eykt4usfv8p8njdtrepy1vzqkqzkvdp,other,,false,1.0000,49,49,3,97,2026-07-11T06:16:59.732+00:00
https://orbisapi.com/proxy/env-var-parser-api-a911ef/info,orbisapi.com,base;solana:5eykt4usfv8p8njdtrepy1vzqkqzkvdp,other,,false,1.0000,44,45,3,97,2026-07-15T05:49:27.1+00:00
https://orbisapi.com/proxy/environment-variable-checker-api-58087e,orbisapi.com,base,other,,false,1.0000,75,78,3,97,2026-07-16T06:40:03.289+00:00
https://orbisapi.com/proxy/environment-variables-guide-api-ab8242,orbisapi.com,base,other,,false,1.0000,43,45,3,97,2026-07-15T05:50:00.763+00:00
https://orbisapi.com/proxy/environmental-flow-score-api-99aea4/format,orbisapi.com,base;solana:5eykt4usfv8p8njdtrepy1vzqkqzkvdp,other,,false,1.0000,48,50,3,97,2026-07-17T06:15:01.157+00:00
https://orbisapi.com/proxy/environmental-impact-3f8af3,orbisapi.com,base,other,,false,1.0000,50,55,3,97,2026-07-15T05:57:27.819+00:00
https://orbisapi.com/proxy/environmental-movement-history-194423,orbisapi.com,base,other,,false,1.0000,52,54,3,97,2026-07-17T06:17:50.405+00:00
https://orbisapi.com/proxy/enzyme-replacement-dose-api-a54ad6,orbisapi.com,base,other,,false,1.0000,47,52,3,97,2026-07-11T06:17:59.472+00:00
https://orbisapi.com/proxy/epidemiology-report-parser-api-5540c6,orbisapi.com,base,other,,false,1.0000,32,37,3,97,2026-07-12T06:10:33.22+00:00
https://orbisapi.com/proxy/epistemology-guide-65e2a5,orbisapi.com,base,other,,false,1.0000,50,50,3,97,2026-07-17T06:17:54.339+00:00
https://orbisapi.com/proxy/epoch-time-guide-api-3b7fd9,orbisapi.com,base,other,,false,1.0000,54,59,3,97,2026-07-15T05:51:12.382+00:00
https://orbisapi.com/proxy/equation-solve-e57b00,orbisapi.com,base,other,,false,1.0000,42,49,3,97,2026-07-15T05:57:15.761+00:00
https://orbisapi.com/proxy/erc4337-signature-format-validator-api-c431b9,orbisapi.com,base,other,,false,1.0000,48,49,3,97,2026-07-11T06:17:00.848+00:00
https://orbisapi.com/proxy/ergonomics-assessor-api-d29466,orbisapi.com,base,other,,false,1.0000,89,96,3,96,2026-07-13T07:36:45.491+00:00
https://orbisapi.com/proxy/error-budget-calculator-api-3f2878,orbisapi.com,base,other,,false,1.0000,90,91,3,96,2026-07-13T07:35:51.883+00:00
https://orbisapi.com/proxy/error-message-improver-api-80e04c,orbisapi.com,base,other,,false,1.0000,65,70,3,97,2026-07-14T06:19:40.67+00:00
https://orbisapi.com/proxy/error-message-scorer-api-9ea6fe,orbisapi.com,base,other,,false,1.0000,91,94,3,96,2026-07-13T07:31:58.668+00:00
https://orbisapi.com/proxy/error-messages-guide-api-20f735,orbisapi.com,base;solana:5eykt4usfv8p8njdtrepy1vzqkqzkvdp,other,,false,1.0000,43,44,3,97,2026-07-15T05:49:37.448+00:00
https://orbisapi.com/proxy/error-monitoring-guide-api-5a58c6,orbisapi.com,base,other,,false,1.0000,42,56,3,97,2026-07-15T05:49:40.99+00:00
https://orbisapi.com/proxy/escalation-predictor-api-dc0640,orbisapi.com,base,other,,false,1.0000,93,96,3,96,2026-07-13T07:32:13.525+00:00
https://orbisapi.com/proxy/escrow-calculator-api-855bc3,orbisapi.com,base,other,,false,1.0000,31,32,3,97,2026-07-12T06:10:30.836+00:00
https://orbisapi.com/proxy/esg-reporting-helper-api-9a00e8,orbisapi.com,base,other,,false,1.0000,90,90,3,96,2026-07-13T07:37:36.305+00:00
https://orbisapi.com/proxy/esg-score-parser-api-5d1fbd,orbisapi.com,base;solana:5eykt4usfv8p8njdtrepy1vzqkqzkvdp,other,,false,1.0000,91,103,3,96,2026-07-13T07:32:14.452+00:00
https://orbisapi.com/proxy/esg-scorer-api-bafb5b,orbisapi.com,base,other,,false,1.0000,88,92,3,96,2026-07-13T07:39:07.379+00:00
https://orbisapi.com/proxy/esg-supply-chain-scorer-api-713dc2/analyze,orbisapi.com,base;solana:5eykt4usfv8p8njdtrepy1vzqkqzkvdp,other,,false,1.0000,85,99,3,96,2026-07-16T06:41:14.796+00:00
https://orbisapi.com/proxy/esports-burnout-risk-score-api-7fb5ba,orbisapi.com,base,other,,false,1.0000,83,84,3,96,2026-07-16T06:37:15.183+00:00
https://orbisapi.com/proxy/esports-tournaments-api-b4493d,orbisapi.com,base,other,,false,1.0000,48,53,3,97,2026-07-17T06:16:43.795+00:00
https://orbisapi.com/proxy/essay-scorer-api-bdf91d,orbisapi.com,base,other,,false,1.0000,112,179,3,95,2026-07-13T07:38:17.974+00:00
https://orbisapi.com/proxy/essay-writing-963622,orbisapi.com,base,other,,false,1.0000,93,160,3,95,2026-07-16T06:41:26.29+00:00
https://orbisapi.com/proxy/estate-plan-score-api-4c9916,orbisapi.com,base,other,,false,1.0000,43,45,3,97,2026-07-15T05:51:14.076+00:00
https://orbisapi.com/proxy/estate-tax-calculator-api-118f22,orbisapi.com,base,other,,false,1.0000,90,95,3,96,2026-07-13T07:35:11.638+00:00
https://orbisapi.com/proxy/etf-calculator-api-ae1fad,orbisapi.com,base,other,,false,1.0000,69,69,3,97,2026-07-14T06:26:37.8+00:00
https://orbisapi.com/proxy/eth-price-tracker-api-31834d,orbisapi.com,base,other,,false,1.0000,48,52,3,97,2026-07-17T06:13:57.87+00:00
https://orbisapi.com/proxy/eth-wallet-lookup-c57a9a,orbisapi.com,base,other,,false,1.0000,49,53,3,97,2026-07-11T06:18:02.677+00:00
https://orbisapi.com/proxy/ethereum-guide-api-128b46,orbisapi.com,base,other,,false,1.0000,69,70,3,97,2026-07-14T06:26:27.414+00:00
https://orbisapi.com/proxy/ethogram-classifier-api-fdecca,orbisapi.com,base,other,,false,1.0000,45,50,3,97,2026-07-15T05:51:15.028+00:00
https://orbisapi.com/proxy/etl-validator-api-a56ffe,orbisapi.com,base,other,,false,1.0000,69,70,3,97,2026-07-14T06:19:34.3+00:00
https://orbisapi.com/proxy/etsy-shop-products-api-3eb5f3,orbisapi.com,base,other,,false,1.0000,52,55,3,97,2026-07-17T06:17:42.157+00:00
https://orbisapi.com/proxy/etymology-classifier-api-819bcf,orbisapi.com,base,other,,false,1.0000,91,91,3,96,2026-07-13T07:32:07.132+00:00
https://orbisapi.com/proxy/european-geography-fd8bbb,orbisapi.com,base,other,,false,1.0000,79,89,3,96,2026-07-16T06:38:20.65+00:00
https://orbisapi.com/proxy/ev-advisor-api-2588b5,orbisapi.com,base,other,,false,1.0000,89,89,3,96,2026-07-13T07:38:29.674+00:00
https://orbisapi.com/proxy/ev-range-calculator-api-e949a2,orbisapi.com,base;solana:5eykt4usfv8p8njdtrepy1vzqkqzkvdp,other,,false,1.0000,80,85,3,96,2026-07-16T06:41:19.964+00:00
https://orbisapi.com/proxy/eval-metric-calculator-api-ab1206,orbisapi.com,base,other,,false,1.0000,88,92,3,96,2026-07-13T07:31:58.199+00:00
https://orbisapi.com/proxy/eval-metric-selector-api-6436f3,orbisapi.com,base,other,,false,1.0000,91,92,3,96,2026-07-13T07:39:38.675+00:00
https://orbisapi.com/proxy/evapotranspiration-calculator-api-3b5d37,orbisapi.com,base,other,,false,1.0000,50,51,3,97,2026-07-15T05:51:12.772+00:00
https://orbisapi.com/proxy/event-budget-calculator-api-f1776f,orbisapi.com,base,other,,false,1.0000,90,97,3,96,2026-07-13T07:38:22.988+00:00
https://orbisapi.com/proxy/event-conflict-checker-api-e09cf6,orbisapi.com,base,other,,false,1.0000,90,95,3,96,2026-07-13T07:35:56.28+00:00
https://orbisapi.com/proxy/event-detection-91fe50,orbisapi.com,base,other,,false,1.0000,42,43,3,97,2026-07-15T05:58:04.029+00:00
https://orbisapi.com/proxy/event-driven-programming-guide-api-9c48a8,orbisapi.com,base,other,,false,1.0000,44,50,3,97,2026-07-15T05:49:33.693+00:00
https://orbisapi.com/proxy/event-duration-normalizer-api-5aec71,orbisapi.com,base;solana:5eykt4usfv8p8njdtrepy1vzqkqzkvdp,other,,false,1.0000,92,97,3,96,2026-07-13T07:36:24.173+00:00
https://orbisapi.com/proxy/event-extract-88d5df,orbisapi.com,base,other,,false,1.0000,43,44,3,97,2026-07-15T05:57:26.328+00:00
https://orbisapi.com/proxy/event-extract-88d5df/parse,orbisapi.com,base;solana:5eykt4usfv8p8njdtrepy1vzqkqzkvdp,other,,false,1.0000,47,47,3,97,2026-07-11T06:12:27.035+00:00
https://orbisapi.com/proxy/event-risk-score-api-3a9824,orbisapi.com,base,other,,false,1.0000,52,52,3,97,2026-07-11T06:18:12.73+00:00
https://orbisapi.com/proxy/event-schema-designer-api-fcdd5d,orbisapi.com,base,other,,false,1.0000,92,92,3,96,2026-07-13T07:39:28.776+00:00
https://orbisapi.com/proxy/evolutionary-genetics-2abf8d,orbisapi.com,base,other,,false,1.0000,82,83,3,96,2026-07-16T06:41:28.639+00:00
https://orbisapi.com/proxy/examination-prep-score-api-58edf0,orbisapi.com,base,other,,false,1.0000,83,86,3,96,2026-07-16T06:37:17.76+00:00
https://orbisapi.com/proxy/exception-age-calculator-api-8f8a97,orbisapi.com,base,other,,false,1.0000,50,61,3,97,2026-07-11T06:17:48.176+00:00
https://orbisapi.com/proxy/exchange-rate-guide-api-2febbe,orbisapi.com,base,other,,false,1.0000,43,48,3,97,2026-07-15T05:49:05.414+00:00
https://orbisapi.com/proxy/executive-compensation-score-api-9ee19a,orbisapi.com,base,other,,false,1.0000,49,49,3,97,2026-07-11T06:17:45.015+00:00
https://orbisapi.com/proxy/executive-summary-60f6f4,orbisapi.com,base,other,,false,1.0000,46,50,3,97,2026-07-15T05:57:44.7+00:00
https://orbisapi.com/proxy/exhibition-flow-score-api-f3f4b9/parse,orbisapi.com,base;solana:5eykt4usfv8p8njdtrepy1vzqkqzkvdp,other,,false,1.0000,51,54,3,97,2026-07-17T06:14:33.789+00:00
https://orbisapi.com/proxy/exhibitor-roi-calculator-api-0dac53,orbisapi.com,base,other,,false,1.0000,89,100,3,96,2026-07-16T06:41:13.99+00:00
https://orbisapi.com/proxy/exoplanet-search-api-b572f6,orbisapi.com,base,other,,false,1.0000,90,95,3,96,2026-07-13T07:36:24.629+00:00
https://orbisapi.com/proxy/exotic-animal-drug-dose-api-617a03,orbisapi.com,base,other,,false,1.0000,47,52,3,97,2026-07-11T06:17:34.385+00:00
https://orbisapi.com/proxy/expense-categorizer-api-16a984,orbisapi.com,base,other,,false,1.0000,69,89,6,97,2026-07-17T06:12:25.866+00:00
https://orbisapi.com/proxy/expense-categorizer-api-5e0048,orbisapi.com,base;solana:5eykt4usfv8p8njdtrepy1vzqkqzkvdp,other,,false,1.0000,54,59,3,97,2026-07-17T06:15:44.849+00:00
https://orbisapi.com/proxy/expense-fraud-score-api-0a5ad7,orbisapi.com,base,other,,false,1.0000,32,34,3,97,2026-07-12T06:10:29.825+00:00
https://orbisapi.com/proxy/experiment-tracker-api-a0f4a1,orbisapi.com,base,other,,false,1.0000,92,93,3,96,2026-07-13T07:39:32.219+00:00
https://orbisapi.com/proxy/expiry-check-api-438b63,orbisapi.com,base,other,,false,1.0000,51,51,3,97,2026-07-17T06:17:29.321+00:00
https://orbisapi.com/proxy/externalities-guide-e378e5,orbisapi.com,base,other,,false,1.0000,80,143,3,96,2026-07-16T06:41:33.907+00:00
https://orbisapi.com/proxy/extreme-weather-48d4b2,orbisapi.com,base,other,,false,1.0000,82,102,3,96,2026-07-16T06:41:04.455+00:00
https://orbisapi.com/proxy/extreme-weather-index-api-754141,orbisapi.com,base,other,,false,1.0000,43,48,3,97,2026-07-15T05:51:07.099+00:00
https://orbisapi.com/proxy/extrusion-quality-score-api-99494c,orbisapi.com,base,other,,false,1.0000,50,51,3,97,2026-07-11T06:17:01.088+00:00
https://orbisapi.com/proxy/eye-health-3cc045/info,orbisapi.com,base;solana:5eykt4usfv8p8njdtrepy1vzqkqzkvdp,other,,false,1.0000,51,53,3,97,2026-07-11T06:11:45.529+00:00
https://orbisapi.com/proxy/eye-surgery-candidate-score-api-4490bf,orbisapi.com,base,other,,false,1.0000,32,33,3,97,2026-07-12T06:09:51.651+00:00
https://orbisapi.com/proxy/eye-tracking-score-api-bd4826,orbisapi.com,base,other,,false,1.0000,48,48,3,97,2026-07-11T06:17:32.799+00:00
https://orbisapi.com/proxy/f1-racing-api-815c38,orbisapi.com,base,other,,false,1.0000,52,53,3,97,2026-07-17T06:16:36.029+00:00
https://orbisapi.com/proxy/fabric-care-decoder-api-51bec1,orbisapi.com,base,other,,false,1.0000,46,47,3,97,2026-07-11T06:18:02.441+00:00
https://orbisapi.com/proxy/fabric-cost-calculator-api-3fea7e,orbisapi.com,base,other,,false,1.0000,52,53,3,97,2026-07-11T06:17:33.448+00:00
https://orbisapi.com/proxy/fabric-gsm-calculator-api-ba2829,orbisapi.com,base,other,,false,1.0000,48,49,3,97,2026-07-11T06:17:43.418+00:00
https://orbisapi.com/proxy/facebook-ads-library-api-6decbe,orbisapi.com,base,other,,false,1.0000,47,53,3,97,2026-07-17T06:17:33.399+00:00
https://orbisapi.com/proxy/facebook-ads-library-api-6decbe/details,orbisapi.com,base;solana:5eykt4usfv8p8njdtrepy1vzqkqzkvdp,other,,false,1.0000,51,52,3,97,2026-07-11T06:11:52.958+00:00
https://orbisapi.com/proxy/facebook-page-data-api-67b28e,orbisapi.com,base,other,,false,1.0000,47,53,3,97,2026-07-17T06:17:45.669+00:00
https://orbisapi.com/proxy/facility-location-score-api-2f49b6,orbisapi.com,base,other,,false,1.0000,47,50,3,97,2026-07-11T06:17:29.775+00:00
https://orbisapi.com/proxy/fact-check-template-api-e82411,orbisapi.com,base,other,,false,1.0000,92,95,3,96,2026-07-13T07:39:00.418+00:00
https://orbisapi.com/proxy/fact-checker-api-18f5ea,orbisapi.com,base,other,,false,1.0000,65,70,3,97,2026-07-14T06:21:18.27+00:00
https://orbisapi.com/proxy/fact-lookup-df599b,orbisapi.com,base,other,,false,1.0000,49,80,3,96,2026-07-15T05:57:47.209+00:00
https://orbisapi.com/proxy/fact-verification-signals-api-0205a2,orbisapi.com,base,other,,false,1.0000,48,55,3,97,2026-07-17T06:13:59.047+00:00
https://orbisapi.com/proxy/factor-exposure-calculator-api-3ea8a6,orbisapi.com,base,other,,false,1.0000,42,52,3,97,2026-07-15T05:51:04.393+00:00
https://orbisapi.com/proxy/factor-tilt-calculator-api-3c0933,orbisapi.com,base,other,,false,1.0000,86,142,3,96,2026-07-16T06:37:27.502+00:00
https://orbisapi.com/proxy/factorial-calculator-api-2467a9,orbisapi.com,base,other,,false,1.0000,43,50,6,97,2026-07-12T06:09:44.976+00:00
https://orbisapi.com/proxy/failure-prediction-score-api-d6fb4a,orbisapi.com,base,other,,false,1.0000,48,49,3,97,2026-07-11T06:11:41.22+00:00
https://orbisapi.com/proxy/fake-address-generate-a9a5f4,orbisapi.com,base,other,,false,1.0000,46,50,3,97,2026-07-15T05:56:39.375+00:00
https://orbisapi.com/proxy/fake-company-generate-28630c,orbisapi.com,base,other,,false,1.0000,48,53,3,97,2026-07-15T05:57:13.691+00:00
https://orbisapi.com/proxy/fake-data-generator-api-5f1196/bulk,orbisapi.com,base,other,,false,1.0000,51,83,3,96,2026-07-11T06:11:31.868+00:00
https://orbisapi.com/proxy/fake-email-generate-d1eeac,orbisapi.com,base,other,,false,1.0000,42,45,3,97,2026-07-15T05:57:27.619+00:00
https://orbisapi.com/proxy/fake-iban-generate-5819eb,orbisapi.com,base,other,,false,1.0000,45,50,3,97,2026-07-15T05:57:26.517+00:00
https://orbisapi.com/proxy/fake-name-generate-a81f03,orbisapi.com,base,other,,false,1.0000,43,55,3,97,2026-07-15T05:57:15.368+00:00
https://orbisapi.com/proxy/fake-phone-generate-5e3190,orbisapi.com,base,other,,false,1.0000,44,46,3,97,2026-07-15T05:56:56.163+00:00
https://orbisapi.com/proxy/fake-token-detector-api-5a7ad6,orbisapi.com,base,other,,false,1.0000,45,50,3,97,2026-07-15T05:49:14.176+00:00
https://orbisapi.com/proxy/fall-risk-orthopedic-score-api-f67696,orbisapi.com,base,other,,false,1.0000,42,42,3,97,2026-07-15T05:51:01.607+00:00
https://orbisapi.com/proxy/famous-authors-api-bc8121,orbisapi.com,base,other,,false,1.0000,50,53,3,97,2026-07-17T06:15:05.634+00:00
https://orbisapi.com/proxy/famous-battles-api-559b5d,orbisapi.com,base,other,,false,1.0000,56,56,3,97,2026-07-17T06:15:35.824+00:00
https://orbisapi.com/proxy/famous-inventions-api-64fb19,orbisapi.com,base,other,,false,1.0000,52,61,3,97,2026-07-17T06:15:38.642+00:00
https://orbisapi.com/proxy/famous-landmarks-api-3fd489,orbisapi.com,base,other,,false,1.0000,49,53,3,97,2026-07-17T06:15:59.774+00:00
https://orbisapi.com/proxy/famous-laws-api-7f44fa,orbisapi.com,base;solana:5eykt4usfv8p8njdtrepy1vzqkqzkvdp,other,,false,1.0000,88,90,3,96,2026-07-16T06:40:11.903+00:00
https://orbisapi.com/proxy/fan-engagement-score-api-929ab3,orbisapi.com,base,other,,false,1.0000,48,49,3,97,2026-07-11T06:17:30.007+00:00
https://orbisapi.com/proxy/fantasy-points-calculator-api-747205,orbisapi.com,base,other,,false,1.0000,50,53,3,97,2026-07-17T06:17:40.021+00:00
https://orbisapi.com/proxy/fantasy-sports-scorer-api-a1925f,orbisapi.com,base,other,,false,1.0000,89,89,3,96,2026-07-13T07:37:37.69+00:00
https://orbisapi.com/proxy/faq-generator-api-d3b915,orbisapi.com,base,other,,false,1.0000,32,35,3,97,2026-07-12T06:12:48.102+00:00
https://orbisapi.com/proxy/farm-biosecurity-score-api-08d95c,orbisapi.com,base,other,,false,1.0000,32,33,3,97,2026-07-12T06:09:58.903+00:00
https://orbisapi.com/proxy/farm-management-score-api-9ddeaa,orbisapi.com,base,other,,false,1.0000,49,50,3,97,2026-07-11T06:17:22.403+00:00
https://orbisapi.com/proxy/farming-roi-calculator-api-61452d,orbisapi.com,base,other,,false,1.0000,79,90,3,96,2026-07-16T06:41:08.08+00:00
https://orbisapi.com/proxy/fashion-capitals-149311,orbisapi.com,base,other,,false,1.0000,88,90,3,96,2026-07-16T06:41:06.121+00:00
https://orbisapi.com/proxy/fashion-decades-d87f5f,orbisapi.com,base,other,,false,1.0000,81,84,3,96,2026-07-16T06:41:04.835+00:00
https://orbisapi.com/proxy/fashion-fabrics-3ca835,orbisapi.com,base,other,,false,1.0000,82,84,3,96,2026-07-16T06:41:07.318+00:00
https://orbisapi.com/proxy/fatigue-crack-growth-calculator-api-17221e,orbisapi.com,base,other,,false,1.0000,42,44,3,97,2026-07-15T05:50:56.95+00:00
https://orbisapi.com/proxy/fatigue-life-calculator-api-8dea62,orbisapi.com,base;solana:5eykt4usfv8p8njdtrepy1vzqkqzkvdp,other,,false,1.0000,49,50,3,97,2026-07-11T06:18:18.605+00:00
https://orbisapi.com/proxy/fatigue-risk-calculator-api-bf5d90,orbisapi.com,base,other,,false,1.0000,51,52,3,97,2026-07-11T06:17:33.92+00:00
https://orbisapi.com/proxy/fault-slip-rate-calculator-api-f99a1d,orbisapi.com,base,other,,false,1.0000,49,51,3,97,2026-07-11T06:18:02.222+00:00
https://orbisapi.com/proxy/fda-recall-lookup-f88419,orbisapi.com,base,other,,false,1.0000,43,43,3,97,2026-07-15T05:57:28.042+00:00
https://orbisapi.com/proxy/fdd-parser-api-9084b9,orbisapi.com,base,other,,false,1.0000,50,51,3,97,2026-07-11T06:17:42.963+00:00
https://orbisapi.com/proxy/feature-flag-advisor-api-b5f58e,orbisapi.com,base,other,,false,1.0000,91,142,3,96,2026-07-13T07:39:34.137+00:00
https://orbisapi.com/proxy/feature-flag-evaluator-api-d3da8c,orbisapi.com,base,other,,false,1.0000,89,90,3,96,2026-07-16T06:41:21.535+00:00
https://orbisapi.com/proxy/feature-importance-ranker-api-064f80,orbisapi.com,base,other,,false,1.0000,90,93,3,96,2026-07-13T07:39:29.237+00:00
https://orbisapi.com/proxy/feature-importance-score-api-94e11d,orbisapi.com,base,other,,false,1.0000,48,52,3,97,2026-07-11T06:17:26.704+00:00
https://orbisapi.com/proxy/feature-scaler-api-019341,orbisapi.com,base,other,,false,1.0000,70,71,3,97,2026-07-14T06:23:38.314+00:00
https://orbisapi.com/proxy/feature-store-designer-api-d138af,orbisapi.com,base,other,,false,1.0000,67,74,3,97,2026-07-14T06:19:45.21+00:00
https://orbisapi.com/proxy/fecal-transplant-score-api-367335,orbisapi.com,base,other,,false,1.0000,50,51,3,97,2026-07-11T06:17:30.239+00:00
https://orbisapi.com/proxy/federal-register-search-d243a0,orbisapi.com,base,other,,false,1.0000,44,46,3,97,2026-07-15T05:57:24.729+00:00
https://orbisapi.com/proxy/female-leaders-6d2309,orbisapi.com,base;solana:5eykt4usfv8p8njdtrepy1vzqkqzkvdp,other,,false,1.0000,82,85,3,97,2026-07-16T06:41:05.221+00:00
https://orbisapi.com/proxy/feminist-waves-d8621f,orbisapi.com,base;solana:5eykt4usfv8p8njdtrepy1vzqkqzkvdp,other,,false,1.0000,86,92,3,96,2026-07-16T06:38:15.337+00:00
https://orbisapi.com/proxy/feng-shui-90b285,orbisapi.com,base;solana:5eykt4usfv8p8njdtrepy1vzqkqzkvdp,other,,false,1.0000,80,90,3,96,2026-07-16T06:41:21.13+00:00
https://orbisapi.com/proxy/fermented-dairy-63d88f,orbisapi.com,base,other,,false,1.0000,83,89,3,96,2026-07-16T06:38:02.313+00:00
https://orbisapi.com/proxy/fern-guide-4aa089,orbisapi.com,base;solana:5eykt4usfv8p8njdtrepy1vzqkqzkvdp,other,,false,1.0000,78,81,3,97,2026-07-16T06:38:10.34+00:00
https://orbisapi.com/proxy/few-shot-builder-api-11ec6b,orbisapi.com,base,other,,false,1.0000,65,67,3,97,2026-07-14T06:26:05.794+00:00
https://orbisapi.com/proxy/few-shot-example-ranker-api-0cf52e,orbisapi.com,base,other,,false,1.0000,79,91,6,97,2026-07-14T06:18:16.053+00:00
https://orbisapi.com/proxy/few-shot-prompting-guide-api-7dcb0b,orbisapi.com,base,other,,false,1.0000,43,47,3,97,2026-07-15T05:49:40.62+00:00
https://orbisapi.com/proxy/fiat-crypto-convert-27c17d,orbisapi.com,base;solana:5eykt4usfv8p8njdtrepy1vzqkqzkvdp,other,,false,1.0000,44,45,3,97,2026-07-15T05:57:16.131+00:00
https://orbisapi.com/proxy/fiat-currency-api-cfbdf9,orbisapi.com,base,other,,false,1.0000,41,43,3,97,2026-07-15T05:49:03.222+00:00
https://orbisapi.com/proxy/fiber-attenuation-calculator-api-16b84e,orbisapi.com,base,other,,false,1.0000,48,49,3,97,2026-07-11T06:17:22.174+00:00
https://orbisapi.com/proxy/fibonacci-api-4f61ec,orbisapi.com,base;solana:5eykt4usfv8p8njdtrepy1vzqkqzkvdp,other,,false,1.0000,63,72,3,97,2026-07-14T06:23:44.032+00:00
https://orbisapi.com/proxy/fibonacci-properties-api-f71f84,orbisapi.com,base,other,,false,1.0000,80,90,3,96,2026-07-16T06:37:32.526+00:00
https://orbisapi.com/proxy/field-boundary-score-api-7a6338,orbisapi.com,base,other,,false,1.0000,49,52,3,97,2026-07-11T06:17:25.613+00:00
https://orbisapi.com/proxy/field-extractor-api-74fa1a,orbisapi.com,base,other,,false,1.0000,84,92,3,96,2026-07-16T06:40:58.012+00:00
https://orbisapi.com/proxy/field-mapper-api-44ac7a,orbisapi.com,base,other,,false,1.0000,70,80,3,96,2026-07-14T06:20:03+00:00
https://orbisapi.com/proxy/field-variability-score-api-8f8e73,orbisapi.com,base,other,,false,1.0000,51,53,3,97,2026-07-11T06:17:42.019+00:00
https://orbisapi.com/proxy/file-extension-api-82216f,orbisapi.com,base,other,,false,1.0000,66,71,3,97,2026-07-14T06:21:07.166+00:00
https://orbisapi.com/proxy/file-extension-map-0fd95b,orbisapi.com,base,other,,false,1.0000,41,46,3,97,2026-07-15T05:57:15.941+00:00
https://orbisapi.com/proxy/file-format-conversion-score-api-4642fa,orbisapi.com,base,other,,false,1.0000,41,42,3,97,2026-07-15T05:50:49.365+00:00
https://orbisapi.com/proxy/file-hash-check-a0ff35,orbisapi.com,base,other,,false,1.0000,40,52,3,97,2026-07-15T05:57:27.045+00:00
https://orbisapi.com/proxy/file-permissions-guide-api-49c04a,orbisapi.com,base,other,,false,1.0000,41,41,3,97,2026-07-15T05:50:00.577+00:00
https://orbisapi.com/proxy/file-size-estimate-29a275,orbisapi.com,base,other,,false,1.0000,43,45,3,97,2026-07-15T05:56:55.746+00:00
https://orbisapi.com/proxy/file-type-detect-df7bcd,orbisapi.com,base,other,,false,1.0000,43,48,3,97,2026-07-15T05:57:25.628+00:00
https://orbisapi.com/proxy/filler-word-detector-api-182fb1,orbisapi.com,base,other,,false,1.0000,90,91,3,96,2026-07-13T07:36:18.464+00:00
https://orbisapi.com/proxy/film-criticism-d0cfe0,orbisapi.com,base,other,,false,1.0000,83,84,3,97,2026-07-16T06:37:59.459+00:00
https://orbisapi.com/proxy/film-genres-29b252,orbisapi.com,base,other,,false,1.0000,79,92,3,96,2026-07-16T06:38:02.712+00:00
https://orbisapi.com/proxy/film-noir-6c8cb1,orbisapi.com,base,other,,false,1.0000,84,97,3,96,2026-07-16T06:38:09.961+00:00
https://orbisapi.com/proxy/filmmaking-terms-b58a90,orbisapi.com,base,other,,false,1.0000,81,86,3,96,2026-07-16T06:38:03.095+00:00
https://orbisapi.com/proxy/financial-data-api-7373b1,orbisapi.com,base,other,,false,1.0000,49,51,3,97,2026-07-15T05:49:02.864+00:00
https://orbisapi.com/proxy/financial-formula-eval-29f3fa,orbisapi.com,base,other,,false,1.0000,45,59,3,97,2026-07-15T05:57:45.307+00:00
https://orbisapi.com/proxy/financial-goals-planner-api-fa6b7c,orbisapi.com,base,other,,false,1.0000,53,54,3,97,2026-07-17T06:16:45.459+00:00
https://orbisapi.com/proxy/financial-health-checker-api-5b5ddf,orbisapi.com,base,other,,false,1.0000,132,146,3,95,2026-07-16T06:39:36.194+00:00
https://orbisapi.com/proxy/financial-health-checker-api-5b5ddf/finance/budget,orbisapi.com,base;solana:5eykt4usfv8p8njdtrepy1vzqkqzkvdp,other,,false,1.0000,51,54,3,97,2026-07-11T06:11:57.963+00:00
https://orbisapi.com/proxy/financial-health-scorecard-api-a2681c,orbisapi.com,base,other,,false,1.0000,91,105,3,96,2026-07-13T07:37:06.224+00:00
https://orbisapi.com/proxy/financial-health-scorer-api-0ebfb5,orbisapi.com,base,other,,false,1.0000,51,54,3,97,2026-07-17T06:18:07.487+00:00
https://orbisapi.com/proxy/financial-health-scorer-api-858d02,orbisapi.com,base,other,,false,1.0000,66,82,6,97,2026-07-17T06:12:23.328+00:00
https://orbisapi.com/proxy/financial-independence-api-9434f1,orbisapi.com,base,other,,false,1.0000,71,75,3,97,2026-07-14T06:25:01.671+00:00
https://orbisapi.com/proxy/financial-independence-calculator-api-f598cb,orbisapi.com,base,other,,false,1.0000,49,51,3,97,2026-07-17T06:16:53.726+00:00
https://orbisapi.com/proxy/financial-news-sentiment-api-5fc1c1/benchmark,orbisapi.com,base,other,,false,1.0000,51,52,3,97,2026-07-11T06:17:46.154+00:00
https://orbisapi.com/proxy/financial-news-sentiment-api-5fc1c1/headlines,orbisapi.com,base,other,,false,1.0000,47,50,3,97,2026-07-11T06:18:02.9+00:00
https://orbisapi.com/proxy/financial-news-sentiment-api-5fc1c1/history,orbisapi.com,base,other,,false,1.0000,46,49,3,97,2026-07-11T06:18:14.082+00:00
https://orbisapi.com/proxy/financial-news-sentiment-api-5fc1c1/lookup,orbisapi.com,base,other,,false,1.0000,33,34,3,97,2026-07-12T06:09:51.091+00:00
https://orbisapi.com/proxy/financial-news-sentiment-api-5fc1c1/news,orbisapi.com,base,other,,false,1.0000,30,33,3,97,2026-07-12T06:09:52.207+00:00
https://orbisapi.com/proxy/financial-news-sentiment-api-5fc1c1/NVDA,orbisapi.com,base,other,,false,1.0000,48,49,3,97,2026-07-11T06:17:08.73+00:00
https://orbisapi.com/proxy/financial-news-sentiment-api-5fc1c1/query,orbisapi.com,base,other,,false,1.0000,56,115,3,95,2026-07-12T06:10:17.977+00:00
https://orbisapi.com/proxy/financial-news-sentiment-api-5fc1c1/sentiment,orbisapi.com,base,other,,false,1.0000,30,30,3,97,2026-07-12T06:10:26.224+00:00
https://orbisapi.com/proxy/financial-news-sentiment-api-5fc1c1/stocks,orbisapi.com,base,other,,false,1.0000,30,37,3,97,2026-07-12T06:10:34.508+00:00
https://orbisapi.com/proxy/financial-news-sentiment-api-5fc1c1/ticker,orbisapi.com,base,other,,false,1.0000,33,34,3,97,2026-07-12T06:10:41.936+00:00
https://orbisapi.com/proxy/financial-news-sentiment-api-5fc1c1/trends,orbisapi.com,base,other,,false,1.0000,30,32,3,97,2026-07-12T06:10:45.702+00:00
https://orbisapi.com/proxy/financial-ratio-api-cc9d03,orbisapi.com,base,other,,false,1.0000,79,83,3,96,2026-07-16T06:34:52.216+00:00
https://orbisapi.com/proxy/financial-resilience-calculator-api-eb1f07,orbisapi.com,base,other,,false,1.0000,50,65,3,97,2026-07-11T06:17:29.549+00:00
https://orbisapi.com/proxy/financial-statement-analyzer-api-dacb94,orbisapi.com,base,other,,false,1.0000,71,76,3,97,2026-07-14T06:24:38.469+00:00
https://orbisapi.com/proxy/financial-stress-score-api-cdbe9e,orbisapi.com,base,other,,false,1.0000,47,50,3,97,2026-07-11T06:17:33.684+00:00
https://orbisapi.com/proxy/financial-stress-scorer-api-2f674a,orbisapi.com,base,other,,false,1.0000,88,91,3,96,2026-07-13T07:36:47.392+00:00
https://orbisapi.com/proxy/financial-stress-scorer-api-c6d5f1,orbisapi.com,base,other,,false,1.0000,91,95,3,96,2026-07-13T07:37:11.985+00:00
https://orbisapi.com/proxy/financial-toolkit-api-40f853,orbisapi.com,base,other,,false,1.0000,51,52,3,97,2026-07-17T06:13:47.809+00:00
https://orbisapi.com/proxy/fine-tune-readiness-api-b7d0b8,orbisapi.com,base,other,,false,1.0000,49,51,3,97,2026-07-17T06:14:20.971+00:00
https://orbisapi.com/proxy/fine-tuning-guide-api-93322a,orbisapi.com,base,other,,false,1.0000,90,93,3,96,2026-07-13T07:33:43.009+00:00
https://orbisapi.com/proxy/fingerprint-quality-score-api-12b6eb,orbisapi.com,base,other,,false,1.0000,46,52,3,97,2026-07-11T06:17:30.467+00:00
https://orbisapi.com/proxy/fire-calculator-api-96e61a,orbisapi.com,base,other,,false,1.0000,72,73,3,96,2026-07-14T06:25:07.323+00:00
https://orbisapi.com/proxy/fire-cause-classifier-api-eb8053,orbisapi.com,base,other,,false,1.0000,48,49,3,97,2026-07-11T06:17:34.152+00:00
https://orbisapi.com/proxy/fire-number-calculator-api-075c5d,orbisapi.com,base,other,,false,1.0000,91,91,3,96,2026-07-13T07:35:54.009+00:00
https://orbisapi.com/proxy/firewall-rule-score-api-1b7bfa,orbisapi.com,base,other,,false,1.0000,48,51,3,97,2026-07-11T06:17:22.862+00:00
https://orbisapi.com/proxy/first-aid-guide-api-410b24,orbisapi.com,base,other,,false,1.0000,79,88,3,96,2026-07-16T06:40:54.89+00:00
https://orbisapi.com/proxy/first-aid-guide-api-410b24/info,orbisapi.com,base;solana:5eykt4usfv8p8njdtrepy1vzqkqzkvdp,other,,false,1.0000,49,49,3,97,2026-07-11T06:11:49.369+00:00
https://orbisapi.com/proxy/first-party-data-score-api-61e59a,orbisapi.com,base,other,,false,1.0000,50,55,3,97,2026-07-11T06:17:25.376+00:00
https://orbisapi.com/proxy/first-party-fraud-score-api-8b7a61,orbisapi.com,base,other,,false,1.0000,83,84,3,96,2026-07-16T06:37:45.457+00:00
https://orbisapi.com/proxy/fitness-age-calculator-api-fa4a4f,orbisapi.com,base,other,,false,1.0000,50,51,3,97,2026-07-17T06:15:45.078+00:00
https://orbisapi.com/proxy/fitness-exercises-api-4e089f,orbisapi.com,base,other,,false,1.0000,50,55,3,97,2026-07-17T06:15:09.061+00:00
https://orbisapi.com/proxy/fitness-macro-calculator-api-2c3611,orbisapi.com,base,other,,false,1.0000,90,91,3,96,2026-07-13T07:39:25.932+00:00
https://orbisapi.com/proxy/fitness-tracker-api-ab0013,orbisapi.com,base,other,,false,1.0000,77,79,3,97,2026-07-16T06:40:04.446+00:00
https://orbisapi.com/proxy/flaky-test-detector-api-789e35,orbisapi.com,base,other,,false,1.0000,53,54,3,97,2026-07-17T06:14:14.503+00:00
https://orbisapi.com/proxy/flash-loan-cost-calculator-api-5fcfc0,orbisapi.com,base,other,,false,1.0000,48,50,3,97,2026-07-11T06:18:15.205+00:00
https://orbisapi.com/proxy/flash-loan-risk-api-00963e,orbisapi.com,base,other,,false,1.0000,48,52,3,97,2026-07-17T06:18:03.551+00:00
https://orbisapi.com/proxy/flash-sale-planner-api-6670f8,orbisapi.com,base,other,,false,1.0000,90,92,3,96,2026-07-13T07:37:56.852+00:00
https://orbisapi.com/proxy/flash-sale-score-api-e3267d,orbisapi.com,base,other,,false,1.0000,46,51,3,97,2026-07-11T06:17:30.713+00:00
https://orbisapi.com/proxy/flashcard-generator-api-554365,orbisapi.com,base,other,,false,1.0000,92,105,3,96,2026-07-13T07:38:16.391+00:00
https://orbisapi.com/proxy/flashcard-schedule-api-34f0b4,orbisapi.com,base,other,,false,1.0000,66,68,3,97,2026-07-14T06:23:31.125+00:00
https://orbisapi.com/proxy/fleet-utilization-calculator-api-5dd5c7,orbisapi.com,base,other,,false,1.0000,77,84,3,96,2026-07-16T06:40:59.547+00:00
https://orbisapi.com/proxy/flesch-kincaid-api-3af2dd,orbisapi.com,base,other,,false,1.0000,50,51,3,97,2026-07-17T06:14:20.74+00:00
https://orbisapi.com/proxy/flexibility-index-calculator-api-1bdb74,orbisapi.com,base,other,,false,1.0000,30,31,3,97,2026-07-12T06:10:28.587+00:00
https://orbisapi.com/proxy/flight-carbon-api-254095,orbisapi.com,base,other,,false,1.0000,90,93,3,96,2026-07-13T07:37:01.96+00:00
https://orbisapi.com/proxy/flight-cost-estimator-api-7a80c0,orbisapi.com,base,other,,false,1.0000,76,79,3,97,2026-07-16T06:35:11.487+00:00
https://orbisapi.com/proxy/flight-cycle-calculator-api-992fe4,orbisapi.com,base,other,,false,1.0000,43,44,3,97,2026-07-15T05:50:48.99+00:00
https://orbisapi.com/proxy/flight-risk-score-api-f14499,orbisapi.com,base,other,,false,1.0000,50,50,3,97,2026-07-11T06:16:44.316+00:00
https://orbisapi.com/proxy/flood-disasters-85606c,orbisapi.com,base,other,,false,1.0000,78,91,3,96,2026-07-16T06:37:58.269+00:00
https://orbisapi.com/proxy/flood-zone-classifier-api-0cb5f3,orbisapi.com,base,other,,false,1.0000,61,89,6,96,2026-07-13T07:31:50.499+00:00
https://orbisapi.com/proxy/fluid-dynamics-calculator-api-569167,orbisapi.com,base,other,,false,1.0000,68,93,6,96,2026-07-13T07:31:48.627+00:00
https://orbisapi.com/proxy/focus-order-score-api-cdff82,orbisapi.com,base,other,,false,1.0000,86,86,3,96,2026-07-16T06:40:58.796+00:00
https://orbisapi.com/proxy/folk-dances-f0cb33,orbisapi.com,base,other,,false,1.0000,83,94,3,96,2026-07-16T06:38:12.658+00:00
https://orbisapi.com/proxy/follower-growth-calculator-api-a15f8d,orbisapi.com,base,other,,false,1.0000,61,90,6,96,2026-07-13T07:31:38.296+00:00
https://orbisapi.com/proxy/font-legibility-api-c95299,orbisapi.com,base,other,,false,1.0000,61,93,6,96,2026-07-13T07:31:42.327+00:00
https://orbisapi.com/proxy/food-allergies-api-cdddf0,orbisapi.com,base,other,,false,1.0000,49,51,3,97,2026-07-17T06:16:44.749+00:00
https://orbisapi.com/proxy/food-beverage-cost-score-api-e22271,orbisapi.com,base,other,,false,1.0000,40,44,3,97,2026-07-15T05:50:37.332+00:00
https://orbisapi.com/proxy/food-chain-risk-score-api-8d88d9,orbisapi.com,base,other,,false,1.0000,43,48,3,97,2026-07-15T05:50:41.384+00:00
https://orbisapi.com/proxy/food-cost-calculator-api-fae028,orbisapi.com,base;solana:5eykt4usfv8p8njdtrepy1vzqkqzkvdp,other,,false,1.0000,89,92,3,96,2026-07-13T07:37:41.322+00:00
https://orbisapi.com/proxy/food-label-parser-api-344f3f,orbisapi.com,base,other,,false,1.0000,90,121,6,96,2026-07-13T07:31:46.68+00:00
https://orbisapi.com/proxy/food-labor-cost-calculator-api-1c3cf1,orbisapi.com,base,other,,false,1.0000,42,51,3,97,2026-07-15T05:50:35.471+00:00
https://orbisapi.com/proxy/food-records-dae979,orbisapi.com,base,other,,false,1.0000,83,87,3,96,2026-07-16T06:38:13.611+00:00
https://orbisapi.com/proxy/food-temperature-zone-checker-api-3358f8,orbisapi.com,base,other,,false,1.0000,80,85,3,96,2026-07-16T06:40:54.504+00:00
https://orbisapi.com/proxy/foraging-efficiency-score-api-ecef13,orbisapi.com,base,other,,false,1.0000,41,42,3,97,2026-07-15T05:50:29.141+00:00
https://orbisapi.com/proxy/forbearance-calculator-api-7fdd68,orbisapi.com,base,other,,false,1.0000,44,46,3,97,2026-07-15T05:50:25.466+00:00
https://orbisapi.com/proxy/force-majeure-analyzer-api-e7ca0e,orbisapi.com,base,other,,false,1.0000,92,92,3,96,2026-07-13T07:39:10.403+00:00
https://orbisapi.com/proxy/force-majeure-detector-api-387ae5,orbisapi.com,base,other,,false,1.0000,66,67,3,97,2026-07-14T06:23:30.122+00:00
https://orbisapi.com/proxy/force-majeure-detector-api-3e3ea4,orbisapi.com,base,other,,false,1.0000,59,92,6,96,2026-07-13T07:31:34.83+00:00
https://orbisapi.com/proxy/force-majeure-scorer-api-eeed5e,orbisapi.com,base,other,,false,1.0000,48,50,3,97,2026-07-17T06:17:47.515+00:00
https://orbisapi.com/proxy/foreclosure-timeline-calculator-api-8bebed,orbisapi.com,base,other,,false,1.0000,79,80,3,97,2026-07-16T06:37:53.274+00:00
https://orbisapi.com/proxy/foreign-cinema-b2a289,orbisapi.com,base,other,,false,1.0000,80,80,3,97,2026-07-16T06:38:01.13+00:00
https://orbisapi.com/proxy/foreign-tax-credit-calculator-api-84d259,orbisapi.com,base,other,,false,1.0000,48,53,3,97,2026-07-17T06:15:25.89+00:00
https://orbisapi.com/proxy/forensic-accounting-score-api-61c08c,orbisapi.com,base,other,,false,1.0000,103,112,3,96,2026-07-16T06:38:20.22+00:00
https://orbisapi.com/proxy/forex-concepts-api-6111d1,orbisapi.com,base,other,,false,1.0000,45,46,3,97,2026-07-15T05:49:02.651+00:00
https://orbisapi.com/proxy/forex-data-api-024d55,orbisapi.com,base,other,,false,1.0000,42,44,3,97,2026-07-15T05:48:55.308+00:00
https://orbisapi.com/proxy/forex-guide-api-13ecd8,orbisapi.com,base,other,,false,1.0000,46,48,3,97,2026-07-15T05:48:54.365+00:00
https://orbisapi.com/proxy/forex-risk-api-0b8909,orbisapi.com,base,other,,false,1.0000,84,93,6,97,2026-07-14T06:18:39.194+00:00
https://orbisapi.com/proxy/form-8949-calculator-api-2b09c9,orbisapi.com,base,other,,false,1.0000,49,50,3,97,2026-07-11T06:18:10.349+00:00
https://orbisapi.com/proxy/form-field-detector-api-e709cc,orbisapi.com,base,other,,false,1.0000,89,107,6,96,2026-07-13T07:31:50.962+00:00
https://orbisapi.com/proxy/form-ux-scorer-api-5d2f36,orbisapi.com,base,other,,false,1.0000,63,93,6,96,2026-07-13T07:31:41.855+00:00
https://orbisapi.com/proxy/form-validator-api-913a2a,orbisapi.com,base,other,,false,1.0000,49,51,3,97,2026-07-17T06:13:39.806+00:00
https://orbisapi.com/proxy/formal-logic-0ecac6,orbisapi.com,base,other,,false,1.0000,82,98,3,96,2026-07-16T06:37:50.565+00:00
https://orbisapi.com/proxy/formality-scorer-api-3217bf,orbisapi.com,base,other,,false,1.0000,72,75,3,97,2026-07-14T06:21:00.35+00:00
https://orbisapi.com/proxy/format-validator-api-048526,orbisapi.com,base,other,,false,1.0000,63,95,6,96,2026-07-13T07:31:37.374+00:00
https://orbisapi.com/proxy/fortune-cookie-api-46ad95,orbisapi.com,base,other,,false,1.0000,50,55,3,97,2026-07-17T06:15:53.921+00:00
https://orbisapi.com/proxy/founding-fathers-39d768,orbisapi.com,base,other,,false,1.0000,78,86,3,96,2026-07-16T06:38:05.529+00:00
https://orbisapi.com/proxy/fourier-descriptor-api-6fa719,orbisapi.com,base,other,,false,1.0000,61,93,6,96,2026-07-13T07:31:32.738+00:00
https://orbisapi.com/proxy/fps-benchmark-api-b0711c,orbisapi.com,base,other,,false,1.0000,64,99,6,96,2026-07-13T07:31:51.875+00:00
https://orbisapi.com/proxy/fraction-calculator-api-155fdd,orbisapi.com,base,other,,false,1.0000,52,53,3,97,2026-07-17T06:15:50.917+00:00
https://orbisapi.com/proxy/fracture-healing-calculator-api-328b5c,orbisapi.com,base,other,,false,1.0000,81,94,3,96,2026-07-16T06:38:23.876+00:00
https://orbisapi.com/proxy/franchise-evaluator-api-20ab84,orbisapi.com,base,other,,false,1.0000,89,92,3,96,2026-07-13T07:38:19.501+00:00
https://orbisapi.com/proxy/franchise-fee-calculator-api-5ef5d8,orbisapi.com,base,other,,false,1.0000,49,53,3,97,2026-07-15T05:50:17.458+00:00
https://orbisapi.com/proxy/franchise-resale-calculator-api-4acae6,orbisapi.com,base,other,,false,1.0000,51,53,3,97,2026-07-11T06:17:23.733+00:00
https://orbisapi.com/proxy/franchise-roi-calculator-api-aa25bf,orbisapi.com,base,other,,false,1.0000,44,44,3,97,2026-07-15T05:49:45.063+00:00
https://orbisapi.com/proxy/franchise-unit-score-api-ebd832,orbisapi.com,base,other,,false,1.0000,42,48,3,97,2026-07-15T05:50:00.959+00:00
https://orbisapi.com/proxy/fraud-check-latency-calculator-api-b39b3d,orbisapi.com,base,other,,false,1.0000,43,47,3,97,2026-07-15T05:50:05.982+00:00
https://orbisapi.com/proxy/fraud-detection-api-0842cf,orbisapi.com,base,other,,false,1.0000,43,49,3,97,2026-07-15T05:49:13.988+00:00
https://orbisapi.com/proxy/free-cash-flow-estimator-api-510f2f,orbisapi.com,base,other,,false,1.0000,54,55,3,97,2026-07-17T06:18:08.428+00:00
https://orbisapi.com/proxy/free-shipping-threshold-calculator-api-f70ece,orbisapi.com,base,other,,false,1.0000,48,52,3,97,2026-07-17T06:16:05.788+00:00
https://orbisapi.com/proxy/freight-audit-score-api-3a68ef,orbisapi.com,base,other,,false,1.0000,43,49,3,97,2026-07-15T05:50:09.224+00:00
https://orbisapi.com/proxy/freight-class-calculator-api-8690de,orbisapi.com,base,other,,false,1.0000,64,91,6,96,2026-07-13T07:31:37.844+00:00
https://orbisapi.com/proxy/french-loanwords-91b5d1,orbisapi.com,base,other,,false,1.0000,85,88,3,96,2026-07-16T06:38:06.313+00:00
https://orbisapi.com/proxy/french-revolution-history-7c301c,orbisapi.com,base,other,,false,1.0000,87,93,3,96,2026-07-16T06:38:01.923+00:00
https://orbisapi.com/proxy/frontend-framework-detector-api-02c82e,orbisapi.com,base,other,,false,1.0000,49,60,3,97,2026-07-17T06:17:15.9+00:00
https://orbisapi.com/proxy/frontier-orbital-score-api-e336fc,orbisapi.com,base,other,,false,1.0000,47,47,3,97,2026-07-11T06:17:22.625+00:00
https://orbisapi.com/proxy/fsa-spend-calculator-api-8e9171,orbisapi.com,base,other,,false,1.0000,92,171,3,95,2026-07-16T06:38:39.094+00:00
https://orbisapi.com/proxy/fuel-burn-calculator-api-82d279,orbisapi.com,base,other,,false,1.0000,46,48,3,97,2026-07-11T06:17:44.572+00:00
https://orbisapi.com/proxy/fuel-economy-calculator-api-661815,orbisapi.com,base,other,,false,1.0000,95,137,3,96,2026-07-16T06:36:26.573+00:00
https://orbisapi.com/proxy/fuel-theft-detector-api-2c1614,orbisapi.com,base,other,,false,1.0000,77,91,3,96,2026-07-16T06:40:44.67+00:00
https://orbisapi.com/proxy/fun-facts-api-7482a1,orbisapi.com,base,other,,false,1.0000,47,55,3,97,2026-07-17T06:16:40.428+00:00
https://orbisapi.com/proxy/functional-medicine-score-api-152033,orbisapi.com,base,other,,false,1.0000,42,42,3,97,2026-07-15T05:49:58.198+00:00
https://orbisapi.com/proxy/functional-safety-score-api-0d0618,orbisapi.com,base,other,,false,1.0000,43,48,3,97,2026-07-15T05:49:56.537+00:00
https://orbisapi.com/proxy/fungi-guide-c8d1d6,orbisapi.com,base,other,,false,1.0000,86,94,3,96,2026-07-16T06:37:57.496+00:00
https://orbisapi.com/proxy/funnel-calculator-api-2d302c,orbisapi.com,base,other,,false,1.0000,87,112,6,96,2026-07-13T07:31:48.158+00:00
https://orbisapi.com/proxy/funnel-calculator-api-4171f1,orbisapi.com,base,other,,false,1.0000,67,70,3,97,2026-07-14T06:19:24.487+00:00
https://orbisapi.com/proxy/gad-7-score-calculator-api-bc91b7,orbisapi.com,base,other,,false,1.0000,42,45,3,97,2026-07-15T05:49:49.962+00:00
https://orbisapi.com/proxy/gait-parameter-calculator-api-d22c59,orbisapi.com,base,other,,false,1.0000,45,45,3,97,2026-07-15T05:49:45.897+00:00
https://orbisapi.com/proxy/game-balance-score-api-2ca74c,orbisapi.com,base,other,,false,1.0000,61,89,6,96,2026-07-13T07:31:42.785+00:00
https://orbisapi.com/proxy/game-consoles-4e55a2,orbisapi.com,base,other,,false,1.0000,87,98,3,96,2026-07-16T06:38:05.926+00:00
https://orbisapi.com/proxy/game-day-nutrition-api-00824e,orbisapi.com,base,other,,false,1.0000,42,45,3,97,2026-07-15T05:49:53.54+00:00
https://orbisapi.com/proxy/game-soundtracks-839217,orbisapi.com,base,other,,false,1.0000,80,83,3,97,2026-07-16T06:37:59.074+00:00
https://orbisapi.com/proxy/gaming-score-balancer-api-5a11c0,orbisapi.com,base,other,,false,1.0000,90,91,3,96,2026-07-13T07:38:55.333+00:00
https://orbisapi.com/proxy/gas-analytics-api-ed0106,orbisapi.com,base,other,,false,1.0000,44,45,3,97,2026-07-15T05:49:01.408+00:00
https://orbisapi.com/proxy/gas-estimator-api-0c509d,orbisapi.com,base,other,,false,1.0000,61,93,6,96,2026-07-13T07:31:53.555+00:00
https://orbisapi.com/proxy/gas-fee-estimator-api-bdae8d,orbisapi.com,base,other,,false,1.0000,91,92,3,96,2026-07-13T07:37:57.32+00:00
https://orbisapi.com/proxy/gas-fee-estimator-api-c49e96,orbisapi.com,base,other,,false,1.0000,54,56,3,97,2026-07-17T06:13:50.953+00:00
https://orbisapi.com/proxy/gas-optimizer-api-c0d923,orbisapi.com,base,other,,false,1.0000,89,92,3,96,2026-07-13T07:41:07.677+00:00
https://orbisapi.com/proxy/gas-pattern-analyzer-api-665b3b,orbisapi.com,base,other,,false,1.0000,42,46,3,97,2026-07-15T05:49:10.448+00:00
https://orbisapi.com/proxy/gas-price-convert-7f80c4,orbisapi.com,base,other,,false,1.0000,80,85,3,96,2026-07-16T06:38:49.909+00:00
https://orbisapi.com/proxy/gauge-chart-data-b0e848,orbisapi.com,base,other,,false,1.0000,79,82,3,97,2026-07-16T06:38:56.452+00:00
https://orbisapi.com/proxy/gc-content-calculator-api-471757,orbisapi.com,base,other,,false,1.0000,82,93,3,96,2026-07-16T06:40:42.176+00:00
https://orbisapi.com/proxy/gcd-lcm-calculator-api-2f320b,orbisapi.com,base,other,,false,1.0000,42,43,3,97,2026-07-15T05:51:19.606+00:00
https://orbisapi.com/proxy/gcp-services-guide-api-1faf67,orbisapi.com,base,other,,false,1.0000,44,46,3,97,2026-07-15T05:49:58.009+00:00
https://orbisapi.com/proxy/gd-t-tolerance-calculator-api-0c2c88,orbisapi.com,base,other,,false,1.0000,51,53,3,97,2026-07-11T06:13:51.588+00:00
https://orbisapi.com/proxy/gdp-data-api-6edac9,orbisapi.com,base,other,,false,1.0000,43,44,3,97,2026-07-15T05:49:05.234+00:00
https://orbisapi.com/proxy/gdp-slot-calculator-api-f075b1,orbisapi.com,base,other,,false,1.0000,49,51,3,97,2026-07-15T05:49:44.49+00:00
https://orbisapi.com/proxy/gdpr-checklist-api-26e72b,orbisapi.com,base,other,,false,1.0000,80,81,3,97,2026-07-16T06:34:49.945+00:00
https://orbisapi.com/proxy/gdpr-compliance-checker-api-854512,orbisapi.com,base,other,,false,1.0000,77,94,6,96,2026-07-13T07:31:47.701+00:00
https://orbisapi.com/proxy/gdpr-compliance-checker-api-c33a36,orbisapi.com,base,other,,false,1.0000,93,96,3,96,2026-07-13T07:39:10.867+00:00
https://orbisapi.com/proxy/gdpr-compliance-checker-api-fcd7e2,orbisapi.com,base,other,,false,1.0000,88,89,3,96,2026-07-13T07:36:30.346+00:00
https://orbisapi.com/proxy/gdpr-legitimate-interest-scorer-api-23b87e,orbisapi.com,base;solana:5eykt4usfv8p8njdtrepy1vzqkqzkvdp,other,,false,1.0000,93,96,3,96,2026-07-13T07:36:39.539+00:00
https://orbisapi.com/proxy/gemstone-origins-4cec70,orbisapi.com,base,other,,false,1.0000,91,93,3,96,2026-07-16T06:37:50.981+00:00
https://orbisapi.com/proxy/gender-neutral-language-api-ce7551,orbisapi.com,base,other,,false,1.0000,61,93,6,96,2026-07-13T07:31:40.172+00:00
https://orbisapi.com/proxy/gene-cargo-capacity-calculator-api-4dc303,orbisapi.com,base,other,,false,1.0000,30,34,3,97,2026-07-12T06:12:20.888+00:00
https://orbisapi.com/proxy/gene-expression-classifier-api-9d4f80,orbisapi.com,base,other,,false,1.0000,32,32,3,97,2026-07-12T06:10:50.854+00:00
https://orbisapi.com/proxy/gene-therapy-dose-calculator-api-f47dda,orbisapi.com,base,other,,false,1.0000,42,46,3,97,2026-07-15T05:49:42.643+00:00
https://orbisapi.com/proxy/generation-time-calculator-api-7daf75,orbisapi.com,base,other,,false,1.0000,41,42,3,97,2026-07-15T05:49:40.44+00:00
https://orbisapi.com/proxy/generative-materials-score-api-39c9fb,orbisapi.com,base,other,,false,1.0000,42,43,3,97,2026-07-15T05:49:20.231+00:00
https://orbisapi.com/proxy/genetic-diseases-b6179f,orbisapi.com,base,other,,false,1.0000,76,88,3,96,2026-07-16T06:37:51.36+00:00
https://orbisapi.com/proxy/genetic-variant-classifier-api-e27b4a,orbisapi.com,base,other,,false,1.0000,84,87,3,96,2026-07-16T06:41:20.353+00:00
https://orbisapi.com/proxy/geo-distance-calculator-api-3b3bb4,orbisapi.com,base,other,,false,1.0000,78,107,3,96,2026-07-16T06:39:55.149+00:00
https://orbisapi.com/proxy/geochemical-anomaly-score-api-ee077b,orbisapi.com,base,other,,false,1.0000,43,47,3,97,2026-07-15T05:49:36.925+00:00
https://orbisapi.com/proxy/geocode-address-911b9b,orbisapi.com,base,other,,false,1.0000,78,83,3,96,2026-07-16T06:38:15.712+00:00
https://orbisapi.com/proxy/geographic-coordinates-api-235fd7/coordinates,orbisapi.com,base,other,,false,1.0000,72,79,3,96,2026-07-14T06:20:55.568+00:00
https://orbisapi.com/proxy/geographic-risk-score-api-cc9477,orbisapi.com,base,other,,false,1.0000,43,48,3,97,2026-07-15T05:49:36.054+00:00
https://orbisapi.com/proxy/geography-fun-facts-ab88ed,orbisapi.com,base;solana:5eykt4usfv8p8njdtrepy1vzqkqzkvdp,other,,false,1.0000,84,84,3,96,2026-07-16T06:41:25.808+00:00
https://orbisapi.com/proxy/geolocation-from-ip-api-c7f92f,orbisapi.com,base,other,,false,1.0000,52,52,3,97,2026-07-17T06:16:53.28+00:00
https://orbisapi.com/proxy/geometry-shapes-api-0f6ee7,orbisapi.com,base;solana:5eykt4usfv8p8njdtrepy1vzqkqzkvdp,other,,false,1.0000,40,47,6,97,2026-07-12T06:09:44.683+00:00
https://orbisapi.com/proxy/geometry-simplification-score-api-11e9c1,orbisapi.com,base,other,,false,1.0000,32,33,3,97,2026-07-12T06:10:41.649+00:00
https://orbisapi.com/proxy/geotechnical-score-api-eb50a2,orbisapi.com,base,other,,false,1.0000,79,119,3,96,2026-07-16T06:40:36.182+00:00
https://orbisapi.com/proxy/germanic-languages-6bb854,orbisapi.com,base,other,,false,1.0000,63,84,6,97,2026-07-17T06:11:25.147+00:00
https://orbisapi.com/proxy/gift-subscription-calculator-api-950e5a,orbisapi.com,base,other,,false,1.0000,48,51,3,97,2026-07-15T05:49:31.564+00:00
https://orbisapi.com/proxy/git-bisect-guide-api-641402,orbisapi.com,base,other,,false,1.0000,41,43,3,97,2026-07-15T05:49:58.381+00:00
https://orbisapi.com/proxy/git-branch-namer-api-656640,orbisapi.com,base,other,,false,1.0000,69,69,3,97,2026-07-14T06:19:37.983+00:00
https://orbisapi.com/proxy/git-stash-guide-api-22ce7d,orbisapi.com,base,other,,false,1.0000,41,42,3,97,2026-07-15T05:50:05.573+00:00
https://orbisapi.com/proxy/git-tags-guide-api-43c723,orbisapi.com,base,other,,false,1.0000,43,46,3,97,2026-07-15T05:50:07.775+00:00
https://orbisapi.com/proxy/gitignore-guide-api-56c58e,orbisapi.com,base,other,,false,1.0000,43,43,3,97,2026-07-15T05:50:05.398+00:00
https://orbisapi.com/proxy/glaucoma-risk-calculator-api-056a94/describe,orbisapi.com,base;solana:5eykt4usfv8p8njdtrepy1vzqkqzkvdp,other,,false,1.0000,48,48,3,97,2026-07-17T06:14:35.863+00:00
https://orbisapi.com/proxy/global-currency-api-8e421b,orbisapi.com,base,other,,false,1.0000,43,43,3,97,2026-07-15T05:49:01.229+00:00
https://orbisapi.com/proxy/global-temperature-anomaly-api-80ea69,orbisapi.com,base,other,,false,1.0000,48,51,3,97,2026-07-17T06:17:15.33+00:00
https://orbisapi.com/proxy/glycemic-index-lookup-7c81da,orbisapi.com,base,other,,false,1.0000,66,83,6,97,2026-07-17T06:12:36.406+00:00
https://orbisapi.com/proxy/glycemic-load-calculator-api-9082fb,orbisapi.com,base,other,,false,1.0000,89,90,3,96,2026-07-13T07:31:54.016+00:00
https://orbisapi.com/proxy/glycogen-store-calculator-api-7a681f,orbisapi.com,base,other,,false,1.0000,42,53,3,97,2026-07-15T05:49:23.868+00:00
https://orbisapi.com/proxy/goal-decomposer-api-89d775,orbisapi.com,base,other,,false,1.0000,77,79,3,96,2026-07-14T06:21:23.794+00:00
https://orbisapi.com/proxy/goal-tracker-api-99d40d,orbisapi.com,base,other,,false,1.0000,79,81,3,97,2026-07-16T06:40:05.626+00:00
https://orbisapi.com/proxy/google-maps-places-api-c38c84,orbisapi.com,base,other,,false,1.0000,48,51,3,97,2026-07-17T06:17:47.741+00:00
https://orbisapi.com/proxy/google-search-results-api-9c77d5,orbisapi.com,base,other,,false,1.0000,50,50,3,97,2026-07-17T06:17:41.228+00:00
https://orbisapi.com/proxy/governance-rating-calculator-api-5c9eee,orbisapi.com,base,other,,false,1.0000,44,48,3,97,2026-07-15T05:49:21.862+00:00
https://orbisapi.com/proxy/governance-terms-7e532c,orbisapi.com,base,other,,false,1.0000,81,92,3,96,2026-07-16T06:37:47.818+00:00
https://orbisapi.com/proxy/government-contract-data-6d361c,orbisapi.com,base,other,,false,1.0000,44,60,3,97,2026-07-15T05:56:13.627+00:00
https://orbisapi.com/proxy/government-contract-data-6d361c/format,orbisapi.com,base;solana:5eykt4usfv8p8njdtrepy1vzqkqzkvdp,other,,false,1.0000,45,50,3,97,2026-07-11T06:12:06.319+00:00
https://orbisapi.com/proxy/government-contract-data-6d361c/validate,orbisapi.com,base;solana:5eykt4usfv8p8njdtrepy1vzqkqzkvdp,other,,false,1.0000,66,83,6,97,2026-07-17T06:12:37.639+00:00
https://orbisapi.com/proxy/government-systems-api-e7217d,orbisapi.com,base;solana:5eykt4usfv8p8njdtrepy1vzqkqzkvdp,other,,false,1.0000,87,89,3,96,2026-07-16T06:40:23.634+00:00
https://orbisapi.com/proxy/government-systems-api-e7217d/bulk,orbisapi.com,base;solana:5eykt4usfv8p8njdtrepy1vzqkqzkvdp,other,,false,1.0000,49,50,3,97,2026-07-11T06:12:11.243+00:00
https://orbisapi.com/proxy/gpl-license-guide-api-17fd18,orbisapi.com,base,other,,false,1.0000,42,43,3,97,2026-07-15T05:49:28.167+00:00
https://orbisapi.com/proxy/gps-accuracy-score-api-18fee9,orbisapi.com,base,other,,false,1.0000,43,43,3,97,2026-07-15T05:49:19.903+00:00
https://orbisapi.com/proxy/gpt-4-cost-calculator-api-51aa94,orbisapi.com,base,other,,false,1.0000,50,51,3,97,2026-07-17T06:17:53.394+00:00
https://orbisapi.com/proxy/gpt-5-5-workflow-copilot-api-778ead,orbisapi.com,base,other,,false,1.0000,48,51,3,97,2026-07-11T06:13:08.975+00:00
https://orbisapi.com/proxy/gpu-utilization-calculator-api-56579c,orbisapi.com,base,other,,false,1.0000,41,42,3,97,2026-07-15T05:49:15.059+00:00
https://orbisapi.com/proxy/grade-calculator-api-5b8535,orbisapi.com,base,other,,false,1.0000,81,92,3,96,2026-07-16T06:39:53.58+00:00
https://orbisapi.com/proxy/grade-tonnage-calculator-api-c485a7,orbisapi.com,base,other,,false,1.0000,42,42,3,97,2026-07-15T05:49:10.271+00:00
https://orbisapi.com/proxy/grain-varieties-153816/bulk,orbisapi.com,base;solana:5eykt4usfv8p8njdtrepy1vzqkqzkvdp,other,,false,1.0000,47,50,3,97,2026-07-11T06:12:09.689+00:00
https://orbisapi.com/proxy/grammar-analysis-api-ed7cc6,orbisapi.com,base,other,,false,1.0000,80,98,3,96,2026-07-16T06:39:52.373+00:00
https://orbisapi.com/proxy/grammar-checker-api-1a5644,orbisapi.com,base,other,,false,1.0000,49,55,3,97,2026-07-17T06:16:21.075+00:00
https://orbisapi.com/proxy/grammar-rules-api-7f7de3,orbisapi.com,base,other,,false,1.0000,52,54,3,97,2026-07-17T06:15:11.05+00:00
https://orbisapi.com/proxy/grammar-rules-api-d6fbd3,orbisapi.com,base,other,,false,1.0000,67,68,3,97,2026-07-14T06:25:45.221+00:00
https://orbisapi.com/proxy/grant-eligibility-checker-11631f,orbisapi.com,base;solana:5eykt4usfv8p8njdtrepy1vzqkqzkvdp,other,,false,1.0000,42,47,3,97,2026-07-15T05:49:27.474+00:00
https://orbisapi.com/proxy/grant-eligibility-score-api-bef344,orbisapi.com,base,other,,false,1.0000,65,91,6,96,2026-07-13T07:31:33.196+00:00
https://orbisapi.com/proxy/grant-report-narrative-api-c21c55,orbisapi.com,base,other,,false,1.0000,31,32,3,97,2026-07-12T06:10:54.283+00:00
https://orbisapi.com/proxy/graphql-best-practices-api-5d9a6a,orbisapi.com,base,other,,false,1.0000,42,47,3,97,2026-07-15T05:50:10.726+00:00
https://orbisapi.com/proxy/graphql-best-practices-api-5d9a6a/validate,orbisapi.com,base;solana:5eykt4usfv8p8njdtrepy1vzqkqzkvdp,other,,false,1.0000,47,51,3,97,2026-07-11T06:12:26.803+00:00
https://orbisapi.com/proxy/graphql-depth-calculator-api-f6bed3,orbisapi.com,base,other,,false,1.0000,90,754,6,96,2026-07-13T07:31:39.251+00:00
https://orbisapi.com/proxy/graphql-fragments-guide-api-9d7e6d,orbisapi.com,base,other,,false,1.0000,50,54,3,97,2026-07-15T05:50:16.111+00:00
https://orbisapi.com/proxy/graphql-query-analyzer-api-35561d,orbisapi.com,base,other,,false,1.0000,92,92,3,96,2026-07-13T07:39:42.375+00:00
https://orbisapi.com/proxy/graphql-schema-diff-api-a5e73a,orbisapi.com,base,other,,false,1.0000,88,105,6,96,2026-07-13T07:31:45.731+00:00
https://orbisapi.com/proxy/grassland-facts-fb440b,orbisapi.com,base,other,,false,1.0000,48,48,3,97,2026-07-17T06:12:39.771+00:00
https://orbisapi.com/proxy/gravity-assist-calculator-api-74050d,orbisapi.com,base,other,,false,1.0000,42,43,3,97,2026-07-15T05:49:13.394+00:00
https://orbisapi.com/proxy/great-astronomers-d52df8,orbisapi.com,base,other,,false,1.0000,84,144,3,96,2026-07-16T06:37:43.252+00:00
https://orbisapi.com/proxy/great-biologists-54bff2,orbisapi.com,base,other,,false,1.0000,86,87,3,96,2026-07-16T06:37:32.904+00:00
https://orbisapi.com/proxy/great-chemists-20efa3,orbisapi.com,base;solana:5eykt4usfv8p8njdtrepy1vzqkqzkvdp,other,,false,1.0000,84,96,3,96,2026-07-16T06:37:54.607+00:00
https://orbisapi.com/proxy/greek-civilization-facts-bb668f,orbisapi.com,base,other,,false,1.0000,51,51,3,97,2026-07-17T06:13:10.013+00:00
https://orbisapi.com/proxy/greek-roots-b78289,orbisapi.com,base,other,,false,1.0000,85,93,3,96,2026-07-16T06:37:34.947+00:00
https://orbisapi.com/proxy/green-bond-score-api-ec6646,orbisapi.com,base,other,,false,1.0000,45,48,3,97,2026-07-15T05:49:05.606+00:00
https://orbisapi.com/proxy/green-space-ratio-api-b168a1,orbisapi.com,base,other,,false,1.0000,49,51,3,97,2026-07-17T06:13:21.887+00:00
https://orbisapi.com/proxy/greenfield-risk-score-api-53b423,orbisapi.com,base,other,,false,1.0000,48,55,3,97,2026-07-17T06:13:16.721+00:00
https://orbisapi.com/proxy/greenwashing-detector-api-76b24f,orbisapi.com,base,other,,false,1.0000,43,46,3,97,2026-07-15T05:49:03.757+00:00
https://orbisapi.com/proxy/grep-guide-api-a00d73,orbisapi.com,base,other,,false,1.0000,43,48,3,97,2026-07-15T05:49:56.359+00:00
https://orbisapi.com/proxy/grid-intensity-score-api-e86951,orbisapi.com,base,other,,false,1.0000,90,140,3,96,2026-07-16T06:40:10.683+00:00
https://orbisapi.com/proxy/grid-parity-calculator-api-60b8ed,orbisapi.com,base,other,,false,1.0000,80,94,3,96,2026-07-16T06:40:07.162+00:00
https://orbisapi.com/proxy/grid-stability-score-api-16ac11,orbisapi.com,base,other,,false,1.0000,45,104,3,96,2026-07-15T05:49:07.745+00:00
https://orbisapi.com/proxy/grid-stability-score-api-16ac11/describe,orbisapi.com,base;solana:5eykt4usfv8p8njdtrepy1vzqkqzkvdp,other,,false,1.0000,47,49,3,97,2026-07-15T05:49:20.791+00:00
https://orbisapi.com/proxy/grid-system-calculator-api-e8f58f,orbisapi.com,base,other,,false,1.0000,80,83,3,96,2026-07-16T06:40:16.011+00:00
https://orbisapi.com/proxy/gripper-force-calculator-api-b850b4,orbisapi.com,base,other,,false,1.0000,83,88,3,96,2026-07-16T06:40:26.908+00:00
https://orbisapi.com/proxy/grooming-schedule-calculator-api-497f34,orbisapi.com,base,other,,false,1.0000,83,93,3,96,2026-07-16T06:39:56.298+00:00
https://orbisapi.com/proxy/gross-margin-analyzer-api-921da4,orbisapi.com,base,other,,false,1.0000,48,53,3,97,2026-07-17T06:18:08.899+00:00
https://orbisapi.com/proxy/gross-profit-calculator-api-41839d,orbisapi.com,base,other,,false,1.0000,64,66,3,97,2026-07-14T06:24:54.754+00:00
https://orbisapi.com/proxy/gross-rent-multiplier-api-292895,orbisapi.com,base,other,,false,1.0000,78,80,3,97,2026-07-16T06:40:02.13+00:00
https://orbisapi.com/proxy/ground-reaction-score-api-4fa7d7,orbisapi.com,base,other,,false,1.0000,83,86,3,96,2026-07-16T06:39:59.022+00:00
https://orbisapi.com/proxy/ground-settlement-calculator-api-23ee35,orbisapi.com,base,other,,false,1.0000,79,81,3,97,2026-07-16T06:34:50.689+00:00
https://orbisapi.com/proxy/groundwater-level-score-api-41455f,orbisapi.com,base,other,,false,1.0000,40,45,3,97,2026-07-15T05:48:58.21+00:00
https://orbisapi.com/proxy/group-buy-calculator-api-3ab266,orbisapi.com,base,other,,false,1.0000,43,44,3,97,2026-07-15T05:48:58.031+00:00
https://orbisapi.com/proxy/growing-degree-days-api-00bd1e,orbisapi.com,base,other,,false,1.0000,77,79,3,97,2026-07-16T06:39:51.192+00:00
https://orbisapi.com/proxy/growth-rate-calculator-api-22aeef,orbisapi.com,base,other,,false,1.0000,73,75,3,96,2026-07-14T06:25:00.547+00:00
https://orbisapi.com/proxy/guest-feedback-score-api-0f5fed,orbisapi.com,base,other,,false,1.0000,43,46,3,97,2026-07-15T05:48:52.56+00:00
https://orbisapi.com/proxy/guest-reach-score-api-0e39c4,orbisapi.com,base,other,,false,1.0000,79,80,3,97,2026-07-16T06:39:48.888+00:00
https://orbisapi.com/proxy/guest-satisfaction-score-api-68fbe1,orbisapi.com,base,other,,false,1.0000,80,83,3,97,2026-07-16T06:39:43.701+00:00
https://orbisapi.com/proxy/guitar-chords-api-be8469,orbisapi.com,base,other,,false,1.0000,53,54,3,97,2026-07-17T06:16:06.734+00:00
https://orbisapi.com/proxy/gut-health-scorer-api-9dca99,orbisapi.com,base,other,,false,1.0000,91,98,3,96,2026-07-13T07:41:07.221+00:00
https://orbisapi.com/proxy/h-index-calculator-api-a94449,orbisapi.com,base,other,,false,1.0000,61,92,6,96,2026-07-13T07:31:51.409+00:00
https://orbisapi.com/proxy/h3-index-converter-api-d575c9,orbisapi.com,base,other,,false,1.0000,63,95,6,96,2026-07-13T07:31:36.251+00:00
https://orbisapi.com/proxy/habit-strength-score-api-de840f,orbisapi.com,base,other,,false,1.0000,79,94,3,96,2026-07-16T06:39:29.569+00:00
https://orbisapi.com/proxy/habitable-zone-calculator-api-29c4e0,orbisapi.com,base,other,,false,1.0000,87,99,3,96,2026-07-16T06:39:35.697+00:00
https://orbisapi.com/proxy/habitat-suitability-score-api-fb3993,orbisapi.com,base,other,,false,1.0000,52,53,3,97,2026-07-11T06:17:16.199+00:00
https://orbisapi.com/proxy/habituation-rate-calculator-api-6a9c72,orbisapi.com,base,other,,false,1.0000,42,47,3,97,2026-07-15T05:48:52.381+00:00
https://orbisapi.com/proxy/haccp-score-api-c5716c,orbisapi.com,base,other,,false,1.0000,78,81,3,97,2026-07-16T06:39:40.172+00:00
https://orbisapi.com/proxy/hal-coverage-score-api-29ddb0,orbisapi.com,base,other,,false,1.0000,53,80,6,97,2026-07-15T05:48:46.802+00:00
https://orbisapi.com/proxy/halal-status-checker-api-8077e0,orbisapi.com,base,other,,false,1.0000,85,93,3,96,2026-07-16T06:39:15.942+00:00
https://orbisapi.com/proxy/half-life-decay-calculator-api-8baa4d,orbisapi.com,base,other,,false,1.0000,96,141,3,96,2026-07-16T06:39:23.214+00:00
https://orbisapi.com/proxy/hallucination-detection-api-8c9c74,orbisapi.com,base,other,,false,1.0000,91,92,3,96,2026-07-13T07:33:34.17+00:00
https://orbisapi.com/proxy/hallucination-risk-scorer-api-318b38,orbisapi.com,base;solana:5eykt4usfv8p8njdtrepy1vzqkqzkvdp,other,,false,1.0000,91,91,3,96,2026-07-13T07:34:30.349+00:00
https://orbisapi.com/proxy/hallucination-score-api-60362c,orbisapi.com,base,other,,false,1.0000,92,108,6,96,2026-07-13T07:31:46.219+00:00
https://orbisapi.com/proxy/happiness-science-api-225357,orbisapi.com,base,other,,false,1.0000,49,52,3,97,2026-07-17T06:15:04.938+00:00
https://orbisapi.com/proxy/haptic-fidelity-score-api-72f72f,orbisapi.com,base,other,,false,1.0000,47,48,3,97,2026-07-11T06:17:14.891+00:00
https://orbisapi.com/proxy/harbor-siltation-calculator-api-ff696f,orbisapi.com,base,other,,false,1.0000,59,80,6,97,2026-07-15T05:48:43.545+00:00
https://orbisapi.com/proxy/hardness-scale-converter-api-1ff15e,orbisapi.com,base,other,,false,1.0000,86,88,3,96,2026-07-16T06:39:16.785+00:00
https://orbisapi.com/proxy/hardware-wallet-guide-api-d43658,orbisapi.com,base,other,,false,1.0000,64,72,6,97,2026-07-15T05:48:35.135+00:00
https://orbisapi.com/proxy/harvest-window-calculator-api-4b0b49,orbisapi.com,base,other,,false,1.0000,87,88,3,96,2026-07-16T06:39:26.432+00:00
https://orbisapi.com/proxy/hash-encode-api-e49d0e,orbisapi.com,base,other,,false,1.0000,49,54,3,97,2026-07-17T06:15:11.986+00:00
https://orbisapi.com/proxy/hash-reference-api-192b16,orbisapi.com,base;solana:5eykt4usfv8p8njdtrepy1vzqkqzkvdp,other,,false,1.0000,50,54,3,97,2026-07-17T06:15:26.122+00:00
https://orbisapi.com/proxy/hash-verifier-api-32b2b5,orbisapi.com,base,other,,false,1.0000,90,107,6,96,2026-07-13T07:31:45.284+00:00
https://orbisapi.com/proxy/hashtag-generator-api-396b34,orbisapi.com,base,other,,false,1.0000,93,103,3,96,2026-07-16T06:39:32.937+00:00
https://orbisapi.com/proxy/hashtag-reach-api-dfd8de,orbisapi.com,base;solana:5eykt4usfv8p8njdtrepy1vzqkqzkvdp,other,,false,1.0000,62,91,6,96,2026-07-13T07:31:39.71+00:00
https://orbisapi.com/proxy/hate-speech-detect-53654d,orbisapi.com,base,other,,false,1.0000,49,49,3,97,2026-07-17T06:13:23.325+00:00
https://orbisapi.com/proxy/hazardous-waste-code-lookup-api-08c546,orbisapi.com,base;solana:5eykt4usfv8p8njdtrepy1vzqkqzkvdp,other,,false,1.0000,75,84,3,96,2026-07-16T06:38:59.93+00:00
https://orbisapi.com/proxy/hazmat-shipping-check-7ae31b,orbisapi.com,base,other,,false,1.0000,46,58,3,97,2026-07-15T05:55:36.206+00:00
https://orbisapi.com/proxy/headcount-calculator-api-768d0d,orbisapi.com,base,other,,false,1.0000,62,90,6,96,2026-07-13T07:31:35.293+00:00
https://orbisapi.com/proxy/headcount-planner-api-0f5027,orbisapi.com,base,other,,false,1.0000,51,54,3,97,2026-07-17T06:16:54.193+00:00
https://orbisapi.com/proxy/headcount-planner-api-d6eb9d,orbisapi.com,base,other,,false,1.0000,49,51,3,97,2026-07-17T06:18:26.997+00:00
https://orbisapi.com/proxy/headcount-roi-api-3e2bb0,orbisapi.com,base,other,,false,1.0000,79,92,6,97,2026-07-14T06:18:29.632+00:00
https://orbisapi.com/proxy/header-footer-parser-api-ff8c75,orbisapi.com,base,other,,false,1.0000,79,91,6,96,2026-07-13T07:31:49.112+00:00
https://orbisapi.com/proxy/header-parser-api-99402f,orbisapi.com,base,other,,false,1.0000,69,81,3,97,2026-07-14T06:21:17.255+00:00
https://orbisapi.com/proxy/headline-generator-api-e92dbb,orbisapi.com,base,other,,false,1.0000,48,49,3,97,2026-07-11T06:17:57.96+00:00
https://orbisapi.com/proxy/headline-score-api-2da48c,orbisapi.com,base,other,,false,1.0000,89,90,3,96,2026-07-13T07:31:54.469+00:00
https://orbisapi.com/proxy/health-equity-score-api-dde991,orbisapi.com,base,other,,false,1.0000,80,89,3,96,2026-07-16T06:38:52.099+00:00
https://orbisapi.com/proxy/health-insurance-guide-api-bfd950,orbisapi.com,base,other,,false,1.0000,68,78,3,96,2026-07-14T06:24:39.144+00:00
https://orbisapi.com/proxy/healthcare-capacity-calculator-api-983b0b,orbisapi.com,base,other,,false,1.0000,70,90,6,96,2026-07-15T05:48:40.41+00:00
https://orbisapi.com/proxy/hearing-threshold-score-api-4a42ee,orbisapi.com,base,other,,false,1.0000,51,74,6,97,2026-07-15T05:48:37.604+00:00
https://orbisapi.com/proxy/heart-rate-zone-api-a51f7d,orbisapi.com,base,other,,false,1.0000,87,92,3,96,2026-07-13T07:39:09.939+00:00
https://orbisapi.com/proxy/heart-rate-zones-api-14a726,orbisapi.com,base,other,,false,1.0000,49,53,3,97,2026-07-17T06:16:48.385+00:00
https://orbisapi.com/proxy/heat-exchanger-fouling-api-2f7380,orbisapi.com,base;solana:5eykt4usfv8p8njdtrepy1vzqkqzkvdp,other,,false,1.0000,48,52,3,97,2026-07-11T06:17:09.193+00:00
https://orbisapi.com/proxy/heat-health-score-api-d45b69,orbisapi.com,base,other,,false,1.0000,69,69,3,97,2026-07-14T06:26:35.114+00:00
https://orbisapi.com/proxy/heat-treatment-classifier-api-91913a,orbisapi.com,base,other,,false,1.0000,86,91,3,96,2026-07-16T06:38:42.28+00:00
https://orbisapi.com/proxy/heatmap-data-621944,orbisapi.com,base,other,,false,1.0000,41,46,3,97,2026-07-15T05:55:18.097+00:00
https://orbisapi.com/proxy/heatmap-data-621944/validate,orbisapi.com,base;solana:5eykt4usfv8p8njdtrepy1vzqkqzkvdp,other,,false,1.0000,76,91,3,96,2026-07-11T06:11:28.33+00:00
https://orbisapi.com/proxy/hedge-bet-calculator-api-0f5270,orbisapi.com,base,other,,false,1.0000,80,82,3,97,2026-07-16T06:38:57.995+00:00
https://orbisapi.com/proxy/hedge-detector-api-3d3849,orbisapi.com,base,other,,false,1.0000,49,51,3,97,2026-07-17T06:13:21.237+00:00
https://orbisapi.com/proxy/heloc-calculator-api-1a70f7,orbisapi.com,base,other,,false,1.0000,58,64,3,97,2026-07-14T06:26:33.285+00:00
https://orbisapi.com/proxy/herb-drug-interaction-score-api-0917b2,orbisapi.com,base,other,,false,1.0000,67,70,3,97,2026-07-14T06:26:27.09+00:00
https://orbisapi.com/proxy/herb-gardening-4486d5,orbisapi.com,base;solana:5eykt4usfv8p8njdtrepy1vzqkqzkvdp,other,,false,1.0000,85,92,3,96,2026-07-16T06:37:25.532+00:00
https://orbisapi.com/proxy/herd-immunity-calculator-api-df5055,orbisapi.com,base,other,,false,1.0000,51,53,3,97,2026-07-17T06:13:22.123+00:00
https://orbisapi.com/proxy/herd-immunity-calculator-vet-api-116374,orbisapi.com,base,other,,false,1.0000,61,74,3,97,2026-07-14T06:26:22.956+00:00
https://orbisapi.com/proxy/herding-behavior-detector-api-801d27,orbisapi.com,base,other,,false,1.0000,31,31,3,97,2026-07-12T06:10:35.347+00:00
https://orbisapi.com/proxy/hereditary-risk-calculator-api-609761,orbisapi.com,base,other,,false,1.0000,31,31,3,97,2026-07-12T06:10:57.821+00:00
https://orbisapi.com/proxy/heritage-risk-score-api-1cafdb,orbisapi.com,base,other,,false,1.0000,82,96,3,96,2026-07-16T06:38:16.503+00:00
https://orbisapi.com/proxy/heston-model-calculator-api-621d2b,orbisapi.com,base,other,,false,1.0000,61,65,3,97,2026-07-14T06:26:17.716+00:00
https://orbisapi.com/proxy/hex-encoder-api-7e9e2b,orbisapi.com,base,other,,false,1.0000,57,100,6,95,2026-07-12T06:09:35.701+00:00
https://orbisapi.com/proxy/hip-hop-dance-9ccb5e,orbisapi.com,base;solana:5eykt4usfv8p8njdtrepy1vzqkqzkvdp,other,,false,1.0000,90,126,3,96,2026-07-16T06:37:48.276+00:00
https://orbisapi.com/proxy/hipaa-risk-scorer-api-2318ee,orbisapi.com,base,other,,false,1.0000,61,92,6,96,2026-07-13T07:31:41.392+00:00
https://orbisapi.com/proxy/hiring-cost-calculator-api-08ccd8,orbisapi.com,base,other,,false,1.0000,52,53,3,97,2026-07-17T06:18:29.108+00:00
https://orbisapi.com/proxy/hiring-funnel-analyzer-api-3611ff,orbisapi.com,base,other,,false,1.0000,51,52,3,97,2026-07-17T06:18:13.769+00:00
https://orbisapi.com/proxy/histogram-builder-api-77869c,orbisapi.com,base,other,,false,1.0000,89,93,3,96,2026-07-13T07:40:07.237+00:00
https://orbisapi.com/proxy/histogram-data-40de03,orbisapi.com,base,other,,false,1.0000,43,44,3,97,2026-07-15T05:56:38.977+00:00
https://orbisapi.com/proxy/historical-figures-api-5e3d1d,orbisapi.com,base;solana:5eykt4usfv8p8njdtrepy1vzqkqzkvdp,other,,false,1.0000,48,52,3,97,2026-07-17T06:15:24.983+00:00
https://orbisapi.com/proxy/historical-lifespan-calculator-api-13a24b,orbisapi.com,base,other,,false,1.0000,62,91,6,96,2026-07-13T07:30:38.221+00:00
https://orbisapi.com/proxy/historical-weather-api-578961,orbisapi.com,base,other,,false,1.0000,52,54,3,97,2026-07-17T06:17:22.467+00:00
https://orbisapi.com/proxy/history-of-astronomy-6a9ac4,orbisapi.com,base;solana:5eykt4usfv8p8njdtrepy1vzqkqzkvdp,other,,false,1.0000,80,86,3,96,2026-07-16T06:37:26.685+00:00
https://orbisapi.com/proxy/history-of-mathematics-bc11e5,orbisapi.com,base;solana:5eykt4usfv8p8njdtrepy1vzqkqzkvdp,other,,false,1.0000,79,85,3,96,2026-07-16T06:37:36.088+00:00
https://orbisapi.com/proxy/history-of-medicine-065a8b,orbisapi.com,base;solana:5eykt4usfv8p8njdtrepy1vzqkqzkvdp,other,,false,1.0000,77,80,3,97,2026-07-16T06:37:32.131+00:00
https://orbisapi.com/proxy/hoa-fee-benchmark-api-a9e138,orbisapi.com,base,other,,false,1.0000,63,92,6,96,2026-07-13T07:31:52.334+00:00
https://orbisapi.com/proxy/hohmann-transfer-calculator-api-26574f,orbisapi.com,base,other,,false,1.0000,70,73,3,97,2026-07-14T06:25:54.275+00:00
https://orbisapi.com/proxy/holocaust-history-f512d9,orbisapi.com,base;solana:5eykt4usfv8p8njdtrepy1vzqkqzkvdp,other,,false,1.0000,84,89,3,96,2026-07-16T06:37:25.919+00:00
https://orbisapi.com/proxy/home-affordability-api-6354d6,orbisapi.com,base,other,,false,1.0000,42,43,3,97,2026-07-15T05:48:55.484+00:00
https://orbisapi.com/proxy/home-affordability-api-e99a0e,orbisapi.com,base,other,,false,1.0000,84,84,3,96,2026-07-16T06:39:58.255+00:00
https://orbisapi.com/proxy/home-affordability-calculator-api-3696ac,orbisapi.com,base,other,,false,1.0000,48,51,3,97,2026-07-17T06:16:45.696+00:00
https://orbisapi.com/proxy/home-equity-analyzer-api-277b02,orbisapi.com,base;solana:5eykt4usfv8p8njdtrepy1vzqkqzkvdp,other,,false,1.0000,90,96,3,96,2026-07-13T07:37:13.957+00:00
https://orbisapi.com/proxy/home-sales-data-6a5997,orbisapi.com,base,other,,false,1.0000,44,44,3,97,2026-07-15T05:56:38.57+00:00
https://orbisapi.com/proxy/homeopathy-dilution-calculator-api-33ac9f,orbisapi.com,base,other,,false,1.0000,74,82,3,96,2026-07-14T06:26:11.906+00:00
https://orbisapi.com/proxy/homeowners-insurance-api-7c8e27,orbisapi.com,base,other,,false,1.0000,68,70,3,97,2026-07-14T06:24:25.028+00:00
https://orbisapi.com/proxy/homology-score-api-7bc6d3,orbisapi.com,base,other,,false,1.0000,72,84,3,96,2026-07-14T06:26:08.673+00:00
https://orbisapi.com/proxy/homophily-score-api-4d5ce8,orbisapi.com,base,other,,false,1.0000,66,70,3,97,2026-07-14T06:26:03.582+00:00
https://orbisapi.com/proxy/honeypot-checker-api-c3ebd5,orbisapi.com,base,other,,false,1.0000,42,43,3,97,2026-07-15T05:49:08.842+00:00
https://orbisapi.com/proxy/horror-film-history-89e8cb,orbisapi.com,base;solana:5eykt4usfv8p8njdtrepy1vzqkqzkvdp,other,,false,1.0000,80,81,3,97,2026-07-16T06:37:45.845+00:00
https://orbisapi.com/proxy/hot-hand-fallacy-detector-api-73a892,orbisapi.com,base,other,,false,1.0000,65,70,3,97,2026-07-14T06:25:58.337+00:00
https://orbisapi.com/proxy/hot-sauce-guide-8add0e,orbisapi.com,base;solana:5eykt4usfv8p8njdtrepy1vzqkqzkvdp,other,,false,1.0000,64,87,6,97,2026-07-17T06:12:18.577+00:00
https://orbisapi.com/proxy/hotel-availability-90e467,orbisapi.com,base,other,,false,1.0000,45,50,3,97,2026-07-15T05:55:18.712+00:00
https://orbisapi.com/proxy/hotel-price-guide-api-013cea,orbisapi.com,base,other,,false,1.0000,48,134,3,95,2026-07-17T06:13:09.776+00:00
https://orbisapi.com/proxy/hotel-rating-score-api-d34675,orbisapi.com,base,other,,false,1.0000,49,51,3,97,2026-07-17T06:13:23.789+00:00
https://orbisapi.com/proxy/hotel-star-criteria-api-9b22de,orbisapi.com,base;solana:5eykt4usfv8p8njdtrepy1vzqkqzkvdp,other,,false,1.0000,79,79,3,97,2026-07-16T06:38:32.668+00:00
https://orbisapi.com/proxy/hotel-tech-stack-score-api-c88e93,orbisapi.com,base,other,,false,1.0000,70,79,3,97,2026-07-14T06:25:55.637+00:00
https://orbisapi.com/proxy/hotel-yield-calculator-api-a108e8,orbisapi.com,base,other,,false,1.0000,87,89,3,96,2026-07-16T06:38:25.771+00:00
https://orbisapi.com/proxy/housekeeping-productivity-score-api-03ae58,orbisapi.com,base,other,,false,1.0000,74,75,3,97,2026-07-14T06:25:49.353+00:00
https://orbisapi.com/proxy/housing-density-calculator-api-21aab9,orbisapi.com,base,other,,false,1.0000,88,833,6,96,2026-07-13T07:31:32.27+00:00
https://orbisapi.com/proxy/housing-stability-score-api-c997ab,orbisapi.com,base,other,,false,1.0000,83,88,3,96,2026-07-16T06:38:16.103+00:00
https://orbisapi.com/proxy/hr-budget-allocator-api-c083c3,orbisapi.com,base,other,,false,1.0000,50,55,3,97,2026-07-17T06:18:19.798+00:00
https://orbisapi.com/proxy/hr-hiring-tools-api-2212a0,orbisapi.com,base,other,,false,1.0000,80,84,3,96,2026-07-16T06:34:54.465+00:00
https://orbisapi.com/proxy/hrv-score-api-9f214b,orbisapi.com,base,other,,false,1.0000,90,94,3,96,2026-07-16T06:37:49.055+00:00
https://orbisapi.com/proxy/hsa-contribution-calculator-api-c8f027,orbisapi.com,base,other,,false,1.0000,86,124,3,96,2026-07-16T06:38:09.559+00:00
https://orbisapi.com/proxy/hsa-optimizer-api-45c9e3,orbisapi.com,base;solana:5eykt4usfv8p8njdtrepy1vzqkqzkvdp,other,,false,1.0000,92,93,3,96,2026-07-13T07:37:26.646+00:00
https://orbisapi.com/proxy/hta-rare-disease-score-api-9e642b,orbisapi.com,base,other,,false,1.0000,63,70,3,97,2026-07-14T06:25:46.701+00:00
https://orbisapi.com/proxy/html-entities-decoder-api-fbe514,orbisapi.com,base;solana:5eykt4usfv8p8njdtrepy1vzqkqzkvdp,other,,false,1.0000,41,50,6,97,2026-07-12T06:09:48.175+00:00
https://orbisapi.com/proxy/html-entities-encoder-api-69867a,orbisapi.com,base;solana:5eykt4usfv8p8njdtrepy1vzqkqzkvdp,other,,false,1.0000,34,35,3,97,2026-07-12T06:12:10.191+00:00
https://orbisapi.com/proxy/html-entities-list-api-376ae9,orbisapi.com,base;solana:5eykt4usfv8p8njdtrepy1vzqkqzkvdp,other,,false,1.0000,44,58,3,97,2026-07-15T05:50:36.769+00:00
https://orbisapi.com/proxy/html-meta-tags-guide-api-8f1b7a,orbisapi.com,base;solana:5eykt4usfv8p8njdtrepy1vzqkqzkvdp,other,,false,1.0000,49,51,3,97,2026-07-11T06:17:09.423+00:00
https://orbisapi.com/proxy/html-minifier-guide-api-773d97,orbisapi.com,base;solana:5eykt4usfv8p8njdtrepy1vzqkqzkvdp,other,,false,1.0000,42,46,3,97,2026-07-15T05:50:37.548+00:00
https://orbisapi.com/proxy/html-sanitizer-guide-api-9a539b,orbisapi.com,base;solana:5eykt4usfv8p8njdtrepy1vzqkqzkvdp,other,,false,1.0000,45,47,3,97,2026-07-15T05:50:25.658+00:00
https://orbisapi.com/proxy/html-semantic-guide-api-dcc6ec,orbisapi.com,base;solana:5eykt4usfv8p8njdtrepy1vzqkqzkvdp,other,,false,1.0000,46,53,3,97,2026-07-15T05:50:31.457+00:00
https://orbisapi.com/proxy/html-tag-reference-api-95972d,orbisapi.com,base,other,,false,1.0000,44,62,3,97,2026-07-15T05:50:28.359+00:00
https://orbisapi.com/proxy/html-to-text-guide-api-a476ee,orbisapi.com,base;solana:5eykt4usfv8p8njdtrepy1vzqkqzkvdp,other,,false,1.0000,43,48,3,97,2026-07-15T05:50:32.025+00:00
https://orbisapi.com/proxy/html-to-text-markdown-stripper-api-5071d4,orbisapi.com,base,other,,false,1.0000,50,53,3,97,2026-07-17T06:14:35.402+00:00
https://orbisapi.com/proxy/html-web-content-cleaner-api-2e8d28,orbisapi.com,base,other,,false,1.0000,43,45,3,97,2026-07-15T05:49:05.055+00:00
https://orbisapi.com/proxy/html-web-content-cleaner-api-2e8d28/batch,orbisapi.com,base;solana:5eykt4usfv8p8njdtrepy1vzqkqzkvdp,other,,false,1.0000,47,50,3,97,2026-07-11T06:12:07.02+00:00
https://orbisapi.com/proxy/html5-features-guide-api-973251,orbisapi.com,base;solana:5eykt4usfv8p8njdtrepy1vzqkqzkvdp,other,,false,1.0000,81,86,3,96,2026-07-16T06:41:11.172+00:00
https://orbisapi.com/proxy/http-authentication-guide-api-fdfdc4,orbisapi.com,base;solana:5eykt4usfv8p8njdtrepy1vzqkqzkvdp,other,,false,1.0000,42,67,3,96,2026-07-15T05:50:15.697+00:00
https://orbisapi.com/proxy/http-caching-guide-api-acc2d5,orbisapi.com,base;solana:5eykt4usfv8p8njdtrepy1vzqkqzkvdp,other,,false,1.0000,50,51,3,97,2026-07-15T05:50:13.917+00:00
https://orbisapi.com/proxy/http-compression-guide-api-c0f87c,orbisapi.com,base,other,,false,1.0000,42,44,3,97,2026-07-15T05:50:18.711+00:00
https://orbisapi.com/proxy/http-header-generator-api-10e9d5,orbisapi.com,base,other,,false,1.0000,64,74,3,97,2026-07-14T06:19:51.581+00:00
https://orbisapi.com/proxy/http-headers-guide-api-5e1c62,orbisapi.com,base;solana:5eykt4usfv8p8njdtrepy1vzqkqzkvdp,other,,false,1.0000,44,45,3,97,2026-07-15T05:50:18.91+00:00
https://orbisapi.com/proxy/http-method-guide-api-a5b9fe,orbisapi.com,base,other,,false,1.0000,63,68,3,97,2026-07-14T06:20:10.691+00:00
https://orbisapi.com/proxy/http-methods-guide-api-84e376,orbisapi.com,base,other,,false,1.0000,42,42,3,97,2026-07-15T05:50:13.156+00:00
https://orbisapi.com/proxy/http-status-code-reference-api-f9c765,orbisapi.com,base;solana:5eykt4usfv8p8njdtrepy1vzqkqzkvdp,other,,false,1.0000,43,43,3,97,2026-07-15T05:50:22.905+00:00
https://orbisapi.com/proxy/http-status-codes-api-c062ae,orbisapi.com,base,other,,false,1.0000,50,50,3,97,2026-07-17T06:15:29.577+00:00
https://orbisapi.com/proxy/http-status-explainer-api-7300b8,orbisapi.com,base,other,,false,1.0000,50,51,3,97,2026-07-17T06:14:03.998+00:00
https://orbisapi.com/proxy/http2-vs-http3-guide-api-b90bbd,orbisapi.com,base;solana:5eykt4usfv8p8njdtrepy1vzqkqzkvdp,other,,false,1.0000,43,77,3,96,2026-07-15T05:50:10.937+00:00
https://orbisapi.com/proxy/https-grade-check-843280,orbisapi.com,base,other,,false,1.0000,46,55,3,97,2026-07-15T05:56:17.796+00:00
https://orbisapi.com/proxy/human-achievements-eb0ec0,orbisapi.com,base,other,,false,1.0000,88,92,3,96,2026-07-16T06:37:47.412+00:00
https://orbisapi.com/proxy/human-organs-api-5b8570,orbisapi.com,base,other,,false,1.0000,84,100,3,96,2026-07-16T06:40:54.12+00:00
https://orbisapi.com/proxy/humidity-comfort-api-c85270,orbisapi.com,base,other,,false,1.0000,80,88,3,96,2026-07-16T06:38:04.105+00:00
https://orbisapi.com/proxy/humor-in-communication-1ebac8,orbisapi.com,base;solana:5eykt4usfv8p8njdtrepy1vzqkqzkvdp,other,,false,1.0000,47,52,3,97,2026-07-17T06:13:16.487+00:00
https://orbisapi.com/proxy/hurricane-history-5371a3,orbisapi.com,base,other,,false,1.0000,75,76,3,97,2026-07-16T06:37:27.866+00:00
https://orbisapi.com/proxy/hvac-sizing-calculator-api-75c7dc,orbisapi.com,base,other,,false,1.0000,82,83,3,97,2026-07-16T06:38:01.518+00:00
https://orbisapi.com/proxy/hybrid-event-score-api-2fed4d,orbisapi.com,base,other,,false,1.0000,90,94,3,96,2026-07-16T06:37:50.173+00:00
https://orbisapi.com/proxy/hybrid-search-guide-api-82d57c,orbisapi.com,base;solana:5eykt4usfv8p8njdtrepy1vzqkqzkvdp,other,,false,1.0000,71,88,3,96,2026-07-14T06:20:27.986+00:00
https://orbisapi.com/proxy/hybrid-work-score-api-670d79,orbisapi.com,base,other,,false,1.0000,79,82,3,96,2026-07-14T06:25:44.902+00:00
https://orbisapi.com/proxy/hydration-calculator-api-973ecb,orbisapi.com,base,other,,false,1.0000,60,91,6,96,2026-07-13T07:31:50.048+00:00
https://orbisapi.com/proxy/hydration-calculator-api-e10bf3,orbisapi.com,base,other,,false,1.0000,91,92,3,96,2026-07-13T07:39:21.737+00:00
https://orbisapi.com/proxy/hydrogeology-calculator-api-bd4b5e,orbisapi.com,base,other,,false,1.0000,83,85,3,96,2026-07-16T06:37:35.712+00:00
https://orbisapi.com/proxy/hyperparameter-advisor-api-edaf5f,orbisapi.com,base,other,,false,1.0000,91,91,3,96,2026-07-13T07:39:34.587+00:00
https://orbisapi.com/proxy/hyre-agent,orbisapi.com,base,other,,false,1.0000,49,66,3,97,2026-07-17T06:16:10.441+00:00
https://orbisapi.com/proxy/hyre-agent/skale/lp/pool-detail,orbisapi.com,base,other,,false,1.0000,49,52,3,97,2026-07-11T06:11:54.135+00:00
https://orbisapi.com/proxy/iban-validator-api-7c45fa,orbisapi.com,base,other,,false,1.0000,62,93,6,96,2026-07-13T07:31:38.775+00:00
https://orbisapi.com/proxy/iban-validator-api-a089d8,orbisapi.com,base,other,,false,1.0000,63,64,3,97,2026-07-14T06:25:08.466+00:00
https://orbisapi.com/proxy/icao-phonetic-converter-api-b3604e,orbisapi.com,base;solana:5eykt4usfv8p8njdtrepy1vzqkqzkvdp,other,,false,1.0000,83,86,3,96,2026-07-16T06:37:35.331+00:00
https://orbisapi.com/proxy/icd-codes-api-856470,orbisapi.com,base,other,,false,1.0000,51,51,3,97,2026-07-17T06:16:36.502+00:00
https://orbisapi.com/proxy/ice-extent-calculator-api-e95f35,orbisapi.com,base,other,,false,1.0000,69,75,3,97,2026-07-14T06:25:32.882+00:00
https://orbisapi.com/proxy/icp-fit-scorer-api-376574,orbisapi.com,base;solana:5eykt4usfv8p8njdtrepy1vzqkqzkvdp,other,,false,1.0000,89,93,3,96,2026-07-13T07:35:15.946+00:00
https://orbisapi.com/proxy/icp-match-score-api-dd17d8,orbisapi.com,base,other,,false,1.0000,88,89,3,96,2026-07-16T06:37:28.25+00:00
https://orbisapi.com/proxy/id-format-guide-api-d7637b,orbisapi.com,base,other,,false,1.0000,43,48,3,97,2026-07-15T05:51:13.52+00:00
https://orbisapi.com/proxy/ideal-weight-calculator-api-e1715a,orbisapi.com,base,other,,false,1.0000,48,52,3,97,2026-07-17T06:15:47.859+00:00
https://orbisapi.com/proxy/identity-resolution-score-api-a6dff9,orbisapi.com,base,other,,false,1.0000,64,66,3,97,2026-07-14T06:25:26.442+00:00
https://orbisapi.com/proxy/identity-risk-profile-f60719,orbisapi.com,base,other,,false,1.0000,43,44,3,97,2026-07-15T05:55:09.262+00:00
https://orbisapi.com/proxy/illustration-history-e2c696,orbisapi.com,base;solana:5eykt4usfv8p8njdtrepy1vzqkqzkvdp,other,,false,1.0000,65,80,6,97,2026-07-17T06:11:51.194+00:00
https://orbisapi.com/proxy/image-alt-text-scorer-api-51004f,orbisapi.com,base,other,,false,1.0000,89,684,6,96,2026-07-13T07:31:35.78+00:00
https://orbisapi.com/proxy/image-classify-304922,orbisapi.com,base,other,,false,1.0000,43,44,3,97,2026-07-15T05:56:29.877+00:00
https://orbisapi.com/proxy/image-format-detect-44940b,orbisapi.com,base,other,,false,1.0000,64,127,3,95,2026-07-15T05:55:37.875+00:00
https://orbisapi.com/proxy/image-histogram-score-api-a19d89,orbisapi.com,base,other,,false,1.0000,81,152,3,96,2026-07-16T06:37:22.067+00:00
https://orbisapi.com/proxy/image-landmark-detect-74c37a,orbisapi.com,base,other,,false,1.0000,45,46,3,97,2026-07-15T05:56:39.173+00:00
https://orbisapi.com/proxy/image-license-checker-api-740e13,orbisapi.com,base,other,,false,1.0000,64,69,3,97,2026-07-14T06:25:39.819+00:00
https://orbisapi.com/proxy/image-nsfw-score-b8afe6,orbisapi.com,base,other,,false,1.0000,43,43,3,97,2026-07-15T05:56:19.224+00:00
https://orbisapi.com/proxy/image-objects-detect-d84543,orbisapi.com,base,other,,false,1.0000,73,133,3,95,2026-07-15T05:55:37.045+00:00
https://orbisapi.com/proxy/image-ocr-22033a,orbisapi.com,base,other,,false,1.0000,45,46,3,97,2026-07-15T05:55:17.889+00:00
https://orbisapi.com/proxy/image-ocr-api-491c11,orbisapi.com,base,other,,false,1.0000,50,51,3,97,2026-07-11T06:14:28.429+00:00
https://orbisapi.com/proxy/image-text-extract-99ac8d,orbisapi.com,base;solana:5eykt4usfv8p8njdtrepy1vzqkqzkvdp,other,,false,1.0000,44,46,3,97,2026-07-15T05:56:04.905+00:00
https://orbisapi.com/proxy/image-to-content-api-5c7f80,orbisapi.com,base,other,,false,1.0000,50,53,3,97,2026-07-17T06:16:15.339+00:00
https://orbisapi.com/proxy/immersion-hours-calculator-api-18b7cf,orbisapi.com,base,other,,false,1.0000,81,88,3,96,2026-07-16T06:37:16.643+00:00
https://orbisapi.com/proxy/immigration-sociology-ab5f58,orbisapi.com,base,other,,false,1.0000,78,82,3,97,2026-07-16T06:37:33.281+00:00
https://orbisapi.com/proxy/immune-system-api-aa726a,orbisapi.com,base;solana:5eykt4usfv8p8njdtrepy1vzqkqzkvdp,other,,false,1.0000,90,136,3,96,2026-07-16T06:40:44.283+00:00
https://orbisapi.com/proxy/immune-system-guide-a140cd,orbisapi.com,base;solana:5eykt4usfv8p8njdtrepy1vzqkqzkvdp,other,,false,1.0000,82,84,3,96,2026-07-16T06:37:23.215+00:00
https://orbisapi.com/proxy/immunogenicity-score-api-97cf0e,orbisapi.com,base,other,,false,1.0000,51,53,3,97,2026-07-17T06:14:00.781+00:00
https://orbisapi.com/proxy/immunosuppression-score-api-3c19dd,orbisapi.com,base,other,,false,1.0000,49,49,3,97,2026-07-17T06:14:04.928+00:00
https://orbisapi.com/proxy/impact-attribution-score-api-ae5c19,orbisapi.com,base,other,,false,1.0000,54,56,3,97,2026-07-17T06:13:23.104+00:00
https://orbisapi.com/proxy/impact-chain-mapper-api-e0bbad,orbisapi.com,base,other,,false,1.0000,86,90,3,96,2026-07-16T06:37:06.076+00:00
https://orbisapi.com/proxy/impact-damage-score-api-27cc67,orbisapi.com,base,other,,false,1.0000,50,56,3,97,2026-07-17T06:13:16.258+00:00
https://orbisapi.com/proxy/impact-investment-score-api-3094a5,orbisapi.com,base,other,,false,1.0000,73,75,3,97,2026-07-14T06:25:21.903+00:00
https://orbisapi.com/proxy/impact-metric-normalizer-api-ff0e1d,orbisapi.com,base;solana:5eykt4usfv8p8njdtrepy1vzqkqzkvdp,other,,false,1.0000,57,58,3,97,2026-07-17T06:14:11.591+00:00
https://orbisapi.com/proxy/impact-reporting-score-api-4c0c05,orbisapi.com,base,other,,false,1.0000,49,51,3,97,2026-07-17T06:14:16.081+00:00
https://orbisapi.com/proxy/impermanent-loss-calculator-api-879a85,orbisapi.com,base,other,,false,1.0000,69,70,3,97,2026-07-14T06:25:51.067+00:00
https://orbisapi.com/proxy/implant-stress-calculator-api-50b52a,orbisapi.com,base,other,,false,1.0000,63,67,3,97,2026-07-14T06:25:15.648+00:00
https://orbisapi.com/proxy/implant-success-score-api-f1a09c,orbisapi.com,base,other,,false,1.0000,63,68,3,97,2026-07-14T06:25:11.482+00:00
https://orbisapi.com/proxy/implementation-risk-scorer-api-44b11b,orbisapi.com,base,other,,false,1.0000,92,93,3,96,2026-07-13T07:38:02.221+00:00
https://orbisapi.com/proxy/impression-share-calculator-api-b8c4b2,orbisapi.com,base,other,,false,1.0000,128,156,3,95,2026-07-16T06:36:50.804+00:00
https://orbisapi.com/proxy/ims-audit-score-api-0e61cb,orbisapi.com,base,other,,false,1.0000,89,157,3,95,2026-07-16T06:37:04.935+00:00
https://orbisapi.com/proxy/inbound-forecast-calculator-api-56523a,orbisapi.com,base,other,,false,1.0000,49,52,3,97,2026-07-17T06:14:23.696+00:00
https://orbisapi.com/proxy/incident-classifier-api-8fafd9,orbisapi.com,base,other,,false,1.0000,61,91,6,96,2026-07-13T07:31:52.793+00:00
https://orbisapi.com/proxy/incident-classifier-api-e28db9,orbisapi.com,base,other,,false,1.0000,90,93,3,96,2026-07-13T07:38:26.317+00:00
https://orbisapi.com/proxy/incident-command-score-api-e551f0,orbisapi.com,base,other,,false,1.0000,69,69,3,97,2026-07-14T06:24:40.463+00:00
https://orbisapi.com/proxy/incident-postmortem-score-api-2b9a4f,orbisapi.com,base,other,,false,1.0000,50,50,3,97,2026-07-17T06:14:27.875+00:00
https://orbisapi.com/proxy/incident-severity-api-c7bec7,orbisapi.com,base,other,,false,1.0000,59,92,6,96,2026-07-13T07:31:49.565+00:00
https://orbisapi.com/proxy/incident-severity-scorer-api-ba9f44,orbisapi.com,base,other,,false,1.0000,63,70,3,97,2026-07-14T06:23:23.633+00:00
https://orbisapi.com/proxy/incident-status-update-builder-api-b6efaf/health%20-%20Return%20service%20health%20and%20version%20metadata,orbisapi.com,base;solana:5eykt4usfv8p8njdtrepy1vzqkqzkvdp,other,,false,1.0000,49,49,3,97,2026-07-11T06:11:36.253+00:00
https://orbisapi.com/proxy/inclusion-index-calculator-api-f1fd6e,orbisapi.com,base,other,,false,1.0000,67,67,3,97,2026-07-14T06:25:08.157+00:00
https://orbisapi.com/proxy/inclusive-econ-api-980224,orbisapi.com,base;solana:5eykt4usfv8p8njdtrepy1vzqkqzkvdp,other,,false,1.0000,54,55,3,97,2026-07-11T06:11:51.037+00:00
https://orbisapi.com/proxy/inclusive-language-checker-api-c5eb15,orbisapi.com,base,other,,false,1.0000,89,92,3,96,2026-07-13T07:37:35.787+00:00
https://orbisapi.com/proxy/incoterm-guide-api-51e2e4,orbisapi.com,base,other,,false,1.0000,61,94,6,96,2026-07-13T07:31:36.764+00:00
https://orbisapi.com/proxy/incoterms-lookup-api-782e9e,orbisapi.com,base,other,,false,1.0000,66,71,3,97,2026-07-14T06:23:26.059+00:00
https://orbisapi.com/proxy/indoor-air-quality-score-api-010b7d,orbisapi.com,base,other,,false,1.0000,64,65,3,97,2026-07-14T06:24:48.892+00:00
https://orbisapi.com/proxy/indoor-farming-calculator-api-358e67,orbisapi.com,base,other,,false,1.0000,69,69,3,97,2026-07-14T06:25:00.185+00:00
https://orbisapi.com/proxy/inductive-reasoning-2907f5,orbisapi.com,base;solana:5eykt4usfv8p8njdtrepy1vzqkqzkvdp,other,,false,1.0000,76,79,3,97,2026-07-16T06:37:27.059+00:00
https://orbisapi.com/proxy/industrial-capitalism-e25dd3,orbisapi.com,base;solana:5eykt4usfv8p8njdtrepy1vzqkqzkvdp,other,,false,1.0000,47,48,3,97,2026-07-11T06:14:24.947+00:00
https://orbisapi.com/proxy/industrial-revolution-facts-b7d452,orbisapi.com,base,other,,false,1.0000,67,81,6,97,2026-07-17T06:11:24.921+00:00
https://orbisapi.com/proxy/industrial-supplier-api-637235,orbisapi.com,base;solana:5eykt4usfv8p8njdtrepy1vzqkqzkvdp,other,,false,1.0000,48,49,3,97,2026-07-11T06:16:40.777+00:00
https://orbisapi.com/proxy/inference-latency-calculator-api-06ebb7,orbisapi.com,base;solana:5eykt4usfv8p8njdtrepy1vzqkqzkvdp,other,,false,1.0000,32,33,3,97,2026-07-12T06:09:55.793+00:00
https://orbisapi.com/proxy/infill-potential-score-api-2542bd,orbisapi.com,base,other,,false,1.0000,50,51,3,97,2026-07-17T06:14:24.616+00:00
https://orbisapi.com/proxy/inflation-adjustment-calculator-api-41473a,orbisapi.com,base,other,,false,1.0000,72,77,3,97,2026-07-14T06:23:06.312+00:00
https://orbisapi.com/proxy/inflation-calculator-api-2c9d35,orbisapi.com,base,other,,false,1.0000,49,50,3,97,2026-07-17T06:16:44.515+00:00
https://orbisapi.com/proxy/inflation-calculator-api-e322b6,orbisapi.com,base,other,,false,1.0000,48,48,3,97,2026-07-17T06:13:46.83+00:00
https://orbisapi.com/proxy/inflation-calculator-api-e969a2,orbisapi.com,base;solana:5eykt4usfv8p8njdtrepy1vzqkqzkvdp,other,,false,1.0000,49,50,3,97,2026-07-11T06:11:37.459+00:00
https://orbisapi.com/proxy/inflation-data-api-957c65,orbisapi.com,base,other,,false,1.0000,42,43,3,97,2026-07-15T05:49:03.4+00:00
https://orbisapi.com/proxy/inflation-impact-calculator-api-ae46db,orbisapi.com,base;solana:5eykt4usfv8p8njdtrepy1vzqkqzkvdp,other,,false,1.0000,31,32,3,97,2026-07-12T06:10:58.35+00:00
https://orbisapi.com/proxy/influencer-fit-scorer-api-7d9ff6,orbisapi.com,base,other,,false,1.0000,80,100,6,97,2026-07-14T06:19:01.52+00:00
https://orbisapi.com/proxy/influencer-metrics-f3454c,orbisapi.com,base,other,,false,1.0000,44,45,3,97,2026-07-15T05:56:20.957+00:00
https://orbisapi.com/proxy/influencer-style-score-api-fad3e4,orbisapi.com,base,other,,false,1.0000,64,69,3,97,2026-07-14T06:24:45.752+00:00
https://orbisapi.com/proxy/influencer-tier-api-7287f9,orbisapi.com,base,other,,false,1.0000,89,91,3,96,2026-07-13T07:36:07.13+00:00
https://orbisapi.com/proxy/information-architecture-score-api-effc13,orbisapi.com,base,other,,false,1.0000,50,51,3,97,2026-07-17T06:14:28.842+00:00
https://orbisapi.com/proxy/information-extraction-precision-api-4ba497,orbisapi.com,base;solana:5eykt4usfv8p8njdtrepy1vzqkqzkvdp,other,,false,1.0000,31,34,3,97,2026-07-12T06:11:01.85+00:00
https://orbisapi.com/proxy/information-ratio-calculator-api-27e601,orbisapi.com,base,other,,false,1.0000,60,66,3,97,2026-07-14T06:25:02.337+00:00
https://orbisapi.com/proxy/infrastructure-as-code-guide-api-395d34,orbisapi.com,base;solana:5eykt4usfv8p8njdtrepy1vzqkqzkvdp,other,,false,1.0000,40,42,3,97,2026-07-15T05:50:07.6+00:00
https://orbisapi.com/proxy/infrastructure-data-api-d7aac4/alerts,orbisapi.com,base;solana:5eykt4usfv8p8njdtrepy1vzqkqzkvdp,other,,false,1.0000,32,33,3,97,2026-07-12T06:11:11.733+00:00
https://orbisapi.com/proxy/infrastructure-scanner-api-9b8bbb,orbisapi.com,base;solana:5eykt4usfv8p8njdtrepy1vzqkqzkvdp,other,,false,1.0000,37,37,3,97,2026-07-12T06:11:34.055+00:00
https://orbisapi.com/proxy/infrastructure-yield-calculator-api-cc3aac/validate,orbisapi.com,base;solana:5eykt4usfv8p8njdtrepy1vzqkqzkvdp,other,,false,1.0000,32,36,3,97,2026-07-12T06:11:46.345+00:00
https://orbisapi.com/proxy/ingredient-lookup-e9d966,orbisapi.com,base;solana:5eykt4usfv8p8njdtrepy1vzqkqzkvdp,other,,false,1.0000,44,50,3,97,2026-07-15T05:56:14.987+00:00
https://orbisapi.com/proxy/ingredient-substitute-api-305a39,orbisapi.com,base;solana:5eykt4usfv8p8njdtrepy1vzqkqzkvdp,other,,false,1.0000,90,97,3,96,2026-07-13T07:36:03.016+00:00
https://orbisapi.com/proxy/ingredient-yield-calculator-api-5643a1,orbisapi.com,base,other,,false,1.0000,79,81,3,97,2026-07-16T06:36:30.336+00:00
https://orbisapi.com/proxy/inhibitory-control-score-api-84d3b0,orbisapi.com,base,other,,false,1.0000,55,83,3,96,2026-07-14T06:24:38.789+00:00
https://orbisapi.com/proxy/ini-format-guide-api-497f74,orbisapi.com,base;solana:5eykt4usfv8p8njdtrepy1vzqkqzkvdp,other,,false,1.0000,42,43,3,97,2026-07-15T05:50:25.289+00:00
https://orbisapi.com/proxy/injection-mold-calculator-api-ee8d36,orbisapi.com,base;solana:5eykt4usfv8p8njdtrepy1vzqkqzkvdp,other,,false,1.0000,90,90,3,96,2026-07-13T07:38:04.421+00:00
https://orbisapi.com/proxy/injury-report-api-931ab2,orbisapi.com,base;solana:5eykt4usfv8p8njdtrepy1vzqkqzkvdp,other,,false,1.0000,43,51,3,97,2026-07-15T05:56:16.84+00:00
https://orbisapi.com/proxy/injury-risk-score-api-7496ce,orbisapi.com,base;solana:5eykt4usfv8p8njdtrepy1vzqkqzkvdp,other,,false,1.0000,44,52,3,97,2026-07-15T05:51:21.062+00:00
https://orbisapi.com/proxy/injury-severity-classifier-api-e8142b,orbisapi.com,base,other,,false,1.0000,48,49,3,97,2026-07-17T06:14:30.304+00:00
https://orbisapi.com/proxy/innovation-index-calculator-api-6ef358,orbisapi.com,base,other,,false,1.0000,49,49,3,97,2026-07-17T06:14:34.472+00:00
https://orbisapi.com/proxy/input-efficiency-calculator-api-14218b,orbisapi.com,base,other,,false,1.0000,64,90,3,96,2026-07-14T06:24:30.819+00:00
https://orbisapi.com/proxy/input-sanitizer-api-ab8683,orbisapi.com,base,other,,false,1.0000,68,75,3,97,2026-07-14T06:19:19.952+00:00
https://orbisapi.com/proxy/insect-facts-api-7d27a2,orbisapi.com,base;solana:5eykt4usfv8p8njdtrepy1vzqkqzkvdp,other,,false,1.0000,45,50,3,97,2026-07-15T05:49:22.259+00:00
https://orbisapi.com/proxy/instagram-media-hashtags-api-1c8c3a,orbisapi.com,base,other,,false,1.0000,49,53,3,97,2026-07-17T06:17:45.202+00:00
https://orbisapi.com/proxy/instagram-media-hashtags-api-1c8c3a/details,orbisapi.com,base;solana:5eykt4usfv8p8njdtrepy1vzqkqzkvdp,other,,false,1.0000,46,49,3,97,2026-07-11T06:17:15.964+00:00
https://orbisapi.com/proxy/instagram-profile-data-api-32a0fd,orbisapi.com,base,other,,false,1.0000,50,68,3,97,2026-07-17T06:17:36.737+00:00
https://orbisapi.com/proxy/instagram-profile-data-api-32a0fd/info,orbisapi.com,base;solana:5eykt4usfv8p8njdtrepy1vzqkqzkvdp,other,,false,1.0000,49,50,3,97,2026-07-11T06:11:37.696+00:00
https://orbisapi.com/proxy/instagram-profile-data-f2efb3,orbisapi.com,base,other,,false,1.0000,42,47,3,97,2026-07-15T05:55:17.683+00:00
https://orbisapi.com/proxy/instant-payment-score-api-df441d,orbisapi.com,base,other,,false,1.0000,49,52,3,97,2026-07-17T06:14:40.435+00:00
https://orbisapi.com/proxy/insulation-value-calculator-api-97cf03,orbisapi.com,base,other,,false,1.0000,49,51,3,97,2026-07-17T06:14:39.134+00:00
https://orbisapi.com/proxy/insurance-calculator-api-0bcee0,orbisapi.com,base,other,,false,1.0000,86,122,3,96,2026-07-16T06:39:30.835+00:00
https://orbisapi.com/proxy/insurance-coverage-calculator-api-9d1bda,orbisapi.com,base,other,,false,1.0000,93,93,3,96,2026-07-13T07:35:58.395+00:00
https://orbisapi.com/proxy/insurance-gap-score-api-3eae3f,orbisapi.com,base,other,,false,1.0000,70,71,3,97,2026-07-14T06:24:24.03+00:00
https://orbisapi.com/proxy/insurance-needs-calculator-api-5fd860,orbisapi.com,base,other,,false,1.0000,63,76,3,97,2026-07-14T06:24:45.406+00:00
https://orbisapi.com/proxy/insurance-types-guide-api-103716,orbisapi.com,base,other,,false,1.0000,71,85,3,96,2026-07-14T06:24:32.538+00:00
https://orbisapi.com/proxy/integration-testing-guide-api-8fab1b,orbisapi.com,base;solana:5eykt4usfv8p8njdtrepy1vzqkqzkvdp,other,,false,1.0000,43,43,3,97,2026-07-15T05:49:44.108+00:00
https://orbisapi.com/proxy/integrative-protocol-score-api-a69225,orbisapi.com,base,other,,false,1.0000,71,73,3,97,2026-07-14T06:23:30.803+00:00
https://orbisapi.com/proxy/integumentary-system-ce8a56,orbisapi.com,base;solana:5eykt4usfv8p8njdtrepy1vzqkqzkvdp,other,,false,1.0000,93,186,6,94,2026-07-14T06:18:07.184+00:00
https://orbisapi.com/proxy/intellectual-property-guide-a6f198,orbisapi.com,base;solana:5eykt4usfv8p8njdtrepy1vzqkqzkvdp,other,,false,1.0000,62,113,6,97,2026-07-17T06:12:21.736+00:00
https://orbisapi.com/proxy/intelligence-theories-8d4f11,orbisapi.com,base,other,,false,1.0000,84,93,3,96,2026-07-16T06:37:19.425+00:00
https://orbisapi.com/proxy/intent-classifier-api-a4e55d,orbisapi.com,base,other,,false,1.0000,64,78,3,97,2026-07-14T06:26:18.372+00:00
https://orbisapi.com/proxy/intent-classify-054ca5,orbisapi.com,base,other,,false,1.0000,43,75,3,96,2026-07-15T05:55:36.425+00:00
https://orbisapi.com/proxy/intent-router-api-8d1f9a,orbisapi.com,base,other,,false,1.0000,64,64,3,97,2026-07-14T06:21:01.333+00:00
https://orbisapi.com/proxy/intent-router-api-e42a60,orbisapi.com,base,other,,false,1.0000,48,49,3,97,2026-07-17T06:14:11.817+00:00
https://orbisapi.com/proxy/interest-rate-guide-api-474399,orbisapi.com,base;solana:5eykt4usfv8p8njdtrepy1vzqkqzkvdp,other,,false,1.0000,47,49,3,97,2026-07-15T05:51:19.821+00:00
https://orbisapi.com/proxy/interest-rate-guide-api-516a36,orbisapi.com,base,other,,false,1.0000,47,48,3,97,2026-07-15T05:48:55.125+00:00
https://orbisapi.com/proxy/interleaving-score-api-ebc764,orbisapi.com,base,other,,false,1.0000,70,70,3,97,2026-07-14T06:24:34.255+00:00
https://orbisapi.com/proxy/interlibrary-loan-score-api-faf675,orbisapi.com,base,other,,false,1.0000,71,74,3,97,2026-07-14T06:21:54.927+00:00
https://orbisapi.com/proxy/internal-dosimetry-calculator-api-dc696e,orbisapi.com,base,other,,false,1.0000,102,115,3,95,2026-07-14T06:24:20.166+00:00
https://orbisapi.com/proxy/internal-linking-api-ca53bd,orbisapi.com,base,other,,false,1.0000,78,91,6,97,2026-07-14T06:18:58.521+00:00
https://orbisapi.com/proxy/international-organizations-api-0c4d2c,orbisapi.com,base;solana:5eykt4usfv8p8njdtrepy1vzqkqzkvdp,other,,false,1.0000,82,101,3,96,2026-07-16T06:40:15.24+00:00
https://orbisapi.com/proxy/international-trade-guide-8826cc/health,orbisapi.com,base;solana:5eykt4usfv8p8njdtrepy1vzqkqzkvdp,other,,false,1.0000,47,48,3,97,2026-07-11T06:12:12.834+00:00
https://orbisapi.com/proxy/internet-history-007fbf,orbisapi.com,base;solana:5eykt4usfv8p8njdtrepy1vzqkqzkvdp,other,,false,1.0000,67,85,6,97,2026-07-17T06:11:53.473+00:00
https://orbisapi.com/proxy/interview-question-generator-api-30967f,orbisapi.com,base,other,,false,1.0000,83,92,6,97,2026-07-14T06:18:24.682+00:00
https://orbisapi.com/proxy/interview-to-offer-ratio-api-12494a,orbisapi.com,base,other,,false,1.0000,49,52,3,97,2026-07-17T06:18:17.056+00:00
https://orbisapi.com/proxy/intra-workout-nutrition-calculator-api-ebff43,orbisapi.com,base,other,,false,1.0000,70,82,3,96,2026-07-14T06:24:15.324+00:00
https://orbisapi.com/proxy/invasive-species-c658a8,orbisapi.com,base;solana:5eykt4usfv8p8njdtrepy1vzqkqzkvdp,other,,false,1.0000,82,157,3,95,2026-07-16T06:37:18.617+00:00
https://orbisapi.com/proxy/inventory-calculator-api-60068c,orbisapi.com,base,other,,false,1.0000,80,93,6,97,2026-07-14T06:18:26.137+00:00
https://orbisapi.com/proxy/inventory-fraud-score-api-d0dd30,orbisapi.com,base,other,,false,1.0000,67,68,3,97,2026-07-14T06:23:45.353+00:00
https://orbisapi.com/proxy/inventory-optimization-score-api-c84fda,orbisapi.com,base,other,,false,1.0000,63,73,3,97,2026-07-14T06:23:30.467+00:00
https://orbisapi.com/proxy/inventory-turnover-calculator-api-c1556f,orbisapi.com,base,other,,false,1.0000,48,49,3,97,2026-07-17T06:18:27.689+00:00
https://orbisapi.com/proxy/investment-calculator-api-23ccbc,orbisapi.com,base,other,,false,1.0000,52,52,3,97,2026-07-17T06:13:41.797+00:00
https://orbisapi.com/proxy/investment-property-api-7d0560,orbisapi.com,base,other,,false,1.0000,78,79,3,97,2026-07-16T06:39:56.668+00:00
https://orbisapi.com/proxy/investment-return-api-42043a,orbisapi.com,base,other,,false,1.0000,43,46,3,97,2026-07-15T05:48:54.55+00:00
https://orbisapi.com/proxy/investment-return-calculator-api-c99fd2,orbisapi.com,base,other,,false,1.0000,64,67,3,97,2026-07-14T06:23:16.08+00:00
https://orbisapi.com/proxy/investment-risk-profiler-api-1df106,orbisapi.com,base,other,,false,1.0000,89,92,3,96,2026-07-13T07:36:44.538+00:00
https://orbisapi.com/proxy/investor-relations-score-api-291286/classify,orbisapi.com,base;solana:5eykt4usfv8p8njdtrepy1vzqkqzkvdp,other,,false,1.0000,64,69,3,97,2026-07-14T06:19:36.301+00:00
https://orbisapi.com/proxy/invoice-calculator-api-25d181,orbisapi.com,base,other,,false,1.0000,78,83,3,97,2026-07-16T06:41:14.381+00:00
https://orbisapi.com/proxy/invoice-generator-api-255c5b,orbisapi.com,base,other,,false,1.0000,49,54,3,97,2026-07-17T06:13:47.298+00:00
https://orbisapi.com/proxy/invoice-number-generator-api-477d12,orbisapi.com,base,other,,false,1.0000,81,91,6,97,2026-07-14T06:18:40.907+00:00
https://orbisapi.com/proxy/invoice-parser-api-281a4d,orbisapi.com,base,other,,false,1.0000,87,90,6,96,2026-07-14T06:18:23.992+00:00
https://orbisapi.com/proxy/invoice-validate-api-4cb8c8,orbisapi.com,base;solana:5eykt4usfv8p8njdtrepy1vzqkqzkvdp,other,,false,1.0000,73,79,3,96,2026-07-14T06:21:21.692+00:00
https://orbisapi.com/proxy/iop-risk-score-api-42956f,orbisapi.com,base,other,,false,1.0000,67,67,3,97,2026-07-14T06:23:27.318+00:00
https://orbisapi.com/proxy/iot-anomaly-score-api-641306,orbisapi.com,base,other,,false,1.0000,86,130,3,96,2026-07-16T06:36:03.386+00:00
https://orbisapi.com/proxy/iot-device-classifier-api-94c4f5,orbisapi.com,base,other,,false,1.0000,50,51,3,97,2026-07-17T06:13:38.88+00:00
https://orbisapi.com/proxy/iot-device-health-scorer-api-cde742,orbisapi.com,base,other,,false,1.0000,46,50,3,97,2026-07-17T06:16:44.025+00:00
https://orbisapi.com/proxy/ip-address-validator-api-f0b1f2,orbisapi.com,base,other,,false,1.0000,41,49,6,97,2026-07-12T06:09:43.129+00:00
https://orbisapi.com/proxy/ip-asn-lookup-546ca2,orbisapi.com,base,other,,false,1.0000,46,123,3,96,2026-07-15T05:56:18.868+00:00
https://orbisapi.com/proxy/ip-binary-converter-api-6198cc,orbisapi.com,base,other,,false,1.0000,48,53,3,97,2026-07-11T06:18:12.043+00:00
https://orbisapi.com/proxy/ip-city-lookup-fe8013,orbisapi.com,base,other,,false,1.0000,44,45,3,97,2026-07-15T05:56:13.82+00:00
https://orbisapi.com/proxy/ip-class-info-api-bac8f3,orbisapi.com,base,other,,false,1.0000,49,62,6,96,2026-07-12T06:09:26.281+00:00
https://orbisapi.com/proxy/ip-classifier-api-e21412,orbisapi.com,base,other,,false,1.0000,89,90,3,96,2026-07-13T07:39:11.36+00:00
https://orbisapi.com/proxy/ip-connection-type-e7e31a,orbisapi.com,base,other,,false,1.0000,49,127,3,95,2026-07-15T05:55:36.732+00:00
https://orbisapi.com/proxy/ip-datacenter-detect-47e8d2,orbisapi.com,base,other,,false,1.0000,138,150,3,95,2026-07-15T05:55:35.367+00:00
https://orbisapi.com/proxy/ip-geolocation-api-164eb1,orbisapi.com,base,other,,false,1.0000,46,128,3,95,2026-07-15T05:56:30.161+00:00
https://orbisapi.com/proxy/ip-isp-lookup-ae0468,orbisapi.com,base;solana:5eykt4usfv8p8njdtrepy1vzqkqzkvdp,other,,false,1.0000,47,51,3,97,2026-07-15T05:56:17.036+00:00
https://orbisapi.com/proxy/ip-portfolio-score-api-368710,orbisapi.com,base,other,,false,1.0000,50,52,3,97,2026-07-17T06:14:42.445+00:00
https://orbisapi.com/proxy/ip-proxy-detect-d01749,orbisapi.com,base,other,,false,1.0000,132,156,3,95,2026-07-15T05:56:16.643+00:00
https://orbisapi.com/proxy/ip-range-checker-api-3e0b39,orbisapi.com,base,other,,false,1.0000,39,52,6,97,2026-07-12T06:09:44.265+00:00
https://orbisapi.com/proxy/ip-range-checker-api-41efc2,orbisapi.com,base,other,,false,1.0000,69,69,3,97,2026-07-14T06:22:55.057+00:00
https://orbisapi.com/proxy/ip-range-checker-api-fc3736,orbisapi.com,base,other,,false,1.0000,68,71,3,97,2026-07-14T06:19:39.66+00:00
https://orbisapi.com/proxy/ip-reputation-api-effafe,orbisapi.com,base,other,,false,1.0000,63,76,3,97,2026-07-14T06:19:23.122+00:00
https://orbisapi.com/proxy/ip-reputation-checker-api-e73c03,orbisapi.com,base,other,,false,1.0000,48,53,3,97,2026-07-17T06:17:06.571+00:00
https://orbisapi.com/proxy/ip-reputation-score-d3b710,orbisapi.com,base,other,,false,1.0000,75,134,3,96,2026-07-15T05:55:35.715+00:00
https://orbisapi.com/proxy/ip-risk-classifier-api-db88d4,orbisapi.com,base,other,,false,1.0000,46,49,3,97,2026-07-17T06:17:47.059+00:00
https://orbisapi.com/proxy/ip-threat-score-e570e2,orbisapi.com,base,other,,false,1.0000,41,42,3,97,2026-07-15T05:55:18.292+00:00
https://orbisapi.com/proxy/ip-timezone-api-e89251,orbisapi.com,base;solana:5eykt4usfv8p8njdtrepy1vzqkqzkvdp,other,,false,1.0000,65,67,3,97,2026-07-14T06:23:38.626+00:00
https://orbisapi.com/proxy/ip-validator-api-adcafb,orbisapi.com,base,other,,false,1.0000,69,70,3,97,2026-07-14T06:26:11.539+00:00
https://orbisapi.com/proxy/ip-validator-v2-api-872922,orbisapi.com,base,other,,false,1.0000,65,79,3,96,2026-07-14T06:25:04.345+00:00
https://orbisapi.com/proxy/ip-version-checker-api-f81b56,orbisapi.com,base,other,,false,1.0000,40,53,6,97,2026-07-12T06:09:45.119+00:00
https://orbisapi.com/proxy/ipv4-to-ipv6-converter-api-cb73d6,orbisapi.com,base;solana:5eykt4usfv8p8njdtrepy1vzqkqzkvdp,other,,false,1.0000,46,51,3,97,2026-07-11T06:18:12.495+00:00
https://orbisapi.com/proxy/irrigation-efficiency-score-api-755d81,orbisapi.com,base,other,,false,1.0000,64,69,3,97,2026-07-14T06:20:51.399+00:00
https://orbisapi.com/proxy/irrigation-intel-api-045c37,orbisapi.com,base;solana:5eykt4usfv8p8njdtrepy1vzqkqzkvdp,other,,false,1.0000,82,87,3,96,2026-07-16T06:42:29.27+00:00
https://orbisapi.com/proxy/is-it-water-api-538de5,orbisapi.com,base,other,,false,1.0000,49,50,3,97,2026-07-17T06:17:01.309+00:00
https://orbisapi.com/proxy/isbn-generator-api-0c4e8b,orbisapi.com,base;solana:5eykt4usfv8p8njdtrepy1vzqkqzkvdp,other,,false,1.0000,69,74,3,97,2026-07-14T06:23:18.871+00:00
https://orbisapi.com/proxy/isbn-validator-api-d531ac,orbisapi.com,base,other,,false,1.0000,70,71,3,97,2026-07-14T06:21:11.398+00:00
https://orbisapi.com/proxy/island-nations-guide-d58b1f,orbisapi.com,base;solana:5eykt4usfv8p8njdtrepy1vzqkqzkvdp,other,,false,1.0000,64,87,6,97,2026-07-17T06:11:22.056+00:00
https://orbisapi.com/proxy/ism-intel-live-api-cf681c,orbisapi.com,base;solana:5eykt4usfv8p8njdtrepy1vzqkqzkvdp,other,,false,1.0000,62,88,6,97,2026-07-17T06:12:37.873+00:00
https://orbisapi.com/proxy/iso-27001-gap-analyzer-api-e4c0f6,orbisapi.com,base,other,,false,1.0000,64,65,3,97,2026-07-14T06:23:06.633+00:00
https://orbisapi.com/proxy/jargon-detector-api-29ccf2,orbisapi.com,base,other,,false,1.0000,62,93,6,96,2026-07-13T07:31:11.498+00:00
https://orbisapi.com/proxy/javascript-error-types-api-b4531f,orbisapi.com,base;solana:5eykt4usfv8p8njdtrepy1vzqkqzkvdp,other,,false,1.0000,42,47,3,97,2026-07-15T05:50:20.492+00:00
https://orbisapi.com/proxy/javascript-error-types-api-b4531f/bulk,orbisapi.com,base;solana:5eykt4usfv8p8njdtrepy1vzqkqzkvdp,other,,false,1.0000,51,52,3,97,2026-07-17T06:14:50.771+00:00
https://orbisapi.com/proxy/javascript-modules-guide-api-397991,orbisapi.com,base;solana:5eykt4usfv8p8njdtrepy1vzqkqzkvdp,other,,false,1.0000,42,44,3,97,2026-07-15T05:50:23.128+00:00
https://orbisapi.com/proxy/javascript-regex-guide-api-343997,orbisapi.com,base;solana:5eykt4usfv8p8njdtrepy1vzqkqzkvdp,other,,false,1.0000,44,48,3,97,2026-07-15T05:50:11.136+00:00
https://orbisapi.com/proxy/jet-lag-calculator-api-32f535,orbisapi.com,base;solana:5eykt4usfv8p8njdtrepy1vzqkqzkvdp,other,,false,1.0000,90,90,3,96,2026-07-13T07:37:57.792+00:00
https://orbisapi.com/proxy/jet-lag-calculator-api-a1efcc,orbisapi.com,base,other,,false,1.0000,61,92,6,96,2026-07-13T07:31:07.063+00:00
https://orbisapi.com/proxy/jewelry-history-a8f89b,orbisapi.com,base;solana:5eykt4usfv8p8njdtrepy1vzqkqzkvdp,other,,false,1.0000,81,92,3,96,2026-07-16T06:37:10.542+00:00
https://orbisapi.com/proxy/job-description-analyzer-api-933c9d,orbisapi.com,base,other,,false,1.0000,80,81,3,97,2026-07-16T06:35:04.479+00:00
https://orbisapi.com/proxy/job-description-generator-api-2f827d,orbisapi.com,base,other,,false,1.0000,79,80,3,97,2026-07-16T06:34:45.755+00:00
https://orbisapi.com/proxy/job-description-optimizer-api-4eb7e9,orbisapi.com,base;solana:5eykt4usfv8p8njdtrepy1vzqkqzkvdp,other,,false,1.0000,103,103,3,96,2026-07-13T07:38:17.362+00:00
https://orbisapi.com/proxy/job-description-scorer-api-595ae9,orbisapi.com,base,other,,false,1.0000,81,90,6,97,2026-07-14T06:18:37.873+00:00
https://orbisapi.com/proxy/job-leveling-scorer-api-491cb4,orbisapi.com,base,other,,false,1.0000,50,53,3,97,2026-07-17T06:18:17.287+00:00
https://orbisapi.com/proxy/job-market-guide-api-3b5976,orbisapi.com,base,other,,false,1.0000,81,86,3,96,2026-07-16T06:34:57.266+00:00
https://orbisapi.com/proxy/job-posting-search-api-bff64b,orbisapi.com,base,other,,false,1.0000,49,50,3,97,2026-07-11T06:15:22.968+00:00
https://orbisapi.com/proxy/job-scheduling-score-api-ac03ab,orbisapi.com,base,other,,false,1.0000,51,142,3,95,2026-07-11T06:14:31.621+00:00
https://orbisapi.com/proxy/job-title-normalizer-api-56d35c,orbisapi.com,base,other,,false,1.0000,61,93,6,96,2026-07-13T07:31:23.87+00:00
https://orbisapi.com/proxy/jobs-to-be-done-api-185ea6,orbisapi.com,base,other,,false,1.0000,30,34,3,97,2026-07-12T06:11:48.158+00:00
https://orbisapi.com/proxy/journal-entry-flag-score-api-9dfe2a,orbisapi.com,base,other,,false,1.0000,67,71,3,97,2026-07-14T06:21:41.344+00:00
https://orbisapi.com/proxy/journal-entry-validator-api-6a39ef,orbisapi.com,base,other,,false,1.0000,60,92,6,96,2026-07-13T07:31:28.889+00:00
https://orbisapi.com/proxy/journalism-terms-682f0f,orbisapi.com,base;solana:5eykt4usfv8p8njdtrepy1vzqkqzkvdp,other,,false,1.0000,65,80,6,97,2026-07-17T06:11:20.697+00:00
https://orbisapi.com/proxy/json-analyzer-api-6a8e8d,orbisapi.com,base,other,,false,1.0000,78,81,3,96,2026-07-14T06:26:02.588+00:00
https://orbisapi.com/proxy/json-array-map-api-08c4e3,orbisapi.com,base;solana:5eykt4usfv8p8njdtrepy1vzqkqzkvdp,other,,false,1.0000,65,68,3,97,2026-07-14T06:23:17.12+00:00
https://orbisapi.com/proxy/json-deep-merge-api-a45ac3,orbisapi.com,base;solana:5eykt4usfv8p8njdtrepy1vzqkqzkvdp,other,,false,1.0000,64,64,3,97,2026-07-14T06:23:02.561+00:00
https://orbisapi.com/proxy/json-diff-api-0cdfae,orbisapi.com,base,other,,false,1.0000,47,47,3,97,2026-07-17T06:17:27.394+00:00
https://orbisapi.com/proxy/json-flattener-api-458993,orbisapi.com,base;solana:5eykt4usfv8p8njdtrepy1vzqkqzkvdp,other,,false,1.0000,70,73,3,97,2026-07-14T06:23:19.205+00:00
https://orbisapi.com/proxy/json-flattener-api-f5ae66,orbisapi.com,base,other,,false,1.0000,94,114,3,96,2026-07-14T06:20:15.702+00:00
https://orbisapi.com/proxy/json-formatter-api-e84bb7,orbisapi.com,base;solana:5eykt4usfv8p8njdtrepy1vzqkqzkvdp,other,,false,1.0000,42,46,3,97,2026-07-15T05:50:42.371+00:00
https://orbisapi.com/proxy/json-formatter-validator-api-59b6a5,orbisapi.com,base,other,,false,1.0000,50,51,3,97,2026-07-17T06:14:32.305+00:00
https://orbisapi.com/proxy/json-key-renamer-api-f89228,orbisapi.com,base,other,,false,1.0000,70,79,3,97,2026-07-14T06:23:00.094+00:00
https://orbisapi.com/proxy/json-key-renamer-api-f89228/format,orbisapi.com,base;solana:5eykt4usfv8p8njdtrepy1vzqkqzkvdp,other,,false,1.0000,49,55,3,97,2026-07-11T06:11:35.072+00:00
https://orbisapi.com/proxy/json-merger-api-3ae93f,orbisapi.com,base,other,,false,1.0000,64,68,3,97,2026-07-14T06:19:38.321+00:00
https://orbisapi.com/proxy/json-minifier-api-0ebb72,orbisapi.com,base,other,,false,1.0000,48,50,3,97,2026-07-15T05:50:59.262+00:00
https://orbisapi.com/proxy/json-path-delete-api-a4f81f,orbisapi.com,base,other,,false,1.0000,69,69,3,97,2026-07-14T06:23:17.468+00:00
https://orbisapi.com/proxy/json-path-query-api-1a0a3d,orbisapi.com,base,other,,false,1.0000,67,70,3,97,2026-07-14T06:19:29.37+00:00
https://orbisapi.com/proxy/json-path-query-api-dbd2db,orbisapi.com,base,other,,false,1.0000,68,95,6,97,2026-07-17T06:12:33.104+00:00
https://orbisapi.com/proxy/json-path-setter-api-6c0bf7,orbisapi.com,base,other,,false,1.0000,50,54,3,97,2026-07-17T06:12:38.39+00:00
https://orbisapi.com/proxy/json-schema-generator-api-db0e92,orbisapi.com,base,other,,false,1.0000,71,72,3,97,2026-07-14T06:22:55.414+00:00
https://orbisapi.com/proxy/json-schema-validator-api-40069c,orbisapi.com,base,other,,false,1.0000,71,74,3,97,2026-07-14T06:21:07.503+00:00
https://orbisapi.com/proxy/json-schema-validator-api-4fbc17,orbisapi.com,base,other,,false,1.0000,85,89,3,96,2026-07-16T06:39:59.791+00:00
https://orbisapi.com/proxy/json-schema-validator-api-734d0a,orbisapi.com,base;solana:5eykt4usfv8p8njdtrepy1vzqkqzkvdp,other,,false,1.0000,113,154,3,96,2026-07-13T07:34:15.074+00:00
https://orbisapi.com/proxy/json-stats-api-88a5db,orbisapi.com,base,other,,false,1.0000,72,80,3,97,2026-07-14T06:20:17.227+00:00
https://orbisapi.com/proxy/json-to-csv-api-c4915d,orbisapi.com,base,other,,false,1.0000,49,49,3,97,2026-07-11T06:11:44.608+00:00
https://orbisapi.com/proxy/json-to-table-converter-api-478996,orbisapi.com,base;solana:5eykt4usfv8p8njdtrepy1vzqkqzkvdp,other,,false,1.0000,52,54,3,97,2026-07-17T06:12:40.02+00:00
https://orbisapi.com/proxy/json-to-typescript-api-00455d,orbisapi.com,base;solana:5eykt4usfv8p8njdtrepy1vzqkqzkvdp,other,,false,1.0000,80,94,3,96,2026-07-16T06:42:48.088+00:00
https://orbisapi.com/proxy/judaism-guide-dc2a3e,orbisapi.com,base,other,,false,1.0000,70,94,6,97,2026-07-17T06:11:23.021+00:00
https://orbisapi.com/proxy/judo-guide-287b34/bulk,orbisapi.com,base;solana:5eykt4usfv8p8njdtrepy1vzqkqzkvdp,other,,false,1.0000,50,51,3,97,2026-07-11T06:11:46.72+00:00
https://orbisapi.com/proxy/jumbo-loan-threshold-api-6760e5,orbisapi.com,base;solana:5eykt4usfv8p8njdtrepy1vzqkqzkvdp,other,,false,1.0000,71,76,3,97,2026-07-14T06:20:51.739+00:00
https://orbisapi.com/proxy/jump-diffusion-calculator-api-024b85,orbisapi.com,base,other,,false,1.0000,63,71,3,97,2026-07-14T06:24:03.359+00:00
https://orbisapi.com/proxy/jwt-claims-designer-api-b0e7b0,orbisapi.com,base,other,,false,1.0000,95,95,3,96,2026-07-13T07:39:40.066+00:00
https://orbisapi.com/proxy/jwt-decoder-api-a5dca1,orbisapi.com,base,other,,false,1.0000,47,49,3,97,2026-07-17T06:14:02.846+00:00
https://orbisapi.com/proxy/jwt-guide-api-5f91d0,orbisapi.com,base;solana:5eykt4usfv8p8njdtrepy1vzqkqzkvdp,other,,false,1.0000,88,89,3,96,2026-07-13T07:32:15.364+00:00
https://orbisapi.com/proxy/jwt-header-parser-api-aa6038/format,orbisapi.com,base;solana:5eykt4usfv8p8njdtrepy1vzqkqzkvdp,other,,false,1.0000,47,48,3,97,2026-07-11T06:11:47.754+00:00
https://orbisapi.com/proxy/jwt-policy-checker-api-14e8fb,orbisapi.com,base,other,,false,1.0000,70,72,3,97,2026-07-14T06:19:15.481+00:00
https://orbisapi.com/proxy/k8s-resource-advisor-api-c696ef,orbisapi.com,base,other,,false,1.0000,88,92,3,96,2026-07-13T07:39:48.784+00:00
https://orbisapi.com/proxy/kanban-size-calculator-api-fc2c11,orbisapi.com,base,other,,false,1.0000,62,92,6,96,2026-07-13T07:31:28.249+00:00
https://orbisapi.com/proxy/karate-guide-23b960,orbisapi.com,base;solana:5eykt4usfv8p8njdtrepy1vzqkqzkvdp,other,,false,1.0000,83,86,3,96,2026-07-16T06:37:25.132+00:00
https://orbisapi.com/proxy/kerning-score-api-01bda5,orbisapi.com,base,other,,false,1.0000,31,36,3,97,2026-07-12T06:11:46.786+00:00
https://orbisapi.com/proxy/key-generator-api-9e3ea9,orbisapi.com,base,other,,false,1.0000,73,84,3,96,2026-07-14T06:20:09.28+00:00
https://orbisapi.com/proxy/key-size-checker-api-9e3750,orbisapi.com,base;solana:5eykt4usfv8p8njdtrepy1vzqkqzkvdp,other,,false,1.0000,62,90,6,96,2026-07-13T07:31:18.986+00:00
https://orbisapi.com/proxy/keyboard-navigation-score-api-5f66f2,orbisapi.com,base,other,,false,1.0000,90,835,6,96,2026-07-13T07:31:12.428+00:00
https://orbisapi.com/proxy/keyword-density-checker-api-0cea5d,orbisapi.com,base,other,,false,1.0000,49,50,3,97,2026-07-17T06:13:41.087+00:00
https://orbisapi.com/proxy/keyword-density-checker-api-3a6e5f,orbisapi.com,base,other,,false,1.0000,81,95,6,97,2026-07-14T06:18:49.397+00:00
https://orbisapi.com/proxy/keyword-difficulty-api-022d58,orbisapi.com,base;solana:5eykt4usfv8p8njdtrepy1vzqkqzkvdp,other,,false,1.0000,62,90,6,96,2026-07-13T07:31:22.878+00:00
https://orbisapi.com/proxy/keyword-expander-api-32bbfa,orbisapi.com,base,other,,false,1.0000,92,106,6,96,2026-07-14T06:18:08.015+00:00
https://orbisapi.com/proxy/keyword-extractor-api-624674,orbisapi.com,base,other,,false,1.0000,53,57,3,97,2026-07-17T06:13:49.7+00:00
https://orbisapi.com/proxy/keyword-extractor-api-e88089,orbisapi.com,base,other,,false,1.0000,49,51,3,97,2026-07-17T06:16:20.603+00:00
https://orbisapi.com/proxy/keyword-ranker-api-2ced5c,orbisapi.com,base,other,,false,1.0000,69,94,6,97,2026-07-17T06:12:30.07+00:00
https://orbisapi.com/proxy/keyword-research-advisor-api-d5121d,orbisapi.com,base;solana:5eykt4usfv8p8njdtrepy1vzqkqzkvdp,other,,false,1.0000,89,91,3,96,2026-07-13T07:32:35.169+00:00
https://orbisapi.com/proxy/knowledge-base-organizer-api-fc4785,orbisapi.com,base,other,,false,1.0000,90,91,3,96,2026-07-13T07:39:08.321+00:00
https://orbisapi.com/proxy/knowledge-base-query-optimizer-api-1984e7,orbisapi.com,base,other,,false,1.0000,48,50,3,97,2026-07-17T06:14:42.89+00:00
https://orbisapi.com/proxy/knowledge-gap-detector-api-b53838,orbisapi.com,base,other,,false,1.0000,62,93,6,96,2026-07-13T07:31:21.495+00:00
https://orbisapi.com/proxy/knowledge-gap-detector-api-e23c14,orbisapi.com,base,other,,false,1.0000,103,105,3,96,2026-07-13T07:34:16.075+00:00
https://orbisapi.com/proxy/knowledge-gap-score-api-6fd282,orbisapi.com,base,other,,false,1.0000,32,34,3,97,2026-07-12T06:11:46.925+00:00
https://orbisapi.com/proxy/knowledge-graph-score-api-9ac970,orbisapi.com,base,other,,false,1.0000,33,36,3,97,2026-07-12T06:11:44.017+00:00
https://orbisapi.com/proxy/koppen-climate-classification-api-43d861,orbisapi.com,base,other,,false,1.0000,51,55,3,97,2026-07-17T06:17:12.164+00:00
https://orbisapi.com/proxy/kosher-classifier-api-58c61b,orbisapi.com,base,other,,false,1.0000,30,32,3,97,2026-07-12T06:11:43.178+00:00
https://orbisapi.com/proxy/kpi-calculator-api-d52029,orbisapi.com,base,other,,false,1.0000,73,83,3,96,2026-07-14T06:19:16.185+00:00
https://orbisapi.com/proxy/kraken-api-e509ad,orbisapi.com,base,other,,false,1.0000,49,49,3,97,2026-07-11T06:11:51.504+00:00
https://orbisapi.com/proxy/kubernetes-resource-calculator-api-251105,orbisapi.com,base,other,,false,0.5000,4046,8000,6,96,2026-07-13T07:31:06.435+00:00
https://orbisapi.com/proxy/kung-fu-guide-0cec41,orbisapi.com,base;solana:5eykt4usfv8p8njdtrepy1vzqkqzkvdp,other,,false,1.0000,75,120,3,96,2026-07-16T06:37:19.03+00:00
https://orbisapi.com/proxy/kyc-completeness-checker-api-256fa3,orbisapi.com,base,other,,false,1.0000,50,54,3,97,2026-07-17T06:17:51.318+00:00
https://orbisapi.com/proxy/kyc-completeness-score-api-ff9aa2,orbisapi.com,base,other,,false,1.0000,31,32,3,97,2026-07-12T06:11:48.299+00:00
https://orbisapi.com/proxy/l2-transfer-score-api-3e23c5,orbisapi.com,base,other,,false,1.0000,32,34,3,97,2026-07-12T06:11:41.435+00:00
https://orbisapi.com/proxy/lab-equipment-api-50b4ab,orbisapi.com,base,other,,false,1.0000,84,87,3,96,2026-07-16T06:40:16.403+00:00
https://orbisapi.com/proxy/label-deal-score-api-b37c5f,orbisapi.com,base,other,,false,1.0000,32,45,3,97,2026-07-12T06:11:48.456+00:00
https://orbisapi.com/proxy/labor-market-terms-888af7,orbisapi.com,base;solana:5eykt4usfv8p8njdtrepy1vzqkqzkvdp,other,,false,1.0000,66,83,6,97,2026-07-17T06:11:50.94+00:00
https://orbisapi.com/proxy/land-value-calculator-api-fc5620,orbisapi.com,base;solana:5eykt4usfv8p8njdtrepy1vzqkqzkvdp,other,,false,1.0000,92,109,3,96,2026-07-13T07:36:19.874+00:00
https://orbisapi.com/proxy/landed-cost-calculator-api-e48d1d,orbisapi.com,base,other,,false,1.0000,49,50,3,97,2026-07-17T06:18:32.692+00:00
https://orbisapi.com/proxy/landfill-diversion-calculator-api-eb7736,orbisapi.com,base,other,,false,1.0000,30,31,3,97,2026-07-12T06:11:45.929+00:00
https://orbisapi.com/proxy/landing-page-analyzer-api-b1f334,orbisapi.com,base,other,,false,1.0000,50,52,3,97,2026-07-17T06:17:05.212+00:00
https://orbisapi.com/proxy/landing-pg-intel-api-8f38fe,orbisapi.com,base;solana:5eykt4usfv8p8njdtrepy1vzqkqzkvdp,other,,false,1.0000,44,45,3,97,2026-07-15T05:51:00.951+00:00
https://orbisapi.com/proxy/landlocked-countries-2fbf3b,orbisapi.com,base;solana:5eykt4usfv8p8njdtrepy1vzqkqzkvdp,other,,false,1.0000,79,138,6,95,2026-07-17T06:11:20.463+00:00
https://orbisapi.com/proxy/landscape-architecture-b400b0,orbisapi.com,base,other,,false,1.0000,79,80,3,97,2026-07-16T06:37:14.782+00:00
https://orbisapi.com/proxy/landslide-risk-score-api-0cb8b6,orbisapi.com,base,other,,false,1.0000,33,33,3,97,2026-07-12T06:11:42.376+00:00
https://orbisapi.com/proxy/language-code-api-29a233,orbisapi.com,base,other,,false,1.0000,64,78,3,96,2026-07-14T06:21:04.25+00:00
https://orbisapi.com/proxy/language-complexity-api-2cd138,orbisapi.com,base,other,,false,1.0000,90,90,3,96,2026-07-13T07:40:33.858+00:00
https://orbisapi.com/proxy/language-complexity-api-a31045,orbisapi.com,base,other,,false,1.0000,62,92,6,96,2026-07-13T07:31:17.555+00:00
https://orbisapi.com/proxy/language-complexity-score-api-e33b42,orbisapi.com,base,other,,false,1.0000,60,92,6,96,2026-07-13T07:31:09.637+00:00
https://orbisapi.com/proxy/language-facts-api-c16f08,orbisapi.com,base;solana:5eykt4usfv8p8njdtrepy1vzqkqzkvdp,other,,false,1.0000,51,55,3,97,2026-07-17T06:15:04.093+00:00
https://orbisapi.com/proxy/language-formality-scorer-api-40d7fd,orbisapi.com,base,other,,false,1.0000,62,70,3,97,2026-07-14T06:22:50.613+00:00
https://orbisapi.com/proxy/language-fun-facts-1f4dc0,orbisapi.com,base;solana:5eykt4usfv8p8njdtrepy1vzqkqzkvdp,other,,false,1.0000,80,91,3,96,2026-07-16T06:37:08.905+00:00
https://orbisapi.com/proxy/language-learning-api-be55cc,orbisapi.com,base;solana:5eykt4usfv8p8njdtrepy1vzqkqzkvdp,other,,false,1.0000,43,48,3,97,2026-07-15T05:54:24.848+00:00
https://orbisapi.com/proxy/language-level-classifier-api-8f9ef6,orbisapi.com,base,other,,false,1.0000,31,34,3,97,2026-07-12T06:11:45.37+00:00
https://orbisapi.com/proxy/language-pair-check-e9751d,orbisapi.com,base,other,,false,1.0000,44,50,3,97,2026-07-15T05:54:25.067+00:00
https://orbisapi.com/proxy/lapidary-guide-106eed,orbisapi.com,base,other,,false,1.0000,79,125,3,96,2026-07-16T06:37:14.393+00:00
https://orbisapi.com/proxy/last-mile-cost-calculator-api-4db870,orbisapi.com,base,other,,false,1.0000,33,33,3,97,2026-07-12T06:11:41.593+00:00
https://orbisapi.com/proxy/latency-grade-calculator-api-084e93,orbisapi.com,base,other,,false,1.0000,31,33,3,97,2026-07-12T06:11:47.206+00:00
https://orbisapi.com/proxy/latin-dances-c67704,orbisapi.com,base,other,,false,1.0000,81,85,3,96,2026-07-16T06:37:13.194+00:00
https://orbisapi.com/proxy/latin-phrases-api-542bbb,orbisapi.com,base,other,,false,1.0000,52,55,3,97,2026-07-17T06:15:43.19+00:00
https://orbisapi.com/proxy/latin-roots-017967,orbisapi.com,base,other,,false,1.0000,81,82,3,97,2026-07-16T06:37:08.17+00:00
https://orbisapi.com/proxy/launch-window-calculator-api-315b89,orbisapi.com,base,other,,false,1.0000,30,33,3,97,2026-07-12T06:11:47.063+00:00
https://orbisapi.com/proxy/law-enforcement-terms-api-1159d0,orbisapi.com,base,other,,false,1.0000,85,87,3,96,2026-07-16T06:40:10.231+00:00
https://orbisapi.com/proxy/lawn-care-calculator-api-a01ebe,orbisapi.com,base,other,,false,1.0000,30,32,3,97,2026-07-12T06:11:45.228+00:00
https://orbisapi.com/proxy/layer-2-dev-path-api-658be3,orbisapi.com,base,other,,false,1.0000,61,82,3,96,2026-07-14T06:24:32.901+00:00
https://orbisapi.com/proxy/layer-2-guide-api-bd32c9,orbisapi.com,base,other,,false,1.0000,67,72,3,97,2026-07-14T06:26:23.634+00:00
https://orbisapi.com/proxy/layer-2-jobs-api-f5b78a,orbisapi.com,base,other,,false,1.0000,55,69,6,97,2026-07-15T05:48:49.521+00:00
https://orbisapi.com/proxy/layer2-bridge-risk-scorer-api-d70109,orbisapi.com,base,other,,false,1.0000,94,94,3,96,2026-07-13T07:34:02.324+00:00
https://orbisapi.com/proxy/layer2-bridge-risk-scorer-api-d70109/analyze,orbisapi.com,base;solana:5eykt4usfv8p8njdtrepy1vzqkqzkvdp,other,,false,1.0000,87,95,3,96,2026-07-16T06:37:58.688+00:00
https://orbisapi.com/proxy/layover-optimizer-api-0a07fb,orbisapi.com,base,other,,false,1.0000,60,90,6,96,2026-07-13T07:31:29.337+00:00
https://orbisapi.com/proxy/lazy-loading-guide-api-c68f28,orbisapi.com,base;solana:5eykt4usfv8p8njdtrepy1vzqkqzkvdp,other,,false,1.0000,90,92,3,96,2026-07-13T07:33:53.738+00:00
https://orbisapi.com/proxy/lcfs-score-calculator-api-f34c1b,orbisapi.com,base,other,,false,1.0000,63,68,3,97,2026-07-14T06:23:55.1+00:00
https://orbisapi.com/proxy/lcoe-calculator-api-c33a73,orbisapi.com,base,other,,false,1.0000,29,31,3,97,2026-07-12T06:11:43.035+00:00
https://orbisapi.com/proxy/lead-discovery-api-910c21,orbisapi.com,base;solana:5eykt4usfv8p8njdtrepy1vzqkqzkvdp,other,,false,1.0000,81,86,3,96,2026-07-16T06:38:52.871+00:00
https://orbisapi.com/proxy/lead-enrichment-api-1cbaf3/,orbisapi.com,base,other,,false,1.0000,50,51,3,97,2026-07-11T06:11:57.708+00:00
https://orbisapi.com/proxy/lead-exposure-calculator-api-502959/analyze,orbisapi.com,base;solana:5eykt4usfv8p8njdtrepy1vzqkqzkvdp,other,,false,1.0000,80,82,3,97,2026-07-16T06:38:57.218+00:00
https://orbisapi.com/proxy/lead-score-api-e982f1,orbisapi.com,base,other,,false,1.0000,46,52,3,97,2026-07-15T05:54:28.096+00:00
https://orbisapi.com/proxy/lead-scoring-api-94711b,orbisapi.com,base,other,,false,1.0000,90,93,3,96,2026-07-13T07:39:28.312+00:00
https://orbisapi.com/proxy/lead-time-estimate-12a0c9,orbisapi.com,base,other,,false,1.0000,51,52,3,97,2026-07-17T06:14:48.474+00:00
https://orbisapi.com/proxy/leaderboard-rank-api-9cc4a4,orbisapi.com,base,other,,false,1.0000,70,75,3,97,2026-07-14T06:22:47.131+00:00
https://orbisapi.com/proxy/leaked-credential-check-411ccb,orbisapi.com,base,other,,false,1.0000,44,46,3,97,2026-07-15T05:54:40.38+00:00
https://orbisapi.com/proxy/leaky-gut-score-api-60c83b,orbisapi.com,base,other,,false,1.0000,50,52,3,97,2026-07-11T06:16:00.379+00:00
https://orbisapi.com/proxy/leap-year-checker-api-ce5f06,orbisapi.com,base,other,,false,1.0000,49,52,3,97,2026-07-17T06:15:46.473+00:00
https://orbisapi.com/proxy/learning-path-planner-api-e6745f,orbisapi.com,base;solana:5eykt4usfv8p8njdtrepy1vzqkqzkvdp,other,,false,1.0000,80,80,3,97,2026-07-16T06:39:14.755+00:00
https://orbisapi.com/proxy/learning-path-score-api-536315,orbisapi.com,base,other,,false,1.0000,32,33,3,97,2026-07-12T06:11:39.577+00:00
https://orbisapi.com/proxy/learning-style-api-4df779,orbisapi.com,base,other,,false,1.0000,93,887,6,96,2026-07-13T07:31:22.421+00:00
https://orbisapi.com/proxy/learning-theories-35b62b,orbisapi.com,base;solana:5eykt4usfv8p8njdtrepy1vzqkqzkvdp,other,,false,1.0000,70,87,6,97,2026-07-17T06:11:51.957+00:00
https://orbisapi.com/proxy/learning-theories-88bca4,orbisapi.com,base;solana:5eykt4usfv8p8njdtrepy1vzqkqzkvdp,other,,false,1.0000,88,147,3,96,2026-07-16T06:37:09.365+00:00
https://orbisapi.com/proxy/lease-analyzer-api-9dd6b4,orbisapi.com,base,other,,false,1.0000,63,65,3,97,2026-07-14T06:19:17.582+00:00
https://orbisapi.com/proxy/lease-term-parser-api-18eb28,orbisapi.com,base,other,,false,1.0000,63,93,6,96,2026-07-13T07:31:25.897+00:00
https://orbisapi.com/proxy/lease-vs-buy-calculator-api-13e54b,orbisapi.com,base,other,,false,1.0000,66,70,3,97,2026-07-14T06:22:33.53+00:00
https://orbisapi.com/proxy/legal-citation-parser-api-44984c,orbisapi.com,base,other,,false,1.0000,60,91,6,96,2026-07-13T07:31:31.311+00:00
https://orbisapi.com/proxy/legal-citation-parser-api-5e4a82,orbisapi.com,base;solana:5eykt4usfv8p8njdtrepy1vzqkqzkvdp,other,,false,1.0000,76,82,3,97,2026-07-16T06:39:17.904+00:00
https://orbisapi.com/proxy/legal-clause-risk-scorer-api-95aef6,orbisapi.com,base,other,,false,1.0000,89,91,3,96,2026-07-13T07:39:27.161+00:00
https://orbisapi.com/proxy/legal-compliance-api-bb1117,orbisapi.com,base,other,,false,1.0000,85,133,3,96,2026-07-16T06:34:59.871+00:00
https://orbisapi.com/proxy/legal-document-analyzer-api-866d76,orbisapi.com,base;solana:5eykt4usfv8p8njdtrepy1vzqkqzkvdp,other,,false,1.0000,84,89,3,96,2026-07-16T06:39:27.202+00:00
https://orbisapi.com/proxy/legal-entity-type-api-fb492e,orbisapi.com,base,other,,false,1.0000,67,69,3,97,2026-07-14T06:22:53.889+00:00
https://orbisapi.com/proxy/legal-glossary-api-6ccc93,orbisapi.com,base,other,,false,1.0000,81,82,3,97,2026-07-16T06:34:52.591+00:00
https://orbisapi.com/proxy/legal-terms-api-d9d1cf,orbisapi.com,base;solana:5eykt4usfv8p8njdtrepy1vzqkqzkvdp,other,,false,1.0000,88,93,3,96,2026-07-16T06:40:32.56+00:00
https://orbisapi.com/proxy/length-converter-api-6f82ff,orbisapi.com,base,other,,false,1.0000,62,72,3,97,2026-07-14T06:25:57.341+00:00
https://orbisapi.com/proxy/levenshtein-distance-api-c27946,orbisapi.com,base;solana:5eykt4usfv8p8njdtrepy1vzqkqzkvdp,other,,false,1.0000,33,36,3,97,2026-07-12T06:12:07.584+00:00
https://orbisapi.com/proxy/lexile-score-estimator-api-0dfdca,orbisapi.com,base,other,,false,1.0000,70,72,3,97,2026-07-14T06:22:33.168+00:00
https://orbisapi.com/proxy/liability-cap-calculator-api-9922fd,orbisapi.com,base,other,,false,1.0000,51,52,3,97,2026-07-17T06:17:42.386+00:00
https://orbisapi.com/proxy/liability-risk-calculator-api-2fc09d,orbisapi.com,base,other,,false,1.0000,93,93,3,96,2026-07-13T07:36:36.443+00:00
https://orbisapi.com/proxy/license-checker-api-0787ec,orbisapi.com,base,other,,false,1.0000,66,69,3,97,2026-07-14T06:19:45.904+00:00
https://orbisapi.com/proxy/license-compatibility-guide-api-e422d7,orbisapi.com,base;solana:5eykt4usfv8p8njdtrepy1vzqkqzkvdp,other,,false,1.0000,42,43,3,97,2026-07-15T05:49:37.623+00:00
https://orbisapi.com/proxy/license-plate-parser-api-9c98bf,orbisapi.com,base;solana:5eykt4usfv8p8njdtrepy1vzqkqzkvdp,other,,false,1.0000,90,788,6,96,2026-07-13T07:31:20.007+00:00
https://orbisapi.com/proxy/life-advice-api-311f91,orbisapi.com,base;solana:5eykt4usfv8p8njdtrepy1vzqkqzkvdp,other,,false,1.0000,83,88,3,96,2026-07-16T06:41:08.466+00:00
https://orbisapi.com/proxy/life-area-balance-score-api-6d6f7d,orbisapi.com,base,other,,false,1.0000,30,34,3,97,2026-07-12T06:11:45.658+00:00
https://orbisapi.com/proxy/life-cycle-assessment-score-api-cb003c,orbisapi.com,base,other,,false,1.0000,71,71,3,97,2026-07-14T06:22:37.112+00:00
https://orbisapi.com/proxy/life-cycle-assessment-score-api-cb003c/info,orbisapi.com,base;solana:5eykt4usfv8p8njdtrepy1vzqkqzkvdp,other,,false,1.0000,83,91,3,96,2026-07-16T06:41:49.506+00:00
https://orbisapi.com/proxy/life-insurance-calculator-api-6acdbb,orbisapi.com,base,other,,false,1.0000,62,68,3,97,2026-07-14T06:24:33.901+00:00
https://orbisapi.com/proxy/life-insurance-needs-api-990662,orbisapi.com,base;solana:5eykt4usfv8p8njdtrepy1vzqkqzkvdp,other,,false,1.0000,92,106,3,96,2026-07-13T07:37:21.949+00:00
https://orbisapi.com/proxy/light-travel-time-calculator-api-9278ad,orbisapi.com,base,other,,false,1.0000,28,29,3,97,2026-07-12T06:11:43.869+00:00
https://orbisapi.com/proxy/light-year-converter-api-2dc4e3,orbisapi.com,base,other,,false,1.0000,48,52,3,97,2026-07-17T06:15:36.304+00:00
https://orbisapi.com/proxy/lighting-guide-9c2111,orbisapi.com,base;solana:5eykt4usfv8p8njdtrepy1vzqkqzkvdp,other,,false,1.0000,81,86,3,96,2026-07-16T06:37:22.448+00:00
https://orbisapi.com/proxy/lighting-lux-calculator-api-1b9bf0,orbisapi.com,base,other,,false,1.0000,28,28,3,98,2026-07-12T06:11:46.205+00:00
https://orbisapi.com/proxy/limitations-period-calculator-api-762a31,orbisapi.com,base,other,,false,1.0000,81,86,3,96,2026-07-16T06:35:42.167+00:00
https://orbisapi.com/proxy/limitations-period-calculator-api-762a31/,orbisapi.com,base;solana:5eykt4usfv8p8njdtrepy1vzqkqzkvdp,other,,false,1.0000,88,96,3,96,2026-07-16T06:42:35.193+00:00
https://orbisapi.com/proxy/linear-system-solver-api-9b1980,orbisapi.com,base;solana:5eykt4usfv8p8njdtrepy1vzqkqzkvdp,other,,false,1.0000,60,91,6,96,2026-07-13T07:31:16.285+00:00
https://orbisapi.com/proxy/linguistic-terms-037848,orbisapi.com,base;solana:5eykt4usfv8p8njdtrepy1vzqkqzkvdp,other,,false,1.0000,68,83,6,97,2026-07-17T06:11:19.849+00:00
https://orbisapi.com/proxy/link-analyzer-api-671cf0,orbisapi.com,base,other,,false,1.0000,49,50,3,97,2026-07-17T06:13:36.787+00:00
https://orbisapi.com/proxy/link-extractor-a715e6,orbisapi.com,base,other,,false,1.0000,42,43,3,97,2026-07-15T05:55:07.481+00:00
https://orbisapi.com/proxy/link-extractor-api-3942c2,orbisapi.com,base;solana:5eykt4usfv8p8njdtrepy1vzqkqzkvdp,other,,false,1.0000,82,96,3,96,2026-07-16T06:42:37.591+00:00
https://orbisapi.com/proxy/link-extractor-api-3c10b7,orbisapi.com,base;solana:5eykt4usfv8p8njdtrepy1vzqkqzkvdp,other,,false,1.0000,50,50,3,97,2026-07-17T06:13:37.847+00:00
https://orbisapi.com/proxy/link-preview-generator-api-97e3b6,orbisapi.com,base;solana:5eykt4usfv8p8njdtrepy1vzqkqzkvdp,other,,false,1.0000,48,50,3,97,2026-07-17T06:14:03.757+00:00
https://orbisapi.com/proxy/linkedin-company-data-api-3ab3b7,orbisapi.com,base,other,,false,1.0000,49,51,3,97,2026-07-17T06:17:45.896+00:00
https://orbisapi.com/proxy/linkedin-post-generator-api-9d9aa3,orbisapi.com,base,other,,false,1.0000,50,51,3,97,2026-07-17T06:16:27.658+00:00
https://orbisapi.com/proxy/linkedin-profile-data-api-7effb1,orbisapi.com,base,other,,false,1.0000,50,52,3,97,2026-07-17T06:17:33.629+00:00
https://orbisapi.com/proxy/linkedin-profile-data-api-7effb1/:endpoint,orbisapi.com,base,other,,false,1.0000,47,52,3,97,2026-07-11T06:17:46.377+00:00
https://orbisapi.com/proxy/linkedin-profile-data-api-7effb1/validate,orbisapi.com,base;solana:5eykt4usfv8p8njdtrepy1vzqkqzkvdp,other,,false,1.0000,48,50,3,97,2026-07-11T06:12:06.79+00:00
https://orbisapi.com/proxy/linux-commands-guide-api-639467,orbisapi.com,base;solana:5eykt4usfv8p8njdtrepy1vzqkqzkvdp,other,,false,1.0000,42,46,3,97,2026-07-15T05:49:55.784+00:00
https://orbisapi.com/proxy/linux-process-management-api-418b1d,orbisapi.com,base;solana:5eykt4usfv8p8njdtrepy1vzqkqzkvdp,other,,false,1.0000,40,42,3,97,2026-07-15T05:50:02.737+00:00
https://orbisapi.com/proxy/liquidation-price-calculator-api-5b0c97,orbisapi.com,base,other,,false,1.0000,84,91,3,96,2026-07-16T06:35:06.594+00:00
https://orbisapi.com/proxy/liquidation-risk-api-b0db18,orbisapi.com,base,other,,false,1.0000,90,93,3,96,2026-07-13T07:40:37.795+00:00
https://orbisapi.com/proxy/liquidation-risk-api-cb6fd0,orbisapi.com,base,other,,false,1.0000,49,50,3,97,2026-07-11T06:12:01.956+00:00
https://orbisapi.com/proxy/liquidity-pool-calculator-api-cfc247,orbisapi.com,base,other,,false,1.0000,71,76,3,97,2026-07-14T06:25:40.851+00:00
https://orbisapi.com/proxy/list-formatter-api-f5f496,orbisapi.com,base,other,,false,1.0000,81,83,3,97,2026-07-16T06:41:28.258+00:00
https://orbisapi.com/proxy/literary-awards-8152c1,orbisapi.com,base;solana:5eykt4usfv8p8njdtrepy1vzqkqzkvdp,other,,false,1.0000,78,79,3,97,2026-07-16T06:37:16.255+00:00
https://orbisapi.com/proxy/literary-devices-guide-ffc539,orbisapi.com,base;solana:5eykt4usfv8p8njdtrepy1vzqkqzkvdp,other,,false,1.0000,86,86,3,96,2026-07-16T06:37:17.024+00:00
https://orbisapi.com/proxy/literary-genres-315e9b,orbisapi.com,base;solana:5eykt4usfv8p8njdtrepy1vzqkqzkvdp,other,,false,1.0000,50,59,3,97,2026-07-17T06:15:19.566+00:00
https://orbisapi.com/proxy/literary-movements-3cd61f,orbisapi.com,base;solana:5eykt4usfv8p8njdtrepy1vzqkqzkvdp,other,,false,1.0000,79,81,3,97,2026-07-16T06:41:58.73+00:00
https://orbisapi.com/proxy/literature-cluster-api-0466f8,orbisapi.com,base;solana:5eykt4usfv8p8njdtrepy1vzqkqzkvdp,other,,false,0.5000,4046,8000,6,96,2026-07-13T07:31:05.787+00:00
https://orbisapi.com/proxy/litigation-risk-score-api-65c725,orbisapi.com,base,other,,false,1.0000,34,36,3,97,2026-07-12T06:11:41.743+00:00
https://orbisapi.com/proxy/livability-score-api-665ede,orbisapi.com,base,other,,false,1.0000,30,31,3,97,2026-07-12T06:11:43.613+00:00
https://orbisapi.com/proxy/live-chat-detector-api-f5bcc2,orbisapi.com,base,other,,false,1.0000,73,85,3,96,2026-07-14T06:22:42.003+00:00
https://orbisapi.com/proxy/llm-context-planner-api-4c6101,orbisapi.com,base,other,,false,1.0000,90,92,3,96,2026-07-13T07:40:35.932+00:00
https://orbisapi.com/proxy/llm-hallucination-scorer-api-41a46a,orbisapi.com,base,other,,false,1.0000,80,93,6,97,2026-07-14T06:18:09.874+00:00
https://orbisapi.com/proxy/llm-model-drift-performance-detector-api-a1e441,orbisapi.com,base;solana:5eykt4usfv8p8njdtrepy1vzqkqzkvdp,other,,false,1.0000,49,50,3,97,2026-07-17T06:16:31.396+00:00
https://orbisapi.com/proxy/llm-parameters-guide-api-c2f2e6,orbisapi.com,base;solana:5eykt4usfv8p8njdtrepy1vzqkqzkvdp,other,,false,1.0000,67,71,3,97,2026-07-14T06:20:49.738+00:00
https://orbisapi.com/proxy/llm-pricing-guide-api-455449,orbisapi.com,base,other,,false,1.0000,51,55,3,97,2026-07-17T06:17:52.945+00:00
https://orbisapi.com/proxy/load-balancer-score-api-5e406c,orbisapi.com,base,other,,false,1.0000,62,92,6,96,2026-07-13T07:31:18.526+00:00
https://orbisapi.com/proxy/load-factor-calculator-api-f896df,orbisapi.com,base,other,,false,1.0000,30,30,3,97,2026-07-12T06:11:41.884+00:00
https://orbisapi.com/proxy/load-planning-score-api-c37fa6,orbisapi.com,base,other,,false,1.0000,64,67,3,97,2026-07-14T06:23:51.081+00:00
https://orbisapi.com/proxy/load-test-scenario-api-764809,orbisapi.com,base,other,,false,1.0000,89,92,3,96,2026-07-13T07:39:44.669+00:00
https://orbisapi.com/proxy/load-testing-estimator-api-4390fc,orbisapi.com,base,other,,false,1.0000,91,92,3,96,2026-07-13T07:35:42.573+00:00
https://orbisapi.com/proxy/loan-calculator-api-a28203,orbisapi.com,base,other,,false,1.0000,82,93,6,97,2026-07-14T06:18:45.035+00:00
https://orbisapi.com/proxy/loan-calculator-api-bb443f,orbisapi.com,base,other,,false,1.0000,48,54,3,97,2026-07-17T06:16:48.773+00:00
https://orbisapi.com/proxy/loan-calculator-api-db6e56,orbisapi.com,base,other,,false,1.0000,47,50,3,97,2026-07-17T06:13:55.513+00:00
https://orbisapi.com/proxy/loan-comparison-api-a6f8f3,orbisapi.com,base,other,,false,1.0000,91,92,3,96,2026-07-13T07:39:40.533+00:00
https://orbisapi.com/proxy/loan-comparison-api-b65be9,orbisapi.com,base,other,,false,1.0000,75,84,3,96,2026-07-14T06:25:12.575+00:00
https://orbisapi.com/proxy/loan-payment-api-f32f9a,orbisapi.com,base,other,,false,1.0000,43,45,3,97,2026-07-15T05:49:00.861+00:00
https://orbisapi.com/proxy/loan-payment-calculator-api-046dee,orbisapi.com,base,other,,false,1.0000,73,81,3,96,2026-07-14T06:22:48.951+00:00
https://orbisapi.com/proxy/local-restaurant-discovery-api-82ebde,orbisapi.com,base,other,,false,1.0000,52,53,3,97,2026-07-11T06:12:46.362+00:00
https://orbisapi.com/proxy/locale-address-formatter-api-938d82,orbisapi.com,base,other,,false,1.0000,62,64,3,97,2026-07-14T06:22:15.416+00:00
https://orbisapi.com/proxy/locale-currency-formatter-api-de3806,orbisapi.com,base,other,,false,1.0000,64,66,3,97,2026-07-14T06:22:39.367+00:00
https://orbisapi.com/proxy/locale-currency-symbol-api-4c1f77,orbisapi.com,base,other,,false,1.0000,66,67,3,97,2026-07-14T06:22:53.569+00:00
https://orbisapi.com/proxy/locale-date-formatter-api-2dd510,orbisapi.com,base,other,,false,1.0000,63,64,3,97,2026-07-14T06:22:49.617+00:00
https://orbisapi.com/proxy/locale-date-order-api-4a5d47,orbisapi.com,base;solana:5eykt4usfv8p8njdtrepy1vzqkqzkvdp,other,,false,1.0000,65,66,3,97,2026-07-14T06:22:50.278+00:00
https://orbisapi.com/proxy/locale-detector-api-356f80,orbisapi.com,base,other,,false,1.0000,62,99,6,96,2026-07-13T07:31:26.367+00:00
https://orbisapi.com/proxy/locale-first-day-of-week-api-53eeb3,orbisapi.com,base;solana:5eykt4usfv8p8njdtrepy1vzqkqzkvdp,other,,false,1.0000,65,70,3,97,2026-07-14T06:22:43.35+00:00
https://orbisapi.com/proxy/locale-language-name-api-f21ab1,orbisapi.com,base;solana:5eykt4usfv8p8njdtrepy1vzqkqzkvdp,other,,false,1.0000,75,78,3,96,2026-07-14T06:22:34.24+00:00
https://orbisapi.com/proxy/locale-name-formatter-api-0e1428,orbisapi.com,base;solana:5eykt4usfv8p8njdtrepy1vzqkqzkvdp,other,,false,1.0000,66,93,3,96,2026-07-14T06:22:36.44+00:00
https://orbisapi.com/proxy/locale-number-formatter-api-c4b321,orbisapi.com,base;solana:5eykt4usfv8p8njdtrepy1vzqkqzkvdp,other,,false,1.0000,64,64,3,97,2026-07-14T06:22:42.66+00:00
https://orbisapi.com/proxy/locale-paper-size-api-c13af2,orbisapi.com,base;solana:5eykt4usfv8p8njdtrepy1vzqkqzkvdp,other,,false,1.0000,68,70,3,97,2026-07-14T06:22:44.935+00:00
https://orbisapi.com/proxy/locale-plural-form-api-b19d99,orbisapi.com,base;solana:5eykt4usfv8p8njdtrepy1vzqkqzkvdp,other,,false,1.0000,68,82,3,96,2026-07-14T06:22:34.949+00:00
https://orbisapi.com/proxy/locale-rtl-check-api-01e4b9,orbisapi.com,base,other,,false,1.0000,65,67,3,97,2026-07-14T06:22:43.673+00:00
https://orbisapi.com/proxy/locale-sort-order-api-8a6f96,orbisapi.com,base,other,,false,1.0000,59,74,3,97,2026-07-14T06:22:38.695+00:00
https://orbisapi.com/proxy/locale-thousand-separator-api-e59886,orbisapi.com,base,other,,false,1.0000,72,73,3,97,2026-07-14T06:22:53.228+00:00
https://orbisapi.com/proxy/locale-unit-formatter-api-5bd944,orbisapi.com,base,other,,false,1.0000,59,76,3,97,2026-07-14T06:22:41.64+00:00
https://orbisapi.com/proxy/location-boundary-check-api-f9ffc2,orbisapi.com,base,other,,false,1.0000,65,68,3,97,2026-07-14T06:22:40.541+00:00
https://orbisapi.com/proxy/location-extract-1dcef3,orbisapi.com,base,other,,false,1.0000,44,45,3,97,2026-07-15T05:54:41.957+00:00
https://orbisapi.com/proxy/log-level-classifier-api-74f110,orbisapi.com,base,other,,false,1.0000,59,90,6,96,2026-07-13T07:31:26.837+00:00
https://orbisapi.com/proxy/log-pattern-extractor-api-bf4176,orbisapi.com,base,other,,false,1.0000,88,92,3,96,2026-07-13T07:39:46.965+00:00
https://orbisapi.com/proxy/logging-guide-api-d50147,orbisapi.com,base;solana:5eykt4usfv8p8njdtrepy1vzqkqzkvdp,other,,false,1.0000,46,51,3,97,2026-07-15T05:49:36.589+00:00
https://orbisapi.com/proxy/logical-fallacies-guide-32bd9b,orbisapi.com,base;solana:5eykt4usfv8p8njdtrepy1vzqkqzkvdp,other,,false,1.0000,85,87,3,96,2026-07-16T06:37:09.759+00:00
https://orbisapi.com/proxy/long-term-care-api-5b9071,orbisapi.com,base,other,,false,1.0000,64,66,3,97,2026-07-14T06:24:42.486+00:00
https://orbisapi.com/proxy/longevity-score-api-b653f0,orbisapi.com,base,other,,false,1.0000,31,32,3,97,2026-07-12T06:11:06.762+00:00
https://orbisapi.com/proxy/loopback-ip-checker-api-5c74ad,orbisapi.com,base,other,,false,1.0000,40,50,6,97,2026-07-12T06:09:40.705+00:00
https://orbisapi.com/proxy/loot-drop-calculator-api-f8faa1,orbisapi.com,base,other,,false,1.0000,66,93,6,96,2026-07-13T07:31:10.857+00:00
https://orbisapi.com/proxy/lorem-ipsum-generator-api-4f07f4,orbisapi.com,base,other,,false,1.0000,50,50,3,97,2026-07-17T06:14:24.845+00:00
https://orbisapi.com/proxy/lorem-ipsum-generator-api-9bb6a2,orbisapi.com,base,other,,false,1.0000,47,50,3,97,2026-07-11T06:17:26.24+00:00
https://orbisapi.com/proxy/loss-mitigation-score-api-c257ae,orbisapi.com,base,other,,false,1.0000,49,52,3,97,2026-07-11T06:16:21.473+00:00
https://orbisapi.com/proxy/loss-ratio-analyzer-api-082244,orbisapi.com,base,other,,false,1.0000,89,94,3,96,2026-07-13T07:37:37.226+00:00
https://orbisapi.com/proxy/loss-ratio-analyzer-api-082244/lookup,orbisapi.com,base;solana:5eykt4usfv8p8njdtrepy1vzqkqzkvdp,other,,false,1.0000,47,52,3,97,2026-07-15T05:49:24.072+00:00
https://orbisapi.com/proxy/loss-ratio-calculator-api-1f54f7,orbisapi.com,base;solana:5eykt4usfv8p8njdtrepy1vzqkqzkvdp,other,,false,1.0000,79,94,6,96,2026-07-13T07:31:11.95+00:00
https://orbisapi.com/proxy/loyalty-point-calculator-api-c0e7c2,orbisapi.com,base,other,,false,1.0000,60,91,6,96,2026-07-13T07:31:27.317+00:00
https://orbisapi.com/proxy/loyalty-points-optimizer-api-9ae99b,orbisapi.com,base,other,,false,1.0000,90,90,3,96,2026-07-13T07:37:41.773+00:00
https://orbisapi.com/proxy/loyalty-program-calculator-api-a87cd0,orbisapi.com,base,other,,false,1.0000,85,90,6,96,2026-07-14T06:18:29.963+00:00
https://orbisapi.com/proxy/loyalty-program-designer-api-f28f37,orbisapi.com,base,other,,false,1.0000,92,93,3,96,2026-07-13T07:37:44.119+00:00
https://orbisapi.com/proxy/loyalty-program-roi-calculator-api-7ac035,orbisapi.com,base,other,,false,1.0000,91,93,3,96,2026-07-13T07:36:14.973+00:00
https://orbisapi.com/proxy/loyalty-program-score-api-cdb520,orbisapi.com,base,other,,false,1.0000,49,50,3,97,2026-07-11T06:15:59.167+00:00
https://orbisapi.com/proxy/lp-fee-calculator-api-048137,orbisapi.com,base,other,,false,1.0000,70,80,3,96,2026-07-14T06:25:47.039+00:00
https://orbisapi.com/proxy/ltv-cac-calculator-api-04cf14,orbisapi.com,base,other,,false,1.0000,69,71,3,97,2026-07-14T06:19:16.916+00:00
https://orbisapi.com/proxy/ltv-cac-calculator-api-081dbf,orbisapi.com,base,other,,false,1.0000,61,65,3,97,2026-07-14T06:25:06.289+00:00
https://orbisapi.com/proxy/ltv-cac-ratio-calculator-api-889d8f,orbisapi.com,base,other,,false,1.0000,49,50,3,97,2026-07-17T06:18:41.959+00:00
https://orbisapi.com/proxy/ltv-calculator-api-ab4495,orbisapi.com,base,other,,false,1.0000,49,51,3,97,2026-07-17T06:18:29.334+00:00
https://orbisapi.com/proxy/ltv-ratio-calculator-api-90dff8,orbisapi.com,base,other,,false,1.0000,48,48,3,97,2026-07-11T06:16:13.028+00:00
https://orbisapi.com/proxy/luhn-calculator-api-fc0a0a,orbisapi.com,base,other,,false,1.0000,68,73,3,97,2026-07-14T06:22:34.577+00:00
https://orbisapi.com/proxy/luhn-checksum-api-1f8969,orbisapi.com,base,other,,false,1.0000,90,91,3,96,2026-07-13T07:32:29.608+00:00
https://orbisapi.com/proxy/lunar-gravity-calculator-api-c69ced,orbisapi.com,base,other,,false,1.0000,32,36,3,97,2026-07-12T06:11:07.235+00:00
https://orbisapi.com/proxy/lymphatic-system-5c15ba,orbisapi.com,base;solana:5eykt4usfv8p8njdtrepy1vzqkqzkvdp,other,,false,1.0000,88,89,3,96,2026-07-16T06:37:22.845+00:00
https://orbisapi.com/proxy/lyric-structure-api-39d3a8,orbisapi.com,base,other,,false,1.0000,61,93,6,96,2026-07-13T07:31:20.523+00:00
https://orbisapi.com/proxy/mac-address-lookup-api-530d8d,orbisapi.com,base,other,,false,1.0000,48,49,3,97,2026-07-17T06:17:25.384+00:00
https://orbisapi.com/proxy/macro-split-calculator-api-64183a,orbisapi.com,base;solana:5eykt4usfv8p8njdtrepy1vzqkqzkvdp,other,,false,1.0000,90,1249,6,96,2026-07-13T07:31:07.553+00:00
https://orbisapi.com/proxy/macronutrient-calculator-api-8defba,orbisapi.com,base;solana:5eykt4usfv8p8njdtrepy1vzqkqzkvdp,other,,false,1.0000,66,77,3,97,2026-07-14T06:22:45.295+00:00
https://orbisapi.com/proxy/macronutrient-calculator-api-f2efe8,orbisapi.com,base,other,,false,1.0000,50,52,3,97,2026-07-17T06:15:46.936+00:00
https://orbisapi.com/proxy/magic-8-ball-api-6458e0,orbisapi.com,base,other,,false,1.0000,50,51,3,97,2026-07-17T06:15:50.679+00:00
https://orbisapi.com/proxy/magic-bytes-check-0bcf32,orbisapi.com,base,other,,false,1.0000,42,47,3,97,2026-07-15T05:54:28.916+00:00
https://orbisapi.com/proxy/magic-number-calculator-api-ac6cd1,orbisapi.com,base,other,,false,1.0000,51,53,3,97,2026-07-17T06:17:56.076+00:00
https://orbisapi.com/proxy/magic-number-calculator-api-c1554c,orbisapi.com,base,other,,false,1.0000,90,100,3,96,2026-07-13T07:38:16.854+00:00
https://orbisapi.com/proxy/magic-tricks-guide-4efd17,orbisapi.com,base;solana:5eykt4usfv8p8njdtrepy1vzqkqzkvdp,other,,false,1.0000,86,92,6,96,2026-07-17T06:11:19.338+00:00
https://orbisapi.com/proxy/magical-realism-8d68fe,orbisapi.com,base;solana:5eykt4usfv8p8njdtrepy1vzqkqzkvdp,other,,false,1.0000,81,115,3,96,2026-07-16T06:37:07.08+00:00
https://orbisapi.com/proxy/magnetic-survey-interpreter-api-609c60/analyze,orbisapi.com,base;solana:5eykt4usfv8p8njdtrepy1vzqkqzkvdp,other,,false,1.0000,53,54,3,97,2026-07-17T06:14:38.676+00:00
https://orbisapi.com/proxy/maintenance-request-score-api-be102f,orbisapi.com,base,other,,false,1.0000,48,48,3,97,2026-07-11T06:16:21.695+00:00
https://orbisapi.com/proxy/maintenance-score-api-b054d9,orbisapi.com,base,other,,false,1.0000,60,89,6,96,2026-07-13T07:31:18.023+00:00
https://orbisapi.com/proxy/major-religions-guide-506264,orbisapi.com,base,other,,false,1.0000,66,91,6,97,2026-07-17T06:11:22.3+00:00
https://orbisapi.com/proxy/make-vs-buy-calculator-api-679c43,orbisapi.com,base,other,,false,1.0000,65,68,3,97,2026-07-14T06:22:49.935+00:00
https://orbisapi.com/proxy/malware-hash-check-bf9ef1,orbisapi.com,base,other,,false,1.0000,45,50,3,97,2026-07-15T05:55:07.912+00:00
https://orbisapi.com/proxy/mammal-facts-dad334,orbisapi.com,base;solana:5eykt4usfv8p8njdtrepy1vzqkqzkvdp,other,,false,1.0000,66,97,6,97,2026-07-17T06:11:24.679+00:00
https://orbisapi.com/proxy/manager-effectiveness-score-api-44d80a,orbisapi.com,base,other,,false,1.0000,49,53,3,97,2026-07-11T06:16:00.612+00:00
https://orbisapi.com/proxy/mangrove-ecosystems-50b08f,orbisapi.com,base;solana:5eykt4usfv8p8njdtrepy1vzqkqzkvdp,other,,false,1.0000,78,84,3,96,2026-07-16T06:37:12.465+00:00
https://orbisapi.com/proxy/map-control-score-api-805ab0,orbisapi.com,base,other,,false,1.0000,29,31,3,97,2026-07-12T06:12:47.491+00:00
https://orbisapi.com/proxy/map-pricing-checker-api-cc4f66,orbisapi.com,base,other,,false,1.0000,50,53,3,97,2026-07-17T06:18:35.621+00:00
https://orbisapi.com/proxy/map-route-api-3369d2,orbisapi.com,base;solana:5eykt4usfv8p8njdtrepy1vzqkqzkvdp,other,,false,1.0000,44,47,3,97,2026-07-15T05:54:42.745+00:00
https://orbisapi.com/proxy/map-tile-calculator-api-286e11,orbisapi.com,base;solana:5eykt4usfv8p8njdtrepy1vzqkqzkvdp,other,,false,1.0000,67,93,6,96,2026-07-13T07:31:27.788+00:00
https://orbisapi.com/proxy/margin-analyzer-api-d84d4d,orbisapi.com,base,other,,false,1.0000,69,71,3,97,2026-07-14T06:24:49.228+00:00
https://orbisapi.com/proxy/margin-calculator-api-317652,orbisapi.com,base,other,,false,1.0000,60,91,6,96,2026-07-13T07:31:24.475+00:00
https://orbisapi.com/proxy/marine-biomass-calculator-api-1eefe9,orbisapi.com,base,other,,false,1.0000,48,49,3,97,2026-07-11T06:16:24.14+00:00
https://orbisapi.com/proxy/marine-pollution-impact-score-api-0872fe,orbisapi.com,base,other,,false,1.0000,50,51,3,97,2026-07-11T06:15:00.516+00:00
https://orbisapi.com/proxy/marine-structure-score-api-17c2cf,orbisapi.com,base,other,,false,1.0000,50,53,3,97,2026-07-11T06:16:22.427+00:00
https://orbisapi.com/proxy/marine-weather-score-api-e1afea,orbisapi.com,base,other,,false,1.0000,78,85,3,96,2026-07-16T06:35:01.783+00:00
https://orbisapi.com/proxy/markdown-cheatsheet-api-1c18a1,orbisapi.com,base,other,,false,1.0000,43,48,3,97,2026-07-15T05:50:35.285+00:00
https://orbisapi.com/proxy/markdown-code-blocks-api-041e75,orbisapi.com,base,other,,false,1.0000,43,44,3,97,2026-07-15T05:50:37.729+00:00
https://orbisapi.com/proxy/markdown-flavors-api-d3e16c,orbisapi.com,base,other,,false,1.0000,42,44,3,97,2026-07-15T05:50:38.305+00:00
https://orbisapi.com/proxy/markdown-formatter-api-15c3f3,orbisapi.com,base,other,,false,1.0000,52,53,3,97,2026-07-17T06:14:12.298+00:00
https://orbisapi.com/proxy/markdown-frontmatter-api-cdfeec,orbisapi.com,base,other,,false,1.0000,45,46,3,97,2026-07-15T05:50:26.039+00:00
https://orbisapi.com/proxy/markdown-link-extractor-api-6a9987,orbisapi.com,base,other,,false,1.0000,67,88,6,97,2026-07-17T06:12:30.358+00:00
https://orbisapi.com/proxy/markdown-links-extractor-api-3d4d0f,orbisapi.com,base,other,,false,1.0000,44,45,3,97,2026-07-15T05:50:28.766+00:00
https://orbisapi.com/proxy/markdown-optimizer-api-df2177,orbisapi.com,base,other,,false,1.0000,60,90,6,96,2026-07-13T07:31:21.96+00:00
https://orbisapi.com/proxy/markdown-table-parser-api-ac328a,orbisapi.com,base,other,,false,1.0000,71,91,3,96,2026-07-14T06:22:41.321+00:00
https://orbisapi.com/proxy/markdown-tables-guide-api-37966b,orbisapi.com,base,other,,false,1.0000,44,53,3,97,2026-07-15T05:50:41.198+00:00
https://orbisapi.com/proxy/markdown-to-html-api-004e6a,orbisapi.com,base,other,,false,1.0000,47,48,3,97,2026-07-17T06:16:48.152+00:00
https://orbisapi.com/proxy/markdown-to-html-api-4ee8de,orbisapi.com,base,other,,false,1.0000,68,86,6,97,2026-07-17T06:12:34.366+00:00
https://orbisapi.com/proxy/markdown-to-html-guide-api-eab297,orbisapi.com,base;solana:5eykt4usfv8p8njdtrepy1vzqkqzkvdp,other,,false,1.0000,42,44,3,97,2026-07-15T05:50:36.946+00:00
https://orbisapi.com/proxy/market-attractiveness-scorer-api-7a4be1,orbisapi.com,base,other,,false,1.0000,92,95,3,96,2026-07-13T07:38:27.297+00:00
https://orbisapi.com/proxy/market-cap-calculator-api-39eeb5,orbisapi.com,base,other,,false,1.0000,69,82,3,96,2026-07-14T06:26:28.133+00:00
https://orbisapi.com/proxy/market-cap-guide-api-5a08b0,orbisapi.com,base,other,,false,1.0000,88,98,3,96,2026-07-16T06:35:40.144+00:00
https://orbisapi.com/proxy/market-failures-b19d29,orbisapi.com,base,other,,false,1.0000,80,85,3,96,2026-07-16T06:37:05.687+00:00
https://orbisapi.com/proxy/market-positioning-api-fa5857,orbisapi.com,base,other,,false,1.0000,49,52,3,97,2026-07-17T06:18:04.507+00:00
https://orbisapi.com/proxy/market-signals-api-f26681,orbisapi.com,base,other,,false,1.0000,47,49,3,97,2026-07-17T06:13:24.298+00:00
https://orbisapi.com/proxy/market-signals-api-f26681/:endpoint,orbisapi.com,base,other,,false,1.0000,47,51,3,97,2026-07-11T06:17:52.902+00:00
https://orbisapi.com/proxy/market-size-calculator-api-84919d,orbisapi.com,base,other,,false,1.0000,58,66,3,97,2026-07-14T06:24:55.059+00:00
https://orbisapi.com/proxy/market-size-calculator-api-b03fd9,orbisapi.com,base,other,,false,1.0000,61,92,6,96,2026-07-13T07:31:17.023+00:00
https://orbisapi.com/proxy/market-stress-api-dd2a31,orbisapi.com,base;solana:5eykt4usfv8p8njdtrepy1vzqkqzkvdp,other,,false,1.0000,48,49,3,97,2026-07-11T06:13:11.719+00:00
https://orbisapi.com/proxy/marketing-mix-advisor-api-f7eb29,orbisapi.com,base,other,,false,1.0000,66,83,6,97,2026-07-17T06:12:27.57+00:00
https://orbisapi.com/proxy/marketing-terms-api-78ba03,orbisapi.com,base,other,,false,1.0000,80,87,3,96,2026-07-16T06:40:53.714+00:00
https://orbisapi.com/proxy/marketplace-fee-calculator-api-7375d0,orbisapi.com,base,other,,false,1.0000,79,93,6,97,2026-07-14T06:18:19.213+00:00
https://orbisapi.com/proxy/marketplace-fee-calculator-api-d8b60d,orbisapi.com,base,other,,false,1.0000,92,94,3,96,2026-07-13T07:37:49.153+00:00
https://orbisapi.com/proxy/marketplace-listing-scorer-api-4bb96d,orbisapi.com,base,other,,false,1.0000,88,91,3,96,2026-07-13T07:36:18.009+00:00
https://orbisapi.com/proxy/markup-calculator-api-df0d32,orbisapi.com,base,other,,false,1.0000,50,53,3,97,2026-07-17T06:18:28.627+00:00
https://orbisapi.com/proxy/mars-launch-window-calculator-api-bd077c,orbisapi.com,base,other,,false,1.0000,47,49,3,97,2026-07-11T06:16:13.71+00:00
https://orbisapi.com/proxy/martial-arts-styles-api-bc42e8,orbisapi.com,base;solana:5eykt4usfv8p8njdtrepy1vzqkqzkvdp,other,,false,1.0000,47,47,3,97,2026-07-17T06:15:20.253+00:00
https://orbisapi.com/proxy/mass-casualty-triage-score-api-c00357,orbisapi.com,base,other,,false,1.0000,46,48,3,97,2026-07-11T06:16:16.702+00:00
https://orbisapi.com/proxy/master-franchise-calculator-api-67bd90,orbisapi.com,base,other,,false,1.0000,46,47,3,97,2026-07-11T06:15:59.68+00:00
https://orbisapi.com/proxy/match-result-api-b74dd8,orbisapi.com,base,other,,false,1.0000,44,46,3,97,2026-07-15T05:54:41.574+00:00
https://orbisapi.com/proxy/matchmaking-score-api-fbe46c,orbisapi.com,base,other,,false,1.0000,87,1302,6,96,2026-07-13T07:31:30.306+00:00
https://orbisapi.com/proxy/mate-choice-score-api-cb4555,orbisapi.com,base,other,,false,1.0000,49,52,3,97,2026-07-11T06:16:00.877+00:00
https://orbisapi.com/proxy/material-fingerprint-similarity-api-4fdcd8,orbisapi.com,base,other,,false,1.0000,47,52,3,97,2026-07-11T06:17:23.976+00:00
https://orbisapi.com/proxy/material-finish-classifier-api-eb2e1c,orbisapi.com,base,other,,false,1.0000,86,99,3,96,2026-07-16T06:34:55.273+00:00
https://orbisapi.com/proxy/material-passport-score-api-c23dcd,orbisapi.com,base,other,,false,1.0000,48,53,3,97,2026-07-11T06:16:19.503+00:00
https://orbisapi.com/proxy/material-strength-api-d67cd7,orbisapi.com,base,other,,false,1.0000,60,89,6,96,2026-07-13T07:31:10.227+00:00
https://orbisapi.com/proxy/math-expression-eval-ae9e40,orbisapi.com,base,other,,false,1.0000,49,50,3,97,2026-07-15T05:54:25.836+00:00
https://orbisapi.com/proxy/math-problem-solver-api-e132a0,orbisapi.com,base,other,,false,1.0000,88,101,3,96,2026-07-16T06:40:00.58+00:00
https://orbisapi.com/proxy/math-statistics-api-da2f9b,orbisapi.com,base,other,,false,1.0000,49,52,3,97,2026-07-17T06:13:36.541+00:00
https://orbisapi.com/proxy/math-utils-api-0f83b6,orbisapi.com,base,other,,false,1.0000,63,70,3,97,2026-07-14T06:20:09.594+00:00
https://orbisapi.com/proxy/mathematical-proofs-5894ce,orbisapi.com,base,other,,false,1.0000,89,97,3,96,2026-07-16T06:41:59.92+00:00
https://orbisapi.com/proxy/matrix-decomposition-api-9db448,orbisapi.com,base,other,,false,1.0000,93,95,3,96,2026-07-13T07:35:44.145+00:00
https://orbisapi.com/proxy/maverick-spend-score-api-99fb73,orbisapi.com,base,other,,false,1.0000,47,47,3,97,2026-07-11T06:16:25.406+00:00
https://orbisapi.com/proxy/max-drawdown-calculator-api-a9b0ea,orbisapi.com,base,other,,false,1.0000,47,49,3,97,2026-07-11T06:16:21.963+00:00
https://orbisapi.com/proxy/mcp-server-quality-corpus-api-32d030,orbisapi.com,base,other,,false,1.0000,49,54,3,97,2026-07-11T06:13:15.803+00:00
https://orbisapi.com/proxy/md5-hash-info-api-8becd6,orbisapi.com,base,other,,false,1.0000,38,49,6,97,2026-07-12T06:09:45.64+00:00
https://orbisapi.com/proxy/mdx-guide-api-0b007d,orbisapi.com,base,other,,false,1.0000,41,42,3,97,2026-07-15T05:50:28.535+00:00
https://orbisapi.com/proxy/meal-balance-score-api-2ab044,orbisapi.com,base,other,,false,1.0000,92,99,3,96,2026-07-13T07:35:50.964+00:00
https://orbisapi.com/proxy/meal-balance-score-api-2ab044/validate,orbisapi.com,base;solana:5eykt4usfv8p8njdtrepy1vzqkqzkvdp,other,,false,1.0000,43,57,3,97,2026-07-15T05:51:02.577+00:00
https://orbisapi.com/proxy/meal-plan-generator-api-d81a1a,orbisapi.com,base,other,,false,1.0000,88,89,3,96,2026-07-13T07:37:48.593+00:00
https://orbisapi.com/proxy/measurement-error-calculator-api-3f4ee5,orbisapi.com,base,other,,false,1.0000,42,44,3,97,2026-07-15T05:51:14.829+00:00
https://orbisapi.com/proxy/mechanical-royalty-calculator-api-5415bc,orbisapi.com,base,other,,false,1.0000,30,31,3,97,2026-07-12T06:11:32.278+00:00
https://orbisapi.com/proxy/meddic-qualifier-api-bd3fe7,orbisapi.com,base,other,,false,1.0000,88,93,3,96,2026-07-13T07:35:13.727+00:00
https://orbisapi.com/proxy/media-format-checker-api-3b6ce5,orbisapi.com,base,other,,false,1.0000,87,96,3,96,2026-07-13T07:35:39.591+00:00
https://orbisapi.com/proxy/median-income-lookup-api-df28d3,orbisapi.com,base,other,,false,1.0000,91,93,3,96,2026-07-13T07:35:28.742+00:00
https://orbisapi.com/proxy/medical-abbreviations-api-c5bf92,orbisapi.com,base,other,,false,1.0000,49,54,3,97,2026-07-17T06:16:40.892+00:00
https://orbisapi.com/proxy/medical-abbreviations-de3df0,orbisapi.com,base,other,,false,1.0000,42,49,3,97,2026-07-15T05:54:38.587+00:00
https://orbisapi.com/proxy/medical-bill-review-api-81be16,orbisapi.com,base,other,,false,1.0000,31,31,3,97,2026-07-12T06:11:31.577+00:00
https://orbisapi.com/proxy/medical-ethics-26b3c2,orbisapi.com,base,other,,false,1.0000,80,81,3,97,2026-07-16T06:37:12.084+00:00
https://orbisapi.com/proxy/medical-term-explain-2503e1,orbisapi.com,base,other,,false,1.0000,44,48,3,97,2026-07-15T05:54:37.743+00:00
https://orbisapi.com/proxy/medicare-guide-api-4555fd,orbisapi.com,base,other,,false,1.0000,49,50,3,97,2026-07-17T06:18:21.209+00:00
https://orbisapi.com/proxy/medication-adherence-reminder-planner-api-469423,orbisapi.com,base,other,,false,1.0000,46,48,3,97,2026-07-11T06:13:01.053+00:00
https://orbisapi.com/proxy/medication-dosage-2964ad,orbisapi.com,base,other,,false,1.0000,43,45,3,97,2026-07-15T05:55:08.701+00:00
https://orbisapi.com/proxy/medication-reminder-planner-api-d68c65,orbisapi.com,base;solana:5eykt4usfv8p8njdtrepy1vzqkqzkvdp,other,,false,1.0000,90,91,3,96,2026-07-13T07:36:52.804+00:00
https://orbisapi.com/proxy/medieval-history-cc6e3b,orbisapi.com,base;solana:5eykt4usfv8p8njdtrepy1vzqkqzkvdp,other,,false,1.0000,68,90,6,97,2026-07-17T06:11:21.806+00:00
https://orbisapi.com/proxy/medieval-monarchs-05dbc0,orbisapi.com,base,other,,false,1.0000,82,89,3,96,2026-07-16T06:37:10.93+00:00
https://orbisapi.com/proxy/medieval-trade-026e47,orbisapi.com,base,other,,false,1.0000,84,94,3,96,2026-07-16T06:37:13.978+00:00
https://orbisapi.com/proxy/meditation-guide-api-bb2e8d,orbisapi.com,base,other,,false,1.0000,49,51,3,97,2026-07-17T06:14:54.511+00:00
https://orbisapi.com/proxy/meeting-agenda-optimizer-api-f72345,orbisapi.com,base,other,,false,1.0000,89,92,3,96,2026-07-13T07:39:08.773+00:00
https://orbisapi.com/proxy/meeting-notes-api-57f89c,orbisapi.com,base,other,,false,1.0000,88,89,3,96,2026-07-13T07:36:26.037+00:00
https://orbisapi.com/proxy/meeting-notes-extract-59a0e0,orbisapi.com,base,other,,false,1.0000,44,44,3,97,2026-07-15T05:54:42.545+00:00
https://orbisapi.com/proxy/meme-generator-api-20b5f4,orbisapi.com,base,other,,false,1.0000,50,51,3,97,2026-07-17T06:16:46.166+00:00
https://orbisapi.com/proxy/memory-compression-api-475ef7,orbisapi.com,base,other,,false,1.0000,49,53,3,97,2026-07-15T05:49:13.789+00:00
https://orbisapi.com/proxy/memory-footprint-calculator-api-82cad7,orbisapi.com,base,other,,false,1.0000,46,52,3,97,2026-07-11T06:16:20.671+00:00
https://orbisapi.com/proxy/memory-management-api-9943d7,orbisapi.com,base,other,,false,1.0000,42,46,3,97,2026-07-15T05:49:14.709+00:00
https://orbisapi.com/proxy/memory-management-guide-api-74a206,orbisapi.com,base,other,,false,1.0000,70,70,3,97,2026-07-14T06:20:33.849+00:00
https://orbisapi.com/proxy/memory-optimizer-api-ed7cea,orbisapi.com,base,other,,false,1.0000,41,42,3,97,2026-07-15T05:49:15.579+00:00
https://orbisapi.com/proxy/memory-science-57dc7d,orbisapi.com,base;solana:5eykt4usfv8p8njdtrepy1vzqkqzkvdp,other,,false,1.0000,66,81,6,97,2026-07-17T06:11:23.417+00:00
https://orbisapi.com/proxy/memory-science-c42c1a,orbisapi.com,base;solana:5eykt4usfv8p8njdtrepy1vzqkqzkvdp,other,,false,1.0000,78,78,3,97,2026-07-16T06:37:07.796+00:00
https://orbisapi.com/proxy/memory-summarizer-api-0400a1,orbisapi.com,base,other,,false,1.0000,65,72,3,97,2026-07-14T06:20:54.194+00:00
https://orbisapi.com/proxy/memory-techniques-api-0243d1,orbisapi.com,base,other,,false,1.0000,50,51,3,97,2026-07-17T06:14:41.129+00:00
https://orbisapi.com/proxy/memory-techniques-api-3d2b44,orbisapi.com,base,other,,false,1.0000,53,54,3,97,2026-07-17T06:15:03.606+00:00
https://orbisapi.com/proxy/mempool-fee-estimator-api-2dc506,orbisapi.com,base,other,,false,1.0000,91,91,3,96,2026-07-13T07:40:38.266+00:00
https://orbisapi.com/proxy/mempool-priority-api-eecc67,orbisapi.com,base,other,,false,1.0000,52,57,3,97,2026-07-17T06:14:04.701+00:00
https://orbisapi.com/proxy/menstrual-cycle-calculator-api-1dbae6,orbisapi.com,base,other,,false,1.0000,49,51,3,97,2026-07-11T06:16:26.102+00:00
https://orbisapi.com/proxy/mental-accounting-score-api-54c5b7,orbisapi.com,base,other,,false,1.0000,49,50,3,97,2026-07-11T06:16:14.387+00:00
https://orbisapi.com/proxy/mental-health-checkup-api-d99d57,orbisapi.com,base;solana:5eykt4usfv8p8njdtrepy1vzqkqzkvdp,other,,false,1.0000,94,95,3,96,2026-07-13T07:36:33.802+00:00
https://orbisapi.com/proxy/mental-wellness-tips-api-a71554,orbisapi.com,base,other,,false,1.0000,87,87,3,96,2026-07-16T06:41:01.266+00:00
https://orbisapi.com/proxy/mention-volume-api-5098a5,orbisapi.com,base,other,,false,1.0000,60,92,6,96,2026-07-13T07:30:50.091+00:00
https://orbisapi.com/proxy/menu-engineering-score-api-c41254,orbisapi.com,base;solana:5eykt4usfv8p8njdtrepy1vzqkqzkvdp,other,,false,1.0000,64,69,3,97,2026-07-14T06:23:27.966+00:00
https://orbisapi.com/proxy/merch-margin-calculator-api-df767d,orbisapi.com,base,other,,false,1.0000,32,32,3,97,2026-07-12T06:11:33.727+00:00
https://orbisapi.com/proxy/message-testing-scorer-api-04c8d2,orbisapi.com,base,other,,false,1.0000,49,54,3,97,2026-07-17T06:17:11.925+00:00
https://orbisapi.com/proxy/messari-api-06adbd,orbisapi.com,base,other,,false,1.0000,48,51,3,97,2026-07-11T06:13:29.611+00:00
https://orbisapi.com/proxy/meta-description-scorer-api-da11ec,orbisapi.com,base,other,,false,1.0000,81,90,3,96,2026-07-16T06:39:41.37+00:00
https://orbisapi.com/proxy/meta-readiness-score-api-be5268,orbisapi.com,base,other,,false,1.0000,50,51,3,97,2026-07-11T06:15:59.391+00:00
https://orbisapi.com/proxy/meta-strategy-api-ed3549,orbisapi.com,base;solana:5eykt4usfv8p8njdtrepy1vzqkqzkvdp,other,,false,1.0000,90,91,3,96,2026-07-13T07:33:56.488+00:00
https://orbisapi.com/proxy/meta-tag-generator-api-8f2205,orbisapi.com,base,other,,false,1.0000,48,49,3,97,2026-07-11T06:17:15.741+00:00
https://orbisapi.com/proxy/meta-tag-generator-api-f2047c,orbisapi.com,base,other,,false,1.0000,82,93,6,97,2026-07-14T06:18:53.598+00:00
https://orbisapi.com/proxy/metabolic-threshold-calculator-api-dea418,orbisapi.com,base,other,,false,1.0000,89,93,3,96,2026-07-16T06:34:51.101+00:00
https://orbisapi.com/proxy/metacognition-score-api-cb51d4,orbisapi.com,base,other,,false,1.0000,48,48,3,97,2026-07-11T06:16:13.485+00:00
https://orbisapi.com/proxy/metadata-interoperability-score-api-370d1c,orbisapi.com,base,other,,false,1.0000,47,50,3,97,2026-07-11T06:16:16.935+00:00
https://orbisapi.com/proxy/metallurgical-recovery-api-2b49c2,orbisapi.com,base,other,,false,1.0000,32,32,3,97,2026-07-12T06:11:33.866+00:00
https://orbisapi.com/proxy/metalworking-guide-4c10ca,orbisapi.com,base,other,,false,1.0000,68,89,6,97,2026-07-17T06:11:22.792+00:00
https://orbisapi.com/proxy/metaphor-detector-api-db313b,orbisapi.com,base,other,,false,1.0000,31,31,3,97,2026-07-12T06:11:35.331+00:00
https://orbisapi.com/proxy/metaphysics-basics-7d0cce,orbisapi.com,base,other,,false,1.0000,90,95,3,96,2026-07-16T06:41:54.797+00:00
https://orbisapi.com/proxy/metaprogramming-guide-api-29b5d0,orbisapi.com,base,other,,false,1.0000,44,44,3,97,2026-07-15T05:49:38.173+00:00
https://orbisapi.com/proxy/metar-parser-api-0be985,orbisapi.com,base,other,,false,1.0000,31,33,3,97,2026-07-12T06:11:29.916+00:00
https://orbisapi.com/proxy/methane-gwp-calculator-api-7e3320,orbisapi.com,base,other,,false,1.0000,48,49,3,97,2026-07-11T06:16:13.937+00:00
https://orbisapi.com/proxy/method-validation-score-api-abca23,orbisapi.com,base,other,,false,1.0000,30,31,3,97,2026-07-12T06:11:33.305+00:00
https://orbisapi.com/proxy/mev-exposure-calculator-api-c15d5b,orbisapi.com,base,other,,false,1.0000,90,92,3,96,2026-07-13T07:34:41.274+00:00
https://orbisapi.com/proxy/mev-exposure-scorer-api-134d57,orbisapi.com,base,other,,false,1.0000,63,84,6,97,2026-07-17T06:12:21.233+00:00
https://orbisapi.com/proxy/mev-history-api-8f89b0,orbisapi.com,base,other,,false,1.0000,46,47,3,97,2026-07-11T06:14:02.896+00:00
https://orbisapi.com/proxy/mev-risk-score-api-b7d7b6,orbisapi.com,base,other,,false,1.0000,31,34,3,97,2026-07-12T06:11:32.557+00:00
https://orbisapi.com/proxy/micro-credential-mapper-api-8ce599,orbisapi.com,base,other,,false,1.0000,30,32,3,97,2026-07-12T06:11:31.019+00:00
https://orbisapi.com/proxy/microbiome-age-calculator-api-5c1d03,orbisapi.com,base,other,,false,1.0000,48,54,3,97,2026-07-11T06:16:22.197+00:00
https://orbisapi.com/proxy/microclimate-score-api-7144c9,orbisapi.com,base,other,,false,1.0000,46,51,3,97,2026-07-11T06:16:00.147+00:00
https://orbisapi.com/proxy/microclimates-9846f0,orbisapi.com,base;solana:5eykt4usfv8p8njdtrepy1vzqkqzkvdp,other,,false,1.0000,83,88,3,96,2026-07-16T06:37:11.708+00:00
https://orbisapi.com/proxy/microeconomics-guide-207eda,orbisapi.com,base,other,,false,1.0000,48,49,3,97,2026-07-17T06:14:32.529+00:00
https://orbisapi.com/proxy/micropayment-calc-fcd01a,orbisapi.com,base,other,,false,1.0000,44,44,3,97,2026-07-15T05:54:25.416+00:00
https://orbisapi.com/proxy/microservice-sizer-api-403ab2,orbisapi.com,base,other,,false,1.0000,90,92,3,96,2026-07-13T07:39:47.421+00:00
https://orbisapi.com/proxy/middle-east-geography-050f55,orbisapi.com,base,other,,false,1.0000,82,86,3,96,2026-07-16T06:37:13.573+00:00
https://orbisapi.com/proxy/migration-era-lookup-api-3ad1b3,orbisapi.com,base,other,,false,1.0000,32,38,3,97,2026-07-12T06:11:29.474+00:00
https://orbisapi.com/proxy/migration-pattern-api-d2c322,orbisapi.com,base,other,,false,1.0000,33,37,3,97,2026-07-12T06:12:53.533+00:00
https://orbisapi.com/proxy/migration-route-score-api-ab0628,orbisapi.com,base,other,,false,1.0000,31,36,3,97,2026-07-12T06:10:23.697+00:00
https://orbisapi.com/proxy/migratory-animals-6831fe,orbisapi.com,base,other,,false,1.0000,82,119,3,96,2026-07-16T06:42:02.329+00:00
https://orbisapi.com/proxy/mileage-deduction-calculator-api-91f78b,orbisapi.com,base,other,,false,1.0000,53,55,3,97,2026-07-17T06:15:32.594+00:00
https://orbisapi.com/proxy/milestone-tracking-score-api-dda026,orbisapi.com,base,other,,false,1.0000,29,31,3,97,2026-07-12T06:10:21.439+00:00
https://orbisapi.com/proxy/military-commanders-d2cba9,orbisapi.com,base,other,,false,1.0000,87,97,3,96,2026-07-16T06:37:11.319+00:00
https://orbisapi.com/proxy/mime-to-extension-mapper-api-43d254,orbisapi.com,base;solana:5eykt4usfv8p8njdtrepy1vzqkqzkvdp,other,,false,1.0000,68,107,6,97,2026-07-17T06:12:38.131+00:00
https://orbisapi.com/proxy/mime-type-api-1fec4e,orbisapi.com,base,other,,false,1.0000,66,87,3,96,2026-07-14T06:21:17.942+00:00
https://orbisapi.com/proxy/mime-type-lookup-5500d8,orbisapi.com,base;solana:5eykt4usfv8p8njdtrepy1vzqkqzkvdp,other,,false,1.0000,45,46,3,97,2026-07-15T05:54:38.379+00:00
https://orbisapi.com/proxy/mime-type-lookup-api-1388e4,orbisapi.com,base,other,,false,1.0000,50,51,3,97,2026-07-17T06:13:59.279+00:00
https://orbisapi.com/proxy/mind-body-protocol-score-api-41839d,orbisapi.com,base,other,,false,1.0000,49,65,3,97,2026-07-11T06:15:57.912+00:00
https://orbisapi.com/proxy/mindfulness-interval-calculator-api-2e7a61,orbisapi.com,base,other,,false,1.0000,30,31,3,97,2026-07-12T06:11:32.414+00:00
https://orbisapi.com/proxy/mineral-hardness-a3e730,orbisapi.com,base;solana:5eykt4usfv8p8njdtrepy1vzqkqzkvdp,other,,false,1.0000,82,100,3,96,2026-07-16T06:36:51.2+00:00
https://orbisapi.com/proxy/mineral-resource-estimator-api-e7637d,orbisapi.com,base,other,,false,1.0000,30,31,3,97,2026-07-12T06:11:35.05+00:00
https://orbisapi.com/proxy/mining-income-calculator-api-2374f6,orbisapi.com,base,other,,false,1.0000,29,30,3,97,2026-07-12T06:11:39.289+00:00
https://orbisapi.com/proxy/misconception-detector-api-a1ae6d,orbisapi.com,base,other,,false,1.0000,51,60,3,97,2026-07-11T06:15:59.922+00:00
https://orbisapi.com/proxy/misinformation-signal-api-d58391,orbisapi.com,base,other,,false,1.0000,29,33,3,97,2026-07-12T06:11:31.152+00:00
https://orbisapi.com/proxy/missing-value-detector-api-09eeb3,orbisapi.com,base,other,,false,1.0000,50,52,3,97,2026-07-17T06:17:20.369+00:00
https://orbisapi.com/proxy/mit-license-guide-api-5beb71,orbisapi.com,base,other,,false,1.0000,92,93,3,96,2026-07-13T07:33:29.72+00:00
https://orbisapi.com/proxy/mixed-use-score-api-985267,orbisapi.com,base,other,,false,1.0000,31,31,3,97,2026-07-12T06:11:30.186+00:00
https://orbisapi.com/proxy/ml-glossary-guide-api-19f467,orbisapi.com,base,other,,false,1.0000,43,44,3,97,2026-07-15T05:49:30.423+00:00
https://orbisapi.com/proxy/ml-pipeline-scorer-api-d8bb48,orbisapi.com,base,other,,false,1.0000,90,93,3,96,2026-07-13T07:39:37.377+00:00
https://orbisapi.com/proxy/mlb-stats-api-a2107f,orbisapi.com,base,other,,false,1.0000,52,55,3,97,2026-07-17T06:16:34.026+00:00
https://orbisapi.com/proxy/mma-guide-626431,orbisapi.com,base,other,,false,1.0000,77,86,3,96,2026-07-16T06:37:00.922+00:00
https://orbisapi.com/proxy/moca-score-calculator-api-e3450d,orbisapi.com,base,other,,false,1.0000,31,32,3,97,2026-07-12T06:10:19.744+00:00
https://orbisapi.com/proxy/mock-api-data-037830,orbisapi.com,base,other,,false,1.0000,42,44,3,97,2026-07-15T05:54:29.309+00:00
https://orbisapi.com/proxy/mock-data-generator-api-b034df,orbisapi.com,base,other,,false,1.0000,92,93,3,96,2026-07-13T07:39:33.625+00:00
https://orbisapi.com/proxy/mocking-guide-api-1bb0cc,orbisapi.com,base,other,,false,1.0000,43,43,3,97,2026-07-15T05:49:54.19+00:00
https://orbisapi.com/proxy/modbus-parser-api-3ea817,orbisapi.com,base,other,,false,1.0000,62,92,6,96,2026-07-13T07:30:43.773+00:00
https://orbisapi.com/proxy/model-building-guide-defae3,orbisapi.com,base,other,,false,1.0000,81,137,6,96,2026-07-17T06:11:16.59+00:00
https://orbisapi.com/proxy/model-card-generator-api-bf0582,orbisapi.com,base,other,,false,1.0000,93,93,3,96,2026-07-13T07:39:45.593+00:00
https://orbisapi.com/proxy/model-card-parser-api-bba3d5,orbisapi.com,base,other,,false,1.0000,31,33,3,97,2026-07-12T06:12:51.136+00:00
https://orbisapi.com/proxy/model-drift-detector-api-689ac5,orbisapi.com,base,other,,false,1.0000,60,109,6,96,2026-07-13T07:30:38.734+00:00
https://orbisapi.com/proxy/model-fidelity-score-api-b09ea2,orbisapi.com,base;solana:5eykt4usfv8p8njdtrepy1vzqkqzkvdp,other,,false,1.0000,71,71,3,97,2026-07-14T06:23:44.359+00:00
https://orbisapi.com/proxy/model-metrics-calculator-api-c5cab4,orbisapi.com,base,other,,false,1.0000,69,86,6,97,2026-07-17T06:12:33.623+00:00
https://orbisapi.com/proxy/model-pruning-score-api-fb2868,orbisapi.com,base,other,,false,1.0000,47,50,3,97,2026-07-17T06:14:42.667+00:00
https://orbisapi.com/proxy/model-routing-guide-api-bfc6a8,orbisapi.com,base,other,,false,1.0000,51,51,3,97,2026-07-17T06:17:54.111+00:00
https://orbisapi.com/proxy/model-selector-api-d269a7,orbisapi.com,base,other,,false,1.0000,72,82,3,96,2026-07-14T06:26:09.04+00:00
https://orbisapi.com/proxy/model-size-calculator-api-b99450,orbisapi.com,base,other,,false,1.0000,66,70,3,97,2026-07-14T06:23:48.18+00:00
https://orbisapi.com/proxy/modern-dance-ccb81c,orbisapi.com,base,other,,false,1.0000,77,88,3,96,2026-07-16T06:37:10.153+00:00
https://orbisapi.com/proxy/molecular-orbital-calculator-api-549ad4,orbisapi.com,base,other,,false,1.0000,32,36,3,97,2026-07-12T06:11:12.533+00:00
https://orbisapi.com/proxy/monetary-policy-api-fa6d60,orbisapi.com,base,other,,false,1.0000,42,45,3,97,2026-07-15T05:48:56.751+00:00
https://orbisapi.com/proxy/money-flow-tracer-api-5ed19c,orbisapi.com,base,other,,false,1.0000,49,50,3,97,2026-07-17T06:14:54.281+00:00
https://orbisapi.com/proxy/money-laundering-detector-api-2cdb37,orbisapi.com,base,other,,false,1.0000,42,42,3,97,2026-07-15T05:49:10.085+00:00
https://orbisapi.com/proxy/money-mindset-api-acfd26,orbisapi.com,base,other,,false,1.0000,63,64,3,97,2026-07-14T06:25:03.331+00:00
https://orbisapi.com/proxy/money-mindset-score-api-6a98ef,orbisapi.com,base,other,,false,1.0000,48,49,3,97,2026-07-11T06:15:55.279+00:00
https://orbisapi.com/proxy/mono-material-score-api-7f091b,orbisapi.com,base,other,,false,1.0000,48,50,3,97,2026-07-11T06:15:54.759+00:00
https://orbisapi.com/proxy/monte-carlo-score-api-f280de,orbisapi.com,base,other,,false,1.0000,33,37,3,97,2026-07-12T06:11:31.296+00:00
https://orbisapi.com/proxy/monte-carlo-var-api-89e71e,orbisapi.com,base,other,,false,1.0000,47,48,3,97,2026-07-11T06:15:24.62+00:00
https://orbisapi.com/proxy/mood-pattern-classifier-api-fb0181,orbisapi.com,base,other,,false,1.0000,31,32,3,97,2026-07-12T06:11:33.171+00:00
https://orbisapi.com/proxy/moon-phase-api-0f8b2b,orbisapi.com,base,other,,false,1.0000,66,93,6,96,2026-07-13T07:30:50.556+00:00
https://orbisapi.com/proxy/moon-phase-calculator-api-590b4f,orbisapi.com,base,other,,false,1.0000,51,57,3,97,2026-07-17T06:15:45.309+00:00
https://orbisapi.com/proxy/moon-phases-7f5de1,orbisapi.com,base,other,,false,1.0000,79,81,3,97,2026-07-16T06:37:05.308+00:00
https://orbisapi.com/proxy/moral-intensity-score-api-2b56b4,orbisapi.com,base,other,,false,1.0000,32,32,3,97,2026-07-12T06:11:30.053+00:00
https://orbisapi.com/proxy/morpheme-parser-api-7b7698,orbisapi.com,base,other,,false,1.0000,64,99,6,96,2026-07-13T07:30:44.277+00:00
https://orbisapi.com/proxy/morse-code-decoder-api-d768b3,orbisapi.com,base,other,,false,1.0000,32,33,3,97,2026-07-12T06:11:45.518+00:00
https://orbisapi.com/proxy/morse-code-encoder-api-428123,orbisapi.com,base,other,,false,1.0000,49,49,3,97,2026-07-11T06:18:10.124+00:00
https://orbisapi.com/proxy/morse-code-translator-api-9e1e9e,orbisapi.com,base,other,,false,1.0000,51,51,3,97,2026-07-17T06:15:47.171+00:00
https://orbisapi.com/proxy/mortality-table-lookup-api-fce11d,orbisapi.com,base,other,,false,1.0000,50,55,3,97,2026-07-11T06:15:55.047+00:00
https://orbisapi.com/proxy/mortgage-affordability-api-c4aa53,orbisapi.com,base,other,,false,1.0000,90,90,3,96,2026-07-13T07:39:18.497+00:00
https://orbisapi.com/proxy/mortgage-calculator-api-2773fd,orbisapi.com,base,other,,false,1.0000,49,55,3,97,2026-07-17T06:15:41.7+00:00
https://orbisapi.com/proxy/mortgage-calculator-api-404999,orbisapi.com,base,other,,false,1.0000,52,53,3,97,2026-07-17T06:16:41.355+00:00
https://orbisapi.com/proxy/mortgage-calculator-api-baeb0c,orbisapi.com,base,other,,false,1.0000,44,50,3,97,2026-07-15T05:49:00.113+00:00
https://orbisapi.com/proxy/mortgage-calculator-api-f002a3,orbisapi.com,base,other,,false,1.0000,83,96,3,96,2026-07-16T06:39:54.351+00:00
https://orbisapi.com/proxy/mortgage-payment-calculator-api-5c588c,orbisapi.com,base,other,,false,1.0000,64,82,6,97,2026-07-17T06:12:31.829+00:00
https://orbisapi.com/proxy/mortgage-payment-calculator-api-651838,orbisapi.com,base,other,,false,1.0000,90,92,3,96,2026-07-13T07:39:02.276+00:00
https://orbisapi.com/proxy/mortgage-qualification-api-5d0ba9,orbisapi.com,base,other,,false,1.0000,31,33,3,97,2026-07-12T06:12:53.833+00:00
https://orbisapi.com/proxy/mortgage-rate-api-10d9b0,orbisapi.com,base,other,,false,1.0000,43,48,3,97,2026-07-15T05:55:07.695+00:00
https://orbisapi.com/proxy/mortgage-refinance-api-3d22cf,orbisapi.com,base,other,,false,1.0000,31,33,3,97,2026-07-12T06:11:14.396+00:00
https://orbisapi.com/proxy/mosquito-facts-4f4344,orbisapi.com,base;solana:5eykt4usfv8p8njdtrepy1vzqkqzkvdp,other,,false,1.0000,78,133,3,96,2026-07-16T06:37:02.175+00:00
https://orbisapi.com/proxy/moth-guide-fd065a,orbisapi.com,base;solana:5eykt4usfv8p8njdtrepy1vzqkqzkvdp,other,,false,1.0000,83,91,3,96,2026-07-16T06:37:00.169+00:00
https://orbisapi.com/proxy/motion-blur-calculator-api-ed6964,orbisapi.com,base,other,,false,1.0000,31,31,3,97,2026-07-12T06:11:35.197+00:00
https://orbisapi.com/proxy/motivational-quotes-api-4452a9,orbisapi.com,base;solana:5eykt4usfv8p8njdtrepy1vzqkqzkvdp,other,,false,1.0000,47,54,3,97,2026-07-17T06:16:57.572+00:00
https://orbisapi.com/proxy/motor-health-score-api-d72017,orbisapi.com,base;solana:5eykt4usfv8p8njdtrepy1vzqkqzkvdp,other,,false,1.0000,46,51,3,97,2026-07-11T06:15:27.218+00:00
https://orbisapi.com/proxy/motorsport-history-1b840b,orbisapi.com,base,other,,false,1.0000,63,79,6,97,2026-07-17T06:11:25.374+00:00
https://orbisapi.com/proxy/mountain-database-api-571966,orbisapi.com,base,other,,false,1.0000,48,49,3,97,2026-07-17T06:16:05.311+00:00
https://orbisapi.com/proxy/mountain-peaks-api-b40967,orbisapi.com,base,other,,false,1.0000,49,53,3,97,2026-07-17T06:15:27.823+00:00
https://orbisapi.com/proxy/movie-database-api-0d6d62/info,orbisapi.com,base;solana:5eykt4usfv8p8njdtrepy1vzqkqzkvdp,other,,false,1.0000,49,50,3,97,2026-07-11T06:12:09.93+00:00
https://orbisapi.com/proxy/mpa-coverage-score-api-3429fe,orbisapi.com,base,other,,false,1.0000,32,37,3,97,2026-07-12T06:11:14.538+00:00
https://orbisapi.com/proxy/mqtt-topic-parser-api-487047,orbisapi.com,base,other,,false,1.0000,63,122,6,96,2026-07-13T07:30:37.73+00:00
https://orbisapi.com/proxy/mrr-calculator-api-17fb21,orbisapi.com,base,other,,false,1.0000,43,43,3,97,2026-07-15T05:51:33.107+00:00
https://orbisapi.com/proxy/mrr-calculator-api-773d52,orbisapi.com,base,other,,false,1.0000,64,68,3,97,2026-07-14T06:24:46.07+00:00
https://orbisapi.com/proxy/mrr-movement-calculator-api-3728b9,orbisapi.com,base,other,,false,1.0000,48,52,3,97,2026-07-11T06:15:55.504+00:00
https://orbisapi.com/proxy/msc-certification-score-api-613561,orbisapi.com,base,other,,false,1.0000,32,32,3,97,2026-07-12T06:11:39.429+00:00
https://orbisapi.com/proxy/msi-classifier-api-e305d0,orbisapi.com,base,other,,false,1.0000,49,50,3,97,2026-07-11T06:15:29.843+00:00
https://orbisapi.com/proxy/muay-thai-guide-26ffac,orbisapi.com,base,other,,false,1.0000,77,84,3,96,2026-07-16T06:37:00.545+00:00
https://orbisapi.com/proxy/multi-agent-coordination-score-api-ddc86b,orbisapi.com,base,other,,false,1.0000,49,52,3,97,2026-07-17T06:14:52.508+00:00
https://orbisapi.com/proxy/multi-model-router-api-a813df,orbisapi.com,base,other,,false,1.0000,88,89,3,96,2026-07-13T07:33:58.592+00:00
https://orbisapi.com/proxy/multi-restaurant-ordering-api-feb2c1,orbisapi.com,base,other,,false,1.0000,51,58,3,97,2026-07-11T06:14:10.052+00:00
https://orbisapi.com/proxy/multi-step-planner-api-a036f6,orbisapi.com,base;solana:5eykt4usfv8p8njdtrepy1vzqkqzkvdp,other,,false,1.0000,91,92,3,96,2026-07-13T07:34:07.507+00:00
https://orbisapi.com/proxy/multimodal-models-guide-api-e7d3af,orbisapi.com,base,other,,false,1.0000,61,67,3,97,2026-07-14T06:20:26.621+00:00
https://orbisapi.com/proxy/multivariate-outlier-detector-api-b5da13,orbisapi.com,base,other,,false,1.0000,44,49,3,97,2026-07-11T06:15:20.637+00:00
https://orbisapi.com/proxy/muscle-activation-classifier-api-0bb4cb,orbisapi.com,base,other,,false,1.0000,30,35,3,97,2026-07-12T06:11:29.776+00:00
https://orbisapi.com/proxy/muscle-strength-score-api-65b294,orbisapi.com,base,other,,false,1.0000,48,49,3,97,2026-07-11T06:15:24.156+00:00
https://orbisapi.com/proxy/music-catalog-value-api-abc3c9,orbisapi.com,base,other,,false,1.0000,28,29,3,97,2026-07-12T06:11:30.867+00:00
https://orbisapi.com/proxy/music-festivals-guide-e2c31f,orbisapi.com,base,other,,false,1.0000,78,88,6,96,2026-07-17T06:11:19.607+00:00
https://orbisapi.com/proxy/music-genre-classifier-api-72eb31,orbisapi.com,base,other,,false,1.0000,30,32,3,97,2026-07-12T06:12:51.002+00:00
https://orbisapi.com/proxy/music-genres-database-api-c3bc9c,orbisapi.com,base,other,,false,1.0000,50,53,3,97,2026-07-17T06:16:06.018+00:00
https://orbisapi.com/proxy/music-history-api-a12820,orbisapi.com,base;solana:5eykt4usfv8p8njdtrepy1vzqkqzkvdp,other,,false,1.0000,46,47,3,97,2026-07-17T06:15:30.933+00:00
https://orbisapi.com/proxy/music-key-finder-api-0d6734,orbisapi.com,base,other,,false,1.0000,47,49,3,97,2026-07-17T06:16:08.323+00:00
https://orbisapi.com/proxy/music-movements-94b24a,orbisapi.com,base;solana:5eykt4usfv8p8njdtrepy1vzqkqzkvdp,other,,false,1.0000,89,92,3,96,2026-07-16T06:37:02.576+00:00
https://orbisapi.com/proxy/music-recording-terms-225f7a,orbisapi.com,base,other,,false,1.0000,90,95,3,96,2026-07-16T06:42:01.875+00:00
https://orbisapi.com/proxy/music-technology-8719e5,orbisapi.com,base,other,,false,1.0000,79,84,3,96,2026-07-16T06:36:46.889+00:00
https://orbisapi.com/proxy/music-theory-api-71c215,orbisapi.com,base,other,,false,1.0000,49,50,3,97,2026-07-17T06:16:00.95+00:00
https://orbisapi.com/proxy/music-theory-basics-api-5838c3,orbisapi.com,base,other,,false,1.0000,86,100,3,96,2026-07-16T06:40:36.607+00:00
https://orbisapi.com/proxy/music-theory-calculator-api-0d9ba0,orbisapi.com,base,other,,false,1.0000,61,93,6,96,2026-07-13T07:30:46.619+00:00
https://orbisapi.com/proxy/music-theory-terms-22dd7b,orbisapi.com,base;solana:5eykt4usfv8p8njdtrepy1vzqkqzkvdp,other,,false,1.0000,79,81,3,97,2026-07-16T06:36:51.577+00:00
https://orbisapi.com/proxy/music-venues-guide-033e60,orbisapi.com,base,other,,false,1.0000,76,77,3,97,2026-07-16T06:37:03.29+00:00
https://orbisapi.com/proxy/musical-intervals-api-9e8d46,orbisapi.com,base,other,,false,1.0000,48,48,3,97,2026-07-17T06:16:10.666+00:00
https://orbisapi.com/proxy/musical-key-detector-api-a2c7cf,orbisapi.com,base,other,,false,1.0000,61,91,6,96,2026-07-13T07:31:25.419+00:00
https://orbisapi.com/proxy/mutual-aid-score-api-28a4cc,orbisapi.com,base,other,,false,1.0000,47,49,3,97,2026-07-11T06:15:26.993+00:00
https://orbisapi.com/proxy/mvno-margin-calculator-api-0f7347,orbisapi.com,base,other,,false,1.0000,32,36,3,97,2026-07-12T06:11:34.193+00:00
https://orbisapi.com/proxy/mx-record-info-api-a2fe74,orbisapi.com,base,other,,false,1.0000,43,57,3,97,2026-07-15T05:50:56.584+00:00
https://orbisapi.com/proxy/mx-record-test-api-90549d,orbisapi.com,base,other,,false,1.0000,51,52,3,97,2026-07-17T06:17:14.874+00:00
https://orbisapi.com/proxy/mystery-shop-score-api-a0057e,orbisapi.com,base,other,,false,1.0000,32,41,3,97,2026-07-12T06:11:33.031+00:00
https://orbisapi.com/proxy/n-of-1-trial-score-api-a46a7b,orbisapi.com,base,other,,false,1.0000,48,53,3,97,2026-07-11T06:15:56.707+00:00
https://orbisapi.com/proxy/name-address-match-6ff601,orbisapi.com,base,other,,false,1.0000,46,59,3,97,2026-07-15T05:54:40.593+00:00
https://orbisapi.com/proxy/name-meaning-api-653cb9,orbisapi.com,base,other,,false,1.0000,47,49,3,97,2026-07-17T06:15:45.759+00:00
https://orbisapi.com/proxy/named-entity-counter-api-fdf454,orbisapi.com,base,other,,false,1.0000,61,108,6,96,2026-07-13T07:30:51.063+00:00
https://orbisapi.com/proxy/named-entity-recognizer-api-ff2711,orbisapi.com,base,other,,false,1.0000,69,88,6,97,2026-07-17T06:12:34.122+00:00
https://orbisapi.com/proxy/nano-toxicity-score-api-ba8570,orbisapi.com,base,other,,false,1.0000,33,34,3,97,2026-07-12T06:11:32.001+00:00
https://orbisapi.com/proxy/nanoid-info-api-9f3ae0,orbisapi.com,base,other,,false,1.0000,41,126,6,97,2026-07-12T06:09:34.564+00:00
https://orbisapi.com/proxy/nanotechnology-guide-fda806,orbisapi.com,base,other,,false,1.0000,67,84,6,97,2026-07-17T06:11:20.928+00:00
https://orbisapi.com/proxy/nat-type-detector-api-31ed75,orbisapi.com,base,other,,false,1.0000,63,115,6,96,2026-07-13T07:30:37.199+00:00
https://orbisapi.com/proxy/nationality-predictor-api-541d6d,orbisapi.com,base,other,,false,1.0000,49,50,3,97,2026-07-17T06:16:59.285+00:00
https://orbisapi.com/proxy/natural-disasters-api-e8c2ac,orbisapi.com,base,other,,false,1.0000,77,80,3,97,2026-07-16T06:40:57.17+00:00
https://orbisapi.com/proxy/natural-phenomena-api-3088b1,orbisapi.com,base,other,,false,1.0000,49,50,3,97,2026-07-17T06:15:39.34+00:00
https://orbisapi.com/proxy/natural-world-records-2e766a,orbisapi.com,base,other,,false,1.0000,81,91,3,96,2026-07-16T06:36:35.41+00:00
https://orbisapi.com/proxy/nature-risk-score-api-be5f1c,orbisapi.com,base,other,,false,1.0000,48,53,3,97,2026-07-11T06:15:25.812+00:00
https://orbisapi.com/proxy/naturopathy-guide-187870,orbisapi.com,base,other,,false,1.0000,79,84,3,97,2026-07-16T06:36:46.514+00:00
https://orbisapi.com/proxy/nautical-distance-calculator-api-c82e0d,orbisapi.com,base,other,,false,1.0000,31,32,3,97,2026-07-12T06:11:29.609+00:00
https://orbisapi.com/proxy/nba-history-513d81,orbisapi.com,base,other,,false,1.0000,85,115,3,96,2026-07-16T06:41:57.6+00:00
https://orbisapi.com/proxy/nda-analyzer-api-d170fd,orbisapi.com,base,other,,false,1.0000,89,93,3,96,2026-07-13T07:36:35.964+00:00
https://orbisapi.com/proxy/nda-analyzer-api-dcc96a,orbisapi.com,base,other,,false,1.0000,78,80,3,97,2026-07-16T06:35:02.604+00:00
https://orbisapi.com/proxy/nda-clause-extractor-api-3e7dc8,orbisapi.com,base,other,,false,1.0000,90,92,3,96,2026-07-13T07:39:17.563+00:00
https://orbisapi.com/proxy/nda-parser-api-7ce7dc,orbisapi.com,base,other,,false,1.0000,31,31,3,97,2026-07-12T06:12:50.859+00:00
https://orbisapi.com/proxy/nda-risk-scorer-api-e55e0d,orbisapi.com,base,other,,false,1.0000,53,53,3,97,2026-07-17T06:17:44.971+00:00
https://orbisapi.com/proxy/ndr-calculator-api-002456,orbisapi.com,base,other,,false,1.0000,33,35,3,97,2026-07-12T06:11:16.88+00:00
https://orbisapi.com/proxy/ndt-score-api-6cc92f,orbisapi.com,base,other,,false,1.0000,31,32,3,97,2026-07-12T06:11:18.333+00:00
https://orbisapi.com/proxy/ndvi-interpreter-api-a128e1,orbisapi.com,base,other,,false,1.0000,49,50,3,97,2026-07-11T06:14:18.335+00:00
https://orbisapi.com/proxy/nearest-neighbor-lookup-e9ae40,orbisapi.com,base,other,,false,1.0000,42,48,3,97,2026-07-15T05:54:41.772+00:00
https://orbisapi.com/proxy/nearshoring-score-api-452a2f,orbisapi.com,base,other,,false,1.0000,45,49,3,97,2026-07-11T06:15:30.303+00:00
https://orbisapi.com/proxy/nebula-guide-71f712,orbisapi.com,base,other,,false,1.0000,86,91,3,96,2026-07-16T06:41:59.123+00:00
https://orbisapi.com/proxy/need-assessment-score-api-42c441,orbisapi.com,base,other,,false,1.0000,30,36,3,97,2026-07-12T06:11:31.856+00:00
https://orbisapi.com/proxy/negation-detector-api-65f78a,orbisapi.com,base,other,,false,1.0000,51,51,3,97,2026-07-15T05:51:08.803+00:00
https://orbisapi.com/proxy/negotiation-prep-api-1b76b1,orbisapi.com,base,other,,false,1.0000,89,92,3,96,2026-07-13T07:38:30.143+00:00
https://orbisapi.com/proxy/negotiation-score-api-598f5a,orbisapi.com,base,other,,false,1.0000,48,49,3,97,2026-07-11T06:15:24.382+00:00
https://orbisapi.com/proxy/negotiation-tactics-api-f3d733,orbisapi.com,base,other,,false,1.0000,85,90,3,96,2026-07-16T06:40:48.52+00:00
https://orbisapi.com/proxy/negotiation-terms-ef53f1,orbisapi.com,base,other,,false,1.0000,81,89,3,96,2026-07-16T06:36:40.534+00:00
https://orbisapi.com/proxy/neighborhood-stats-9df264,orbisapi.com,base,other,,false,1.0000,44,57,3,97,2026-07-15T05:54:28.725+00:00
https://orbisapi.com/proxy/ner-extract-36fbd5,orbisapi.com,base,other,,false,1.0000,43,51,3,97,2026-07-15T05:54:26.046+00:00
https://orbisapi.com/proxy/ner-extractor-api-5db9f1,orbisapi.com,base,other,,false,1.0000,89,160,6,95,2026-07-14T06:17:41.205+00:00
https://orbisapi.com/proxy/nervous-system-guide-a592c5,orbisapi.com,base,other,,false,1.0000,79,96,6,96,2026-07-17T06:11:20.132+00:00
https://orbisapi.com/proxy/net-dollar-retention-api-eb995a,orbisapi.com,base,other,,false,1.0000,83,93,6,96,2026-07-14T06:18:43.51+00:00
https://orbisapi.com/proxy/net-energy-metering-calculator-api-303b2a,orbisapi.com,base,other,,false,1.0000,66,69,3,97,2026-07-14T06:23:27.64+00:00
https://orbisapi.com/proxy/net-metering-calculator-api-0052cf,orbisapi.com,base,other,,false,1.0000,30,32,3,97,2026-07-12T06:11:33.44+00:00
https://orbisapi.com/proxy/net-worth-by-age-api-f03a6c,orbisapi.com,base,other,,false,1.0000,91,94,3,96,2026-07-13T07:37:07.876+00:00
https://orbisapi.com/proxy/net-worth-calculator-api-5e2aae,orbisapi.com,base,other,,false,1.0000,66,76,3,97,2026-07-14T06:25:12.191+00:00
https://orbisapi.com/proxy/net-worth-calculator-api-b3272d,orbisapi.com,base,other,,false,1.0000,70,76,3,97,2026-07-14T06:22:01.488+00:00
https://orbisapi.com/proxy/net-worth-calculator-api-f09296,orbisapi.com,base,other,,false,1.0000,50,52,3,97,2026-07-17T06:15:36.759+00:00
https://orbisapi.com/proxy/net-worth-tax-optimizer-api-5c0d9c,orbisapi.com,base,other,,false,1.0000,91,93,3,96,2026-07-13T07:35:15.48+00:00
https://orbisapi.com/proxy/net-worth-tracker-api-88f3cc,orbisapi.com,base,other,,false,1.0000,80,82,3,97,2026-07-16T06:39:26.81+00:00
https://orbisapi.com/proxy/net-worth-tracker-api-bb95d5,orbisapi.com,base,other,,false,1.0000,88,91,3,96,2026-07-13T07:39:17.101+00:00
https://orbisapi.com/proxy/net-worth-trend-calculator-api-96b700,orbisapi.com,base,other,,false,1.0000,48,49,3,97,2026-07-11T06:15:27.457+00:00
https://orbisapi.com/proxy/net-zero-roadmap-api-399904,orbisapi.com,base,other,,false,1.0000,91,91,3,96,2026-07-13T07:37:31.805+00:00
https://orbisapi.com/proxy/network-adequacy-score-api-ec8e88,orbisapi.com,base,other,,false,1.0000,31,33,3,97,2026-07-12T06:11:30.731+00:00
https://orbisapi.com/proxy/network-analytics-api-cb8520,orbisapi.com,base,other,,false,1.0000,45,45,3,97,2026-07-15T05:49:04.881+00:00
https://orbisapi.com/proxy/network-fee-guide-api-bfc5a1,orbisapi.com,base,other,,false,1.0000,61,67,3,97,2026-07-14T06:26:25.069+00:00
https://orbisapi.com/proxy/network-scan-classifier-api-08fb4a,orbisapi.com,base,other,,false,1.0000,48,63,3,97,2026-07-11T06:15:26.768+00:00
https://orbisapi.com/proxy/network-slicing-score-api-0883af,orbisapi.com,base,other,,false,1.0000,49,49,3,97,2026-07-11T06:15:25.566+00:00
https://orbisapi.com/proxy/network-spread-score-api-716473,orbisapi.com,base,other,,false,1.0000,50,50,3,97,2026-07-11T06:15:21.565+00:00
https://orbisapi.com/proxy/network-topology-api-9e494c,orbisapi.com,base,other,,false,1.0000,62,101,6,96,2026-07-13T07:30:47.578+00:00
https://orbisapi.com/proxy/networking-score-api-11c39b,orbisapi.com,base,other,,false,1.0000,81,84,3,96,2026-07-16T06:34:43.837+00:00
https://orbisapi.com/proxy/neural-decoder-accuracy-score-api-47569b,orbisapi.com,base,other,,false,1.0000,48,48,3,97,2026-07-11T06:16:26.48+00:00
https://orbisapi.com/proxy/neural-signal-quality-score-api-ca4ef1,orbisapi.com,base,other,,false,1.0000,46,52,3,97,2026-07-11T06:15:20.868+00:00
https://orbisapi.com/proxy/neurofeedback-score-api-b40c60,orbisapi.com,base,other,,false,1.0000,47,49,3,97,2026-07-11T06:15:22.503+00:00
https://orbisapi.com/proxy/news-search-api-b2e129,orbisapi.com,base,other,,false,1.0000,44,45,3,97,2026-07-15T05:54:26.619+00:00
https://orbisapi.com/proxy/news-sentiment-c596a1,orbisapi.com,base,other,,false,1.0000,44,44,3,97,2026-07-15T05:54:29.127+00:00
https://orbisapi.com/proxy/news-source-lookup-1ee83f,orbisapi.com,base,other,,false,1.0000,40,49,3,97,2026-07-15T05:54:41.182+00:00
https://orbisapi.com/proxy/news-timeline-c0f133,orbisapi.com,base;solana:5eykt4usfv8p8njdtrepy1vzqkqzkvdp,other,,false,1.0000,44,49,3,97,2026-07-15T05:54:42.936+00:00
https://orbisapi.com/proxy/news-trending-f0254e,orbisapi.com,base,other,,false,1.0000,46,54,3,97,2026-07-15T05:54:41.382+00:00
https://orbisapi.com/proxy/newsletter-scorer-api-8e36ca,orbisapi.com,base,other,,false,1.0000,88,93,3,96,2026-07-13T07:38:23.459+00:00
https://orbisapi.com/proxy/next-business-day-api-48eca3,orbisapi.com,base;solana:5eykt4usfv8p8njdtrepy1vzqkqzkvdp,other,,false,1.0000,68,69,3,97,2026-07-14T06:23:49.51+00:00
https://orbisapi.com/proxy/next-open-time-be467f,orbisapi.com,base;solana:5eykt4usfv8p8njdtrepy1vzqkqzkvdp,other,,false,1.0000,44,45,3,97,2026-07-15T05:54:38.162+00:00
https://orbisapi.com/proxy/nfl-history-a58048,orbisapi.com,base,other,,false,1.0000,84,93,3,96,2026-07-16T06:41:56.766+00:00
https://orbisapi.com/proxy/nfl-scores-api-f69faa,orbisapi.com,base,other,,false,1.0000,50,51,3,97,2026-07-17T06:16:37.204+00:00
https://orbisapi.com/proxy/nft-due-diligence-api-1312bd,orbisapi.com,base,other,,false,1.0000,70,70,3,97,2026-07-14T06:25:41.205+00:00
https://orbisapi.com/proxy/nft-floor-tracker-api-40c65b,orbisapi.com,base,other,,false,1.0000,67,70,3,97,2026-07-14T06:25:45.571+00:00
https://orbisapi.com/proxy/nft-holdings-check-d6fc06,orbisapi.com,base,other,,false,1.0000,43,49,3,97,2026-07-15T05:54:28.529+00:00
https://orbisapi.com/proxy/nft-jobs-api-3d6885,orbisapi.com,base,other,,false,1.0000,57,78,6,97,2026-07-15T05:48:43.36+00:00
https://orbisapi.com/proxy/nft-market-guide-api-6fe17e,orbisapi.com,base,other,,false,1.0000,60,64,3,97,2026-07-14T06:25:48.346+00:00
https://orbisapi.com/proxy/nft-rarity-guide-api-5a3f8a,orbisapi.com,base,other,,false,1.0000,66,72,3,97,2026-07-14T06:25:40.505+00:00
https://orbisapi.com/proxy/nft-rarity-score-api-15e40f,orbisapi.com,base,other,,false,1.0000,72,112,6,96,2026-07-13T07:30:39.249+00:00
https://orbisapi.com/proxy/nft-royalty-calculator-api-287e55,orbisapi.com,base,other,,false,1.0000,67,71,3,97,2026-07-14T06:25:53.926+00:00
https://orbisapi.com/proxy/nft-tax-guide-api-3778e5,orbisapi.com,base,other,,false,1.0000,87,105,3,96,2026-07-16T06:39:28.794+00:00
https://orbisapi.com/proxy/nft-tools-api-49e001,orbisapi.com,base,other,,false,1.0000,69,69,3,97,2026-07-14T06:25:40.184+00:00
https://orbisapi.com/proxy/nft-trait-rarity-api-023bc4,orbisapi.com,base,other,,false,1.0000,97,102,3,96,2026-07-14T06:20:16.859+00:00
https://orbisapi.com/proxy/nft-wallet-api-75f007,orbisapi.com,base,other,,false,1.0000,63,65,3,97,2026-07-14T06:26:36.445+00:00
https://orbisapi.com/proxy/nhl-scores-api-8436d1,orbisapi.com,base,other,,false,1.0000,50,56,3,97,2026-07-17T06:16:36.264+00:00
https://orbisapi.com/proxy/nih-reporter-api-c595c9,orbisapi.com,base,other,,false,1.0000,48,50,3,97,2026-07-11T06:14:19.736+00:00
https://orbisapi.com/proxy/nist-csf-score-api-050dd0,orbisapi.com,base,other,,false,1.0000,49,49,3,97,2026-07-11T06:15:26.043+00:00
https://orbisapi.com/proxy/nlp-concepts-guide-api-8c80ea/parse,orbisapi.com,base;solana:5eykt4usfv8p8njdtrepy1vzqkqzkvdp,other,,false,1.0000,30,32,3,97,2026-07-12T06:11:21.963+00:00
https://orbisapi.com/proxy/nlp-toolkit-api-5a21f0,orbisapi.com,base,other,,false,1.0000,48,52,3,97,2026-07-17T06:13:48.748+00:00
https://orbisapi.com/proxy/no-show-predictor-score-api-811e80,orbisapi.com,base,other,,false,1.0000,31,33,3,97,2026-07-12T06:11:32.141+00:00
https://orbisapi.com/proxy/no2-health-score-api-c3563d,orbisapi.com,base,other,,false,1.0000,48,49,3,97,2026-07-11T06:15:56.482+00:00
https://orbisapi.com/proxy/node-provider-guide-api-f96d72,orbisapi.com,base,other,,false,1.0000,55,72,6,97,2026-07-15T05:48:37.099+00:00
https://orbisapi.com/proxy/noi-calculator-api-810fc5,orbisapi.com,base,other,,false,1.0000,30,31,3,97,2026-07-12T06:11:30.461+00:00
https://orbisapi.com/proxy/noi-calculator-api-810fc5/parse,orbisapi.com,base;solana:5eykt4usfv8p8njdtrepy1vzqkqzkvdp,other,,false,1.0000,52,52,3,97,2026-07-17T06:14:25.955+00:00
https://orbisapi.com/proxy/noise-health-score-api-39cd17,orbisapi.com,base,other,,false,1.0000,47,50,3,97,2026-07-11T06:15:30.073+00:00
https://orbisapi.com/proxy/non-compete-enforceability-scorer-api-266efe,orbisapi.com,base,other,,false,1.0000,49,51,3,97,2026-07-17T06:17:35.55+00:00
https://orbisapi.com/proxy/nonprofit-financial-health-api-b7ccb3,orbisapi.com,base,other,,false,1.0000,88,90,3,96,2026-07-13T07:37:30.367+00:00
https://orbisapi.com/proxy/normal-distribution-api-52be87,orbisapi.com,base,other,,false,1.0000,43,45,3,97,2026-07-15T05:55:09.081+00:00
https://orbisapi.com/proxy/normative-ethics-1cf353,orbisapi.com,base;solana:5eykt4usfv8p8njdtrepy1vzqkqzkvdp,other,,false,1.0000,77,124,3,96,2026-07-16T06:37:01.744+00:00
https://orbisapi.com/proxy/norse-mythology-47e787,orbisapi.com,base;solana:5eykt4usfv8p8njdtrepy1vzqkqzkvdp,other,,false,1.0000,78,91,3,96,2026-07-16T06:41:59.511+00:00
https://orbisapi.com/proxy/nosql-database-types-api-17285c,orbisapi.com,base,other,,false,1.0000,41,44,3,97,2026-07-15T05:50:09.564+00:00
https://orbisapi.com/proxy/notam-parser-api-574add,orbisapi.com,base,other,,false,1.0000,34,34,3,97,2026-07-12T06:12:34.882+00:00
https://orbisapi.com/proxy/note-frequency-api-c5a9a1,orbisapi.com,base,other,,false,1.0000,55,65,3,97,2026-07-17T06:15:59.084+00:00
https://orbisapi.com/proxy/note-organization-api-50b891,orbisapi.com,base,other,,false,1.0000,82,92,3,96,2026-07-16T06:39:39.785+00:00
https://orbisapi.com/proxy/notification-status-check-e56a53,orbisapi.com,base,other,,false,1.0000,45,50,3,97,2026-07-15T05:54:37.951+00:00
https://orbisapi.com/proxy/notification-template-f59ab7,orbisapi.com,base;solana:5eykt4usfv8p8njdtrepy1vzqkqzkvdp,other,,false,1.0000,43,45,3,97,2026-07-15T05:54:40.978+00:00
https://orbisapi.com/proxy/nps-analyzer-api-534cc5,orbisapi.com,base,other,,false,1.0000,86,98,6,96,2026-07-14T06:19:01.18+00:00
https://orbisapi.com/proxy/nps-to-revenue-api-3ac9f7,orbisapi.com,base,other,,false,1.0000,91,101,3,96,2026-07-13T07:38:22.52+00:00
https://orbisapi.com/proxy/npv-irr-calculator-api-106f2d,orbisapi.com,base,other,,false,1.0000,48,53,3,97,2026-07-17T06:17:58.739+00:00
https://orbisapi.com/proxy/nrl-intel-live-api-d8b574,orbisapi.com,base,other,,false,1.0000,51,51,3,97,2026-07-11T06:11:36.74+00:00
https://orbisapi.com/proxy/nsfw-classifier-api-e6ea45,orbisapi.com,base,other,,false,1.0000,30,33,3,97,2026-07-12T06:11:27.207+00:00
https://orbisapi.com/proxy/nuclear-decay-chain-api-81fe80,orbisapi.com,base,other,,false,1.0000,32,33,3,97,2026-07-12T06:11:24.735+00:00
https://orbisapi.com/proxy/nucleic-acid-extraction-score-api-413182,orbisapi.com,base,other,,false,1.0000,31,32,3,97,2026-07-12T06:11:23.105+00:00
https://orbisapi.com/proxy/null-check-api-5a1402,orbisapi.com,base,other,,false,1.0000,31,34,3,97,2026-07-12T06:12:51.273+00:00
https://orbisapi.com/proxy/null-handler-api-bb491e,orbisapi.com,base,other,,false,1.0000,66,73,3,97,2026-07-14T06:19:38.99+00:00
https://orbisapi.com/proxy/number-base-converter-api-403a73,orbisapi.com,base,other,,false,1.0000,45,50,3,97,2026-07-17T06:15:52.789+00:00
https://orbisapi.com/proxy/number-clamp-api-abd53b,orbisapi.com,base,other,,false,1.0000,73,78,3,97,2026-07-14T06:22:04.069+00:00
https://orbisapi.com/proxy/number-extractor-api-262236,orbisapi.com,base,other,,false,1.0000,66,79,3,97,2026-07-14T06:21:06.834+00:00
https://orbisapi.com/proxy/number-formatter-api-6cef97,orbisapi.com,base,other,,false,1.0000,66,71,3,97,2026-07-14T06:25:56.671+00:00
https://orbisapi.com/proxy/number-formatter-api-bc3016,orbisapi.com,base,other,,false,1.0000,70,71,3,97,2026-07-14T06:22:11.85+00:00
https://orbisapi.com/proxy/number-formatter-api-d0a006,orbisapi.com,base,other,,false,1.0000,44,51,3,97,2026-07-15T05:51:25.79+00:00
https://orbisapi.com/proxy/number-interpolator-api-ca207f,orbisapi.com,base,other,,false,1.0000,67,85,3,96,2026-07-14T06:21:55.597+00:00
https://orbisapi.com/proxy/number-parser-api-085abe,orbisapi.com,base,other,,false,1.0000,65,69,3,97,2026-07-14T06:21:51.807+00:00
https://orbisapi.com/proxy/number-range-api-2c9275,orbisapi.com,base,other,,false,1.0000,64,76,3,97,2026-07-14T06:19:44.87+00:00
https://orbisapi.com/proxy/number-range-checker-api-66a0f9,orbisapi.com,base,other,,false,1.0000,65,66,3,97,2026-07-14T06:22:07.294+00:00
https://orbisapi.com/proxy/number-rounder-api-469b53,orbisapi.com,base,other,,false,1.0000,68,73,3,97,2026-07-14T06:21:57.378+00:00
https://orbisapi.com/proxy/number-systems-api-9ec11d,orbisapi.com,base,other,,false,1.0000,49,49,3,97,2026-07-17T06:15:45.537+00:00
https://orbisapi.com/proxy/number-theory-basics-f162da/search,orbisapi.com,base;solana:5eykt4usfv8p8njdtrepy1vzqkqzkvdp,other,,false,1.0000,46,47,3,97,2026-07-11T06:17:09.644+00:00
https://orbisapi.com/proxy/numerical-integration-api-ee2fb3,orbisapi.com,base,other,,false,1.0000,60,91,6,96,2026-07-13T07:30:48.349+00:00
https://orbisapi.com/proxy/numerical-stability-api-8ff13e,orbisapi.com,base,other,,false,1.0000,62,94,6,96,2026-07-13T07:30:40.215+00:00
https://orbisapi.com/proxy/numerology-guide-161b45,orbisapi.com,base,other,,false,1.0000,77,88,3,96,2026-07-16T06:36:37.27+00:00
https://orbisapi.com/proxy/nutrient-balance-calculator-api-9afa95,orbisapi.com,base,other,,false,1.0000,47,64,3,97,2026-07-11T06:15:22.037+00:00
https://orbisapi.com/proxy/nutrition-basics-api-a3cb2a,orbisapi.com,base,other,,false,1.0000,48,50,3,97,2026-07-17T06:15:24.304+00:00
https://orbisapi.com/proxy/nutrition-calculator-api-400cf0,orbisapi.com,base,other,,false,1.0000,82,104,3,96,2026-07-16T06:40:01.76+00:00
https://orbisapi.com/proxy/nutrition-coaching-api-7400c1,orbisapi.com,base,other,,false,1.0000,90,95,3,96,2026-07-13T07:36:43.603+00:00
https://orbisapi.com/proxy/nutrition-density-score-api-24c6f9,orbisapi.com,base,other,,false,1.0000,33,36,3,97,2026-07-12T06:12:54.118+00:00
https://orbisapi.com/proxy/nutrition-facts-api-17d235,orbisapi.com,base,other,,false,1.0000,45,46,3,97,2026-07-15T05:54:25.619+00:00
https://orbisapi.com/proxy/oauth-2-0-guide-api-a4cefd,orbisapi.com,base,other,,false,1.0000,43,44,3,97,2026-07-15T05:49:50.174+00:00
https://orbisapi.com/proxy/oauth-guide-api-3f879d,orbisapi.com,base,other,,false,1.0000,63,66,3,97,2026-07-14T06:19:25.461+00:00
https://orbisapi.com/proxy/object-merger-api-9ed7e0,orbisapi.com,base,other,,false,1.0000,64,86,6,97,2026-07-17T06:12:25.604+00:00
https://orbisapi.com/proxy/obligation-tracking-score-api-3dbea3,orbisapi.com,base,other,,false,1.0000,50,55,3,97,2026-07-11T06:15:25.318+00:00
https://orbisapi.com/proxy/observability-maturity-api-236a20,orbisapi.com,base,other,,false,1.0000,89,91,3,96,2026-07-13T07:38:09.116+00:00
https://orbisapi.com/proxy/observability-maturity-scorer-api-8dafdf,orbisapi.com,base,other,,false,1.0000,92,92,3,96,2026-07-13T07:35:48.646+00:00
https://orbisapi.com/proxy/observation-quality-score-api-cd0122,orbisapi.com,base,other,,false,1.0000,47,48,3,97,2026-07-11T06:15:23.698+00:00
https://orbisapi.com/proxy/observer-pattern-guide-api-176ba4,orbisapi.com,base,other,,false,1.0000,41,42,3,97,2026-07-15T05:49:50.35+00:00
https://orbisapi.com/proxy/occurrence-counter-api-faea95,orbisapi.com,base,other,,false,1.0000,31,31,3,97,2026-07-12T06:12:47.34+00:00
https://orbisapi.com/proxy/ocean-acidification-score-api-a96a71,orbisapi.com,base,other,,false,1.0000,49,49,3,97,2026-07-11T06:15:56.257+00:00
https://orbisapi.com/proxy/ocean-basins-ac9d9d,orbisapi.com,base,other,,false,1.0000,79,84,3,97,2026-07-16T06:42:02.705+00:00
https://orbisapi.com/proxy/ocean-creatures-api-d65456,orbisapi.com,base,other,,false,1.0000,156,156,3,94,2026-07-17T06:15:15.015+00:00
https://orbisapi.com/proxy/ocean-data-api-d64158,orbisapi.com,base,other,,false,1.0000,48,49,3,97,2026-07-17T06:15:58.603+00:00
https://orbisapi.com/proxy/ocean-facts-api-47f285,orbisapi.com,base,other,,false,1.0000,49,50,3,97,2026-07-17T06:15:15.483+00:00
https://orbisapi.com/proxy/ocean-zones-df6ada,orbisapi.com,base,other,,false,1.0000,82,82,3,96,2026-07-16T06:37:04.461+00:00
https://orbisapi.com/proxy/oceanian-geography-3500ab,orbisapi.com,base,other,,false,1.0000,94,105,3,96,2026-07-16T06:36:59.781+00:00
https://orbisapi.com/proxy/odds-data-api-7eb390,orbisapi.com,base,other,,false,1.0000,45,50,3,97,2026-07-15T05:54:42.348+00:00
https://orbisapi.com/proxy/oee-calculator-api-55b612,orbisapi.com,base,other,,false,1.0000,31,32,3,97,2026-07-12T06:12:53.976+00:00
https://orbisapi.com/proxy/offensive-content-check-46ef60,orbisapi.com,base,other,,false,1.0000,42,44,3,97,2026-07-15T05:55:08.885+00:00
https://orbisapi.com/proxy/offer-acceptance-scorer-api-47c8a6,orbisapi.com,base,other,,false,1.0000,51,52,3,97,2026-07-17T06:18:27.465+00:00
https://orbisapi.com/proxy/office-lunch-planner-api-d828e4,orbisapi.com,base,other,,false,1.0000,46,48,3,97,2026-07-11T06:14:54.163+00:00
https://orbisapi.com/proxy/og-image-spec-api-bc3826,orbisapi.com,base,other,,false,1.0000,80,95,6,97,2026-07-14T06:18:52.939+00:00
https://orbisapi.com/proxy/ohms-law-calculator-api-25ad84,orbisapi.com,base,other,,false,1.0000,66,72,3,97,2026-07-14T06:21:51.472+00:00
https://orbisapi.com/proxy/oil-change-interval-api-393e7b,orbisapi.com,base;solana:5eykt4usfv8p8njdtrepy1vzqkqzkvdp,other,,false,1.0000,33,38,3,97,2026-07-12T06:11:28.757+00:00
https://orbisapi.com/proxy/okr-score-api-9c3242,orbisapi.com,base,other,,false,1.0000,71,122,6,96,2026-07-13T07:30:36.651+00:00
https://orbisapi.com/proxy/okr-scorer-api-1d8304,orbisapi.com,base,other,,false,1.0000,51,54,3,97,2026-07-17T06:18:14.01+00:00
https://orbisapi.com/proxy/okr-template-generator-api-207f2e,orbisapi.com,base,other,,false,1.0000,65,67,3,97,2026-07-14T06:19:24.799+00:00
https://orbisapi.com/proxy/olympic-history-api-323fe3,orbisapi.com,base,other,,false,1.0000,50,55,3,97,2026-07-17T06:16:44.29+00:00
https://orbisapi.com/proxy/omega-ratio-calculator-api-4d3930,orbisapi.com,base,other,,false,1.0000,46,65,3,97,2026-07-11T06:15:26.289+00:00
https://orbisapi.com/proxy/on-call-burnout-scorer-api-ee06c2,orbisapi.com,base;solana:5eykt4usfv8p8njdtrepy1vzqkqzkvdp,other,,false,1.0000,90,95,3,96,2026-07-13T07:35:51.423+00:00
https://orbisapi.com/proxy/on-chain-data-api-ec9d9d,orbisapi.com,base,other,,false,1.0000,31,32,3,97,2026-07-12T06:11:26.53+00:00
https://orbisapi.com/proxy/on-chain-metrics-scorer-api-fcde2c,orbisapi.com,base,other,,false,1.0000,110,110,3,96,2026-07-13T07:34:15.591+00:00
https://orbisapi.com/proxy/on-chain-volume-score-api-7e996b,orbisapi.com,base,other,,false,1.0000,33,39,3,97,2026-07-12T06:11:42.08+00:00
https://orbisapi.com/proxy/on-chain-wallet-scoring-api-a4fbb5/openapi,orbisapi.com,base;solana:5eykt4usfv8p8njdtrepy1vzqkqzkvdp,other,,false,1.0000,49,53,3,97,2026-07-11T06:11:53.196+00:00
https://orbisapi.com/proxy/onboarding-checklist-api-b00c3f,orbisapi.com,base,other,,false,1.0000,85,92,6,97,2026-07-14T06:18:18.538+00:00
https://orbisapi.com/proxy/oop-concepts-guide-api-1b7313,orbisapi.com,base;solana:5eykt4usfv8p8njdtrepy1vzqkqzkvdp,other,,false,1.0000,46,50,3,97,2026-07-15T05:49:32.261+00:00
https://orbisapi.com/proxy/open-access-score-api-2c6377,orbisapi.com,base,other,,false,1.0000,33,36,3,97,2026-07-12T06:11:54.868+00:00
https://orbisapi.com/proxy/open-library-api-ca0a44,orbisapi.com,base,other,,false,1.0000,50,51,3,97,2026-07-17T06:17:05.676+00:00
https://orbisapi.com/proxy/open-redirect-checker-api-2da88e,orbisapi.com,base,other,,false,1.0000,64,67,3,97,2026-07-14T06:21:55.252+00:00
https://orbisapi.com/proxy/open-source-crypto-api-ee48e5,orbisapi.com,base,other,,false,1.0000,63,64,3,97,2026-07-14T06:24:27.537+00:00
https://orbisapi.com/proxy/open-source-models-guide-api-6cad24,orbisapi.com,base,other,,false,1.0000,43,45,3,97,2026-07-15T05:49:37.801+00:00
https://orbisapi.com/proxy/open-source-sustainability-guide-api-0869cf,orbisapi.com,base;solana:5eykt4usfv8p8njdtrepy1vzqkqzkvdp,other,,false,1.0000,44,50,3,97,2026-07-15T05:49:31.374+00:00
https://orbisapi.com/proxy/openai-models-guide-api-3f4cbb,orbisapi.com,base,other,,false,1.0000,68,79,3,97,2026-07-14T06:20:28.66+00:00
https://orbisapi.com/proxy/openapi-spec-quality-scorer-api-09af65,orbisapi.com,base,other,,false,1.0000,91,94,3,96,2026-07-13T07:35:37.875+00:00
https://orbisapi.com/proxy/openapi-specification-guide-api-800f47,orbisapi.com,base;solana:5eykt4usfv8p8njdtrepy1vzqkqzkvdp,other,,false,1.0000,40,42,3,97,2026-07-15T05:50:09.393+00:00
https://orbisapi.com/proxy/opencritic-games-api-183a5c/format,orbisapi.com,base;solana:5eykt4usfv8p8njdtrepy1vzqkqzkvdp,other,,false,1.0000,51,56,3,97,2026-07-17T06:14:56.359+00:00
https://orbisapi.com/proxy/opentelemetry-span-analyzer-api-58d7a2,orbisapi.com,base,other,,false,1.0000,89,92,3,96,2026-07-13T07:39:39.13+00:00
https://orbisapi.com/proxy/opera-guide-371438,orbisapi.com,base,other,,false,1.0000,82,86,3,96,2026-07-16T06:41:55.185+00:00
https://orbisapi.com/proxy/opinion-dynamics-score-api-8060e9,orbisapi.com,base,other,,false,1.0000,49,49,3,97,2026-07-11T06:15:23.456+00:00
https://orbisapi.com/proxy/opinion-extractor-api-1e134f,orbisapi.com,base,other,,false,1.0000,62,92,6,96,2026-07-13T07:30:51.545+00:00
https://orbisapi.com/proxy/optical-latency-calculator-api-ac696c/compare,orbisapi.com,base;solana:5eykt4usfv8p8njdtrepy1vzqkqzkvdp,other,,false,1.0000,49,52,3,97,2026-07-17T06:14:41.366+00:00
https://orbisapi.com/proxy/optics-calculator-api-d3d372,orbisapi.com,base,other,,false,1.0000,62,93,6,96,2026-07-13T07:30:47.103+00:00
https://orbisapi.com/proxy/optimization-classifier-api-5df752,orbisapi.com,base,other,,false,1.0000,33,34,3,97,2026-07-12T06:12:50.444+00:00
https://orbisapi.com/proxy/option-pool-calculator-api-717b09,orbisapi.com,base,other,,false,1.0000,50,52,3,97,2026-07-17T06:17:52.712+00:00
https://orbisapi.com/proxy/options-breakeven-api-ca9f8a,orbisapi.com,base,other,,false,1.0000,57,71,3,97,2026-07-14T06:26:32.981+00:00
https://orbisapi.com/proxy/options-greeks-api-8c29d1,orbisapi.com,base,other,,false,1.0000,31,32,3,97,2026-07-12T06:12:54.388+00:00
https://orbisapi.com/proxy/options-sensitivity-api-5c8ac4,orbisapi.com,base;solana:5eykt4usfv8p8njdtrepy1vzqkqzkvdp,other,,false,1.0000,89,91,3,96,2026-07-16T06:40:28.954+00:00
https://orbisapi.com/proxy/oracle-risk-guide-api-908f1c,orbisapi.com,base,other,,false,1.0000,47,50,3,97,2026-07-17T06:17:55.841+00:00
https://orbisapi.com/proxy/oral-hygiene-score-api-ce4d10,orbisapi.com,base,other,,false,1.0000,46,48,3,97,2026-07-11T06:17:52.672+00:00
https://orbisapi.com/proxy/orbis-embeddings-api,orbisapi.com,base,other,,false,1.0000,50,57,3,97,2026-07-17T06:16:19.1+00:00
https://orbisapi.com/proxy/orbis-hf-api,orbisapi.com,base,other,,false,1.0000,48,52,3,97,2026-07-17T06:16:24.58+00:00
https://orbisapi.com/proxy/orbital-period-calculator-api-20f2f2,orbisapi.com,base,other,,false,1.0000,31,36,3,97,2026-07-12T06:11:27.073+00:00
https://orbisapi.com/proxy/order-calculator-api-a35e5b,orbisapi.com,base,other,,false,1.0000,79,96,3,96,2026-07-16T06:40:06.381+00:00
https://orbisapi.com/proxy/order-status-tracker-api-ad62a1,orbisapi.com,base,other,,false,1.0000,81,90,6,97,2026-07-14T06:18:27.137+00:00
https://orbisapi.com/proxy/order-value-optimizer-api-105d95,orbisapi.com,base,other,,false,1.0000,91,115,6,96,2026-07-14T06:18:08.381+00:00
https://orbisapi.com/proxy/orderbook-score-api-1aae90/analyze,orbisapi.com,base;solana:5eykt4usfv8p8njdtrepy1vzqkqzkvdp,other,,false,1.0000,58,62,3,97,2026-07-17T06:15:03.861+00:00
https://orbisapi.com/proxy/ore-grade-calculator-api-0b079c,orbisapi.com,base,other,,false,1.0000,30,31,3,97,2026-07-12T06:11:15.307+00:00
https://orbisapi.com/proxy/orf-finder-api-abe172,orbisapi.com,base,other,,false,1.0000,30,31,3,97,2026-07-12T06:11:24.442+00:00
https://orbisapi.com/proxy/org-capacity-score-api-efefee,orbisapi.com,base,other,,false,1.0000,30,32,3,97,2026-07-12T06:11:25.864+00:00
https://orbisapi.com/proxy/org-chart-analyzer-api-cb6a02,orbisapi.com,base,other,,false,1.0000,78,92,6,97,2026-07-14T06:18:20.258+00:00
https://orbisapi.com/proxy/org-chart-analyzer-api-ef9cbb,orbisapi.com,base,other,,false,1.0000,51,54,3,97,2026-07-17T06:17:09.569+00:00
https://orbisapi.com/proxy/org-chart-cost-estimator-api-22b28f,orbisapi.com,base,other,,false,1.0000,52,52,3,97,2026-07-17T06:18:21.671+00:00
https://orbisapi.com/proxy/org-chart-parser-api-2a9b83,orbisapi.com,base,other,,false,1.0000,61,93,6,96,2026-07-13T07:30:39.731+00:00
https://orbisapi.com/proxy/org-name-detect-f0f7ed,orbisapi.com,base,other,,false,1.0000,45,46,3,97,2026-07-15T05:54:26.427+00:00
https://orbisapi.com/proxy/org-network-score-api-1b7e21,orbisapi.com,base,other,,false,1.0000,47,47,3,97,2026-07-11T06:17:49.771+00:00
https://orbisapi.com/proxy/organ-systems-065298,orbisapi.com,base,other,,false,1.0000,85,93,3,96,2026-07-16T06:36:46.13+00:00
https://orbisapi.com/proxy/organizational-agility-score-api-4d1210,orbisapi.com,base,other,,false,1.0000,30,35,3,97,2026-07-12T06:11:29.328+00:00
https://orbisapi.com/proxy/organizational-health-score-api-858464,orbisapi.com,base,other,,false,1.0000,31,32,3,97,2026-07-12T06:11:26+00:00
https://orbisapi.com/proxy/organizational-silos-detector-api-3a1ef4,orbisapi.com,base,other,,false,1.0000,33,33,3,97,2026-07-12T06:10:40.779+00:00
https://orbisapi.com/proxy/origami-guide-3aaed4,orbisapi.com,base,other,,false,1.0000,85,90,3,96,2026-07-16T06:41:44.757+00:00
https://orbisapi.com/proxy/orphan-drug-qualification-api-19e74a,orbisapi.com,base,other,,false,1.0000,48,52,3,97,2026-07-11T06:15:17.811+00:00
https://orbisapi.com/proxy/orphan-exclusivity-calculator-api-62cd0e,orbisapi.com,base,other,,false,1.0000,60,65,3,97,2026-07-14T06:20:28.326+00:00
https://orbisapi.com/proxy/orthodontic-complexity-score-api-7b3375,orbisapi.com,base,other,,false,1.0000,31,37,3,97,2026-07-12T06:12:04.139+00:00
https://orbisapi.com/proxy/orthosis-fit-score-api-4f336c,orbisapi.com,base,other,,false,1.0000,74,75,3,97,2026-07-14T06:23:16.775+00:00
https://orbisapi.com/proxy/os-error-codes-guide-api-df22cc,orbisapi.com,base,other,,false,1.0000,44,45,3,97,2026-07-15T05:49:27.991+00:00
https://orbisapi.com/proxy/oscar-history-560957,orbisapi.com,base,other,,false,1.0000,82,83,3,96,2026-07-16T06:36:36.886+00:00
https://orbisapi.com/proxy/osteoporosis-risk-score-api-9583c1,orbisapi.com,base,other,,false,1.0000,68,71,3,97,2026-07-14T06:23:19.557+00:00
https://orbisapi.com/proxy/ota-update-score-api-a3cc5f,orbisapi.com,base,other,,false,1.0000,32,39,3,97,2026-07-12T06:10:10.748+00:00
https://orbisapi.com/proxy/out-of-pocket-max-calculator-api-731b63,orbisapi.com,base,other,,false,1.0000,43,54,3,97,2026-07-15T05:50:57.367+00:00
https://orbisapi.com/proxy/outage-duration-calculator-api-dfe295,orbisapi.com,base,other,,false,1.0000,48,49,3,97,2026-07-11T06:15:16.774+00:00
https://orbisapi.com/proxy/outbound-sequence-analyzer-api-71bb4b,orbisapi.com,base,other,,false,1.0000,90,92,3,96,2026-07-13T07:34:45.557+00:00
https://orbisapi.com/proxy/outlier-detector-api-066b59,orbisapi.com,base,other,,false,1.0000,63,66,3,97,2026-07-14T06:19:42.7+00:00
https://orbisapi.com/proxy/outlier-detector-api-8739db,orbisapi.com,base,other,,false,1.0000,31,33,3,97,2026-07-12T06:12:51.409+00:00
https://orbisapi.com/proxy/outlier-flag-api-8b1af1,orbisapi.com,base,other,,false,1.0000,68,74,3,97,2026-07-14T06:22:07.631+00:00
https://orbisapi.com/proxy/output-comparator-api-0321e6,orbisapi.com,base,other,,false,1.0000,65,76,3,97,2026-07-14T06:21:12.087+00:00
https://orbisapi.com/proxy/output-consistency-checker-api-3e2b97,orbisapi.com,base,other,,false,1.0000,93,95,3,96,2026-07-13T07:33:55.575+00:00
https://orbisapi.com/proxy/output-format-enforcer-api-135fa7,orbisapi.com,base,other,,false,1.0000,53,56,3,97,2026-07-17T06:14:58.077+00:00
https://orbisapi.com/proxy/output-formatter-api-b0a30c,orbisapi.com,base,other,,false,1.0000,83,84,3,96,2026-07-16T06:40:04.068+00:00
https://orbisapi.com/proxy/overbooking-calculator-api-6030d7,orbisapi.com,base,other,,false,1.0000,30,32,3,97,2026-07-12T06:12:19.052+00:00
https://orbisapi.com/proxy/overconfidence-score-api-e231b4,orbisapi.com,base,other,,false,1.0000,51,52,3,97,2026-07-17T06:14:54.891+00:00
https://orbisapi.com/proxy/overhead-ratio-calculator-api-88821e,orbisapi.com,base,other,,false,1.0000,61,100,6,96,2026-07-13T07:30:48.829+00:00
https://orbisapi.com/proxy/overtime-calculator-api-542edc,orbisapi.com,base,other,,false,1.0000,62,70,3,97,2026-07-14T06:21:52.916+00:00
https://orbisapi.com/proxy/overtime-cost-calculator-api-743a27,orbisapi.com,base,other,,false,1.0000,50,52,3,97,2026-07-17T06:18:20.753+00:00
https://orbisapi.com/proxy/owasp-top-ten-guide-api-6bdfc8,orbisapi.com,base,other,,false,1.0000,42,48,3,97,2026-07-15T05:49:43.02+00:00
https://orbisapi.com/proxy/ozone-risk-score-api-3c8454,orbisapi.com,base,other,,false,1.0000,48,48,3,97,2026-07-11T06:15:19.867+00:00
https://orbisapi.com/proxy/p-e-ratio-api-3ede98,orbisapi.com,base,other,,false,1.0000,71,71,3,97,2026-07-14T06:26:21.907+00:00
https://orbisapi.com/proxy/p2p-default-score-api-4c7d9b,orbisapi.com,base,other,,false,1.0000,31,33,3,97,2026-07-12T06:11:28.895+00:00
https://orbisapi.com/proxy/package-json-validator-api-aec93a,orbisapi.com,base,other,,false,1.0000,66,71,3,97,2026-07-14T06:19:41.015+00:00
https://orbisapi.com/proxy/packaging-cost-optimizer-api-451f23,orbisapi.com,base,other,,false,1.0000,71,77,3,97,2026-07-14T06:23:05.942+00:00
https://orbisapi.com/proxy/packaging-footprint-api-20e942,orbisapi.com,base,other,,false,1.0000,33,34,3,97,2026-07-12T06:11:26.672+00:00
https://orbisapi.com/proxy/packaging-lifecycle-score-api-2d1b41,orbisapi.com,base,other,,false,1.0000,49,50,3,97,2026-07-11T06:15:17.582+00:00
https://orbisapi.com/proxy/packaging-weight-optimizer-api-fed5f9,orbisapi.com,base,other,,false,1.0000,33,33,3,97,2026-07-12T06:12:30.262+00:00
https://orbisapi.com/proxy/packet-loss-calculator-api-2bd924,orbisapi.com,base,other,,false,1.0000,61,93,6,96,2026-07-13T07:30:41.229+00:00
https://orbisapi.com/proxy/packing-list-generator-api-f0d998,orbisapi.com,base,other,,false,1.0000,95,124,3,96,2026-07-16T06:35:02.225+00:00
https://orbisapi.com/proxy/packing-weight-calculator-api-191dc7,orbisapi.com,base;solana:5eykt4usfv8p8njdtrepy1vzqkqzkvdp,other,,false,1.0000,31,31,3,97,2026-07-12T06:11:25+00:00
https://orbisapi.com/proxy/page-layout-classifier-api-a21e25,orbisapi.com,base,other,,false,1.0000,61,112,6,96,2026-07-13T07:30:40.73+00:00
https://orbisapi.com/proxy/page-speed-advisor-api-c5ffe3,orbisapi.com,base,other,,false,1.0000,83,91,6,97,2026-07-14T06:18:52.608+00:00
https://orbisapi.com/proxy/page-speed-advisor-api-f7727c,orbisapi.com,base,other,,false,1.0000,51,55,3,97,2026-07-17T06:15:04.699+00:00
https://orbisapi.com/proxy/page-speed-scorer-api-9d5cc7,orbisapi.com,base,other,,false,1.0000,50,55,3,97,2026-07-17T06:18:23.413+00:00
https://orbisapi.com/proxy/pagination-calculator-api-6b4484,orbisapi.com,base,other,,false,1.0000,67,72,3,97,2026-07-14T06:19:51.902+00:00
https://orbisapi.com/proxy/pagination-detector-api-67681d,orbisapi.com,base,other,,false,1.0000,55,59,3,97,2026-07-17T06:15:06.354+00:00
https://orbisapi.com/proxy/paid-organic-ratio-api-0b78a1,orbisapi.com,base,other,,false,1.0000,32,33,3,97,2026-07-12T06:11:26.283+00:00
https://orbisapi.com/proxy/pain-scale-guide-api-218eaf,orbisapi.com,base,other,,false,1.0000,89,140,3,96,2026-07-16T06:41:02.091+00:00
https://orbisapi.com/proxy/paint-quantity-calculator-api-c39802,orbisapi.com,base,other,,false,1.0000,30,36,3,97,2026-07-12T06:12:30.967+00:00
https://orbisapi.com/proxy/painting-techniques-b226bd/info,orbisapi.com,base;solana:5eykt4usfv8p8njdtrepy1vzqkqzkvdp,other,,false,1.0000,47,47,3,97,2026-07-11T06:11:53.428+00:00
https://orbisapi.com/proxy/palliative-care-score-api-2d5c28,orbisapi.com,base,other,,false,1.0000,48,50,3,97,2026-07-11T06:15:10.992+00:00
https://orbisapi.com/proxy/palliative-care-score-api-2d5c28/classify,orbisapi.com,base;solana:5eykt4usfv8p8njdtrepy1vzqkqzkvdp,other,,false,1.0000,49,52,3,97,2026-07-17T06:14:41.597+00:00
https://orbisapi.com/proxy/pandemic-history-guide-0e3ea9,orbisapi.com,base,other,,false,1.0000,87,92,3,96,2026-07-16T06:37:04.071+00:00
https://orbisapi.com/proxy/paper-crafts-guide-1be33a,orbisapi.com,base,other,,false,1.0000,79,92,3,96,2026-07-16T06:41:49.901+00:00
https://orbisapi.com/proxy/parallax-distance-calculator-api-117ad7,orbisapi.com,base,other,,false,1.0000,29,36,3,97,2026-07-12T06:11:29.033+00:00
https://orbisapi.com/proxy/parasite-load-score-api-707a3a,orbisapi.com,base,other,,false,1.0000,33,33,3,97,2026-07-12T06:11:21.38+00:00
https://orbisapi.com/proxy/parasite-risk-calculator-api-8aac31,orbisapi.com,base,other,,false,1.0000,30,35,3,97,2026-07-12T06:11:24.022+00:00
https://orbisapi.com/proxy/paris-alignment-score-api-55b4e4,orbisapi.com,base,other,,false,1.0000,48,51,3,97,2026-07-11T06:15:14.151+00:00
https://orbisapi.com/proxy/parking-fee-calculator-api-054c17,orbisapi.com,base,other,,false,1.0000,30,31,3,97,2026-07-12T06:11:25.438+00:00
https://orbisapi.com/proxy/parking-supply-calculator-api-876333,orbisapi.com,base,other,,false,1.0000,33,43,3,97,2026-07-12T06:11:27.751+00:00
https://orbisapi.com/proxy/parlay-odds-calculator-api-b93d3e,orbisapi.com,base,other,,false,1.0000,32,62,3,96,2026-07-12T06:11:22.833+00:00
https://orbisapi.com/proxy/parse-tree-score-api-4b8ba5,orbisapi.com,base,other,,false,1.0000,46,47,3,97,2026-07-11T06:15:18.274+00:00
https://orbisapi.com/proxy/part-of-speech-tagger-api-b3482b,orbisapi.com,base,other,,false,1.0000,31,31,3,97,2026-07-12T06:12:48.935+00:00
https://orbisapi.com/proxy/part-traceability-score-api-50a93b,orbisapi.com,base,other,,false,1.0000,30,31,3,97,2026-07-12T06:12:32.943+00:00
https://orbisapi.com/proxy/passive-income-api-c05ce3,orbisapi.com,base,other,,false,1.0000,65,72,3,97,2026-07-14T06:24:57.278+00:00
https://orbisapi.com/proxy/passive-income-tax-analyzer-api-ab5594,orbisapi.com,base,other,,false,1.0000,93,93,3,96,2026-07-13T07:34:52.917+00:00
https://orbisapi.com/proxy/passive-voice-detector-api-52a7f3,orbisapi.com,base,other,,false,1.0000,31,33,3,97,2026-07-12T06:12:54.252+00:00
https://orbisapi.com/proxy/passive-voice-detector-api-ba4ced/parse,orbisapi.com,base;solana:5eykt4usfv8p8njdtrepy1vzqkqzkvdp,other,,false,1.0000,49,50,3,97,2026-07-17T06:14:23.923+00:00
https://orbisapi.com/proxy/passport-number-validator-api-59a9be,orbisapi.com,base,other,,false,1.0000,63,64,3,97,2026-07-14T06:21:52.123+00:00
https://orbisapi.com/proxy/passport-requirement-checker-api-fdd781,orbisapi.com,base,other,,false,1.0000,31,31,3,97,2026-07-12T06:11:24.156+00:00
https://orbisapi.com/proxy/password-auditor-api-a9c91b,orbisapi.com,base,other,,false,1.0000,70,79,3,97,2026-07-14T06:19:20.979+00:00
https://orbisapi.com/proxy/password-checker-api-641fb3,orbisapi.com,base,other,,false,1.0000,68,82,3,96,2026-07-14T06:24:49.602+00:00
https://orbisapi.com/proxy/password-crack-time-api-14b399,orbisapi.com,base,other,,false,1.0000,31,33,3,97,2026-07-12T06:12:50.712+00:00
https://orbisapi.com/proxy/password-entropy-api-94e93a,orbisapi.com,base;solana:5eykt4usfv8p8njdtrepy1vzqkqzkvdp,other,,false,1.0000,44,44,3,97,2026-07-15T05:51:08.61+00:00
https://orbisapi.com/proxy/password-generator-api-5cf711,orbisapi.com,base,other,,false,1.0000,50,54,3,97,2026-07-17T06:17:19.546+00:00
https://orbisapi.com/proxy/password-generator-api-d80ab8,orbisapi.com,base,other,,false,1.0000,50,53,3,97,2026-07-17T06:15:48.304+00:00
https://orbisapi.com/proxy/password-security-checker-api-cf0ec0,orbisapi.com,base,other,,false,1.0000,48,50,3,97,2026-07-17T06:13:37.615+00:00
https://orbisapi.com/proxy/password-strength-analyzer-api-76ff28,orbisapi.com,base,other,,false,1.0000,91,92,3,96,2026-07-13T07:37:45.551+00:00
https://orbisapi.com/proxy/password-strength-analyzer-api-a704ac,orbisapi.com,base,other,,false,1.0000,41,42,3,97,2026-07-15T05:51:13.304+00:00
https://orbisapi.com/proxy/password-strength-api-e36916,orbisapi.com,base,other,,false,1.0000,68,69,3,97,2026-07-14T06:26:18.702+00:00
https://orbisapi.com/proxy/patch-priority-score-api-608c9a,orbisapi.com,base,other,,false,1.0000,32,33,3,97,2026-07-12T06:11:25.14+00:00
https://orbisapi.com/proxy/patent-claim-scorer-api-30f613,orbisapi.com,base,other,,false,1.0000,51,52,3,97,2026-07-17T06:17:47.29+00:00
https://orbisapi.com/proxy/patent-expiry-calculator-api-05a1a2,orbisapi.com,base,other,,false,1.0000,30,32,3,97,2026-07-12T06:11:21.52+00:00
https://orbisapi.com/proxy/patent-family-mapper-api-0efb0b,orbisapi.com,base;solana:5eykt4usfv8p8njdtrepy1vzqkqzkvdp,other,,false,1.0000,33,34,3,97,2026-07-12T06:11:24.589+00:00
https://orbisapi.com/proxy/patent-scope-score-api-630d5a,orbisapi.com,base,other,,false,1.0000,31,32,3,97,2026-07-12T06:11:26.144+00:00
https://orbisapi.com/proxy/patient-app-engagement-score-api-119eb3,orbisapi.com,base,other,,false,1.0000,46,48,3,97,2026-07-11T06:15:15.617+00:00
https://orbisapi.com/proxy/patient-flow-calculator-api-610677,orbisapi.com,base,other,,false,1.0000,30,31,3,97,2026-07-12T06:11:25.723+00:00
https://orbisapi.com/proxy/patient-registry-score-api-615a8c,orbisapi.com,base,other,,false,1.0000,48,53,3,97,2026-07-11T06:15:18.044+00:00
https://orbisapi.com/proxy/patrol-coverage-score-api-070926,orbisapi.com,base;solana:5eykt4usfv8p8njdtrepy1vzqkqzkvdp,other,,false,1.0000,50,51,3,97,2026-07-11T06:15:09.583+00:00
https://orbisapi.com/proxy/pattern-recognition-score-api-68ecdf,orbisapi.com,base,other,,false,1.0000,48,49,3,97,2026-07-11T06:15:15.844+00:00
https://orbisapi.com/proxy/pause-vs-cancel-score-api-abe3da,orbisapi.com,base,other,,false,1.0000,46,50,3,97,2026-07-11T06:15:12.028+00:00
https://orbisapi.com/proxy/pay-equity-calculator-api-c6d970,orbisapi.com,base,other,,false,1.0000,50,51,3,97,2026-07-11T06:15:18.508+00:00
https://orbisapi.com/proxy/payback-period-calculator-api-9db5b2,orbisapi.com,base,other,,false,1.0000,48,49,3,97,2026-07-11T06:15:16.077+00:00
https://orbisapi.com/proxy/payback-period-estimator-api-a2e1cd,orbisapi.com,base,other,,false,1.0000,51,52,3,97,2026-07-17T06:17:59.645+00:00
https://orbisapi.com/proxy/payload-size-optimizer-api-565c10,orbisapi.com,base,other,,false,1.0000,65,66,3,97,2026-07-14T06:22:09.32+00:00
https://orbisapi.com/proxy/payload-sizer-api-c63936,orbisapi.com,base,other,,false,1.0000,66,71,3,97,2026-07-14T06:19:54.744+00:00
https://orbisapi.com/proxy/payment-fee-calculator-api-68bce3/validate,orbisapi.com,base;solana:5eykt4usfv8p8njdtrepy1vzqkqzkvdp,other,,false,1.0000,53,60,3,97,2026-07-17T06:14:31.512+00:00
https://orbisapi.com/proxy/payment-fee-calculator-api-864414,orbisapi.com,base,other,,false,1.0000,43,43,3,97,2026-07-15T05:49:21.142+00:00
https://orbisapi.com/proxy/payment-provider-detector-api-f8af72,orbisapi.com,base,other,,false,1.0000,67,75,3,97,2026-07-14T06:22:15.094+00:00
https://orbisapi.com/proxy/payment-retry-score-api-1410aa,orbisapi.com,base,other,,false,1.0000,49,50,3,97,2026-07-11T06:15:07.08+00:00
https://orbisapi.com/proxy/payment-terms-calculator-api-60626a,orbisapi.com,base,other,,false,1.0000,63,68,3,97,2026-07-14T06:22:05.928+00:00
https://orbisapi.com/proxy/payment-terms-calculator-api-fb458b,orbisapi.com,base;solana:5eykt4usfv8p8njdtrepy1vzqkqzkvdp,other,,false,1.0000,32,32,3,97,2026-07-12T06:11:21.824+00:00
https://orbisapi.com/proxy/payroll-burden-rate-api-a2a1ca,orbisapi.com,base,other,,false,1.0000,50,51,3,97,2026-07-17T06:18:24.339+00:00
https://orbisapi.com/proxy/payroll-calculator-api-9adb93,orbisapi.com,base,other,,false,1.0000,65,78,3,97,2026-07-14T06:24:54.412+00:00
https://orbisapi.com/proxy/payroll-calculator-api-ae3647,orbisapi.com,base,other,,false,1.0000,66,83,6,97,2026-07-17T06:12:25.121+00:00
https://orbisapi.com/proxy/payroll-tax-calculator-api-158437,orbisapi.com,base,other,,false,1.0000,50,51,3,97,2026-07-17T06:15:43.425+00:00
https://orbisapi.com/proxy/pcaob-compliance-checker-api-8003a3,orbisapi.com,base,other,,false,1.0000,84,95,3,96,2026-07-16T06:34:46.517+00:00
https://orbisapi.com/proxy/pci-dss-checker-api-41a924,orbisapi.com,base,other,,false,1.0000,73,75,3,97,2026-07-14T06:21:54.586+00:00
https://orbisapi.com/proxy/pcl-5-score-calculator-api-020ffe,orbisapi.com,base,other,,false,1.0000,50,54,3,97,2026-07-11T06:15:10.298+00:00
https://orbisapi.com/proxy/pcr-efficiency-calculator-api-ad56ed,orbisapi.com,base,other,,false,1.0000,31,32,3,97,2026-07-12T06:11:24.305+00:00
https://orbisapi.com/proxy/pdf-form-field-detector-api-b47f9d,orbisapi.com,base,other,,false,1.0000,68,69,3,97,2026-07-14T06:21:55.931+00:00
https://orbisapi.com/proxy/pdf-image-extract-d13dfd,orbisapi.com,base,other,,false,1.0000,43,44,3,97,2026-07-15T05:54:15.044+00:00
https://orbisapi.com/proxy/pdf-metadata-2c5a22,orbisapi.com,base,other,,false,1.0000,43,47,3,97,2026-07-15T05:53:36.858+00:00
https://orbisapi.com/proxy/pdf-page-count-03ff24,orbisapi.com,base,other,,false,1.0000,43,45,3,97,2026-07-15T05:54:15.648+00:00
https://orbisapi.com/proxy/pdf-table-extract-6a57d4,orbisapi.com,base,other,,false,1.0000,44,50,3,97,2026-07-15T05:53:56.821+00:00
https://orbisapi.com/proxy/pdf-to-json-03ff97,orbisapi.com,base,other,,false,1.0000,43,48,3,97,2026-07-15T05:53:55.535+00:00
https://orbisapi.com/proxy/pdf-to-pptx-api-862ca3,orbisapi.com,base,other,,false,1.0000,90,93,3,96,2026-07-13T07:36:47.856+00:00
https://orbisapi.com/proxy/pe-ratio-calculator-api-2b3bb3,orbisapi.com,base;solana:5eykt4usfv8p8njdtrepy1vzqkqzkvdp,other,,false,1.0000,63,65,3,97,2026-07-14T06:22:05.266+00:00
https://orbisapi.com/proxy/pe-ratio-calculator-api-7d7a3d,orbisapi.com,base,other,,false,1.0000,89,93,3,96,2026-07-13T07:34:31.296+00:00
https://orbisapi.com/proxy/peak-demand-calculator-api-eec5bb,orbisapi.com,base,other,,false,1.0000,46,50,3,97,2026-07-11T06:15:19.633+00:00
https://orbisapi.com/proxy/peer-calibration-score-api-55a19a,orbisapi.com,base,other,,false,1.0000,47,49,3,97,2026-07-11T06:15:16.539+00:00
https://orbisapi.com/proxy/peer-review-score-api-ff7fb1,orbisapi.com,base,other,,false,1.0000,32,32,3,97,2026-07-12T06:12:53.699+00:00
https://orbisapi.com/proxy/penetrance-calculator-api-96498e,orbisapi.com,base,other,,false,1.0000,46,49,3,97,2026-07-11T06:15:12.972+00:00
https://orbisapi.com/proxy/penetration-test-score-api-c5e06b,orbisapi.com,base,other,,false,1.0000,50,51,3,97,2026-07-11T06:15:09.017+00:00
https://orbisapi.com/proxy/peninsula-facts-bdb46e,orbisapi.com,base;solana:5eykt4usfv8p8njdtrepy1vzqkqzkvdp,other,,false,1.0000,88,89,3,96,2026-07-16T06:41:55.586+00:00
https://orbisapi.com/proxy/pension-benefit-calculator-api-3d920d,orbisapi.com,base,other,,false,1.0000,46,48,3,97,2026-07-11T06:15:15.393+00:00
https://orbisapi.com/proxy/pension-value-calculator-api-6a8814,orbisapi.com,base,other,,false,1.0000,66,95,6,97,2026-07-17T06:12:23.573+00:00
https://orbisapi.com/proxy/pension-vs-lump-sum-api-5bfac9,orbisapi.com,base,other,,false,1.0000,92,92,3,96,2026-07-13T07:36:59.836+00:00
https://orbisapi.com/proxy/pep-classifier-api-a1c6c9,orbisapi.com,base,other,,false,1.0000,33,36,3,97,2026-07-12T06:11:21.673+00:00
https://orbisapi.com/proxy/pep-screening-05af4f,orbisapi.com,base,other,,false,1.0000,42,43,3,97,2026-07-15T05:53:57.173+00:00
https://orbisapi.com/proxy/peptides-data-api,orbisapi.com,base,other,,false,1.0000,55,58,3,97,2026-07-17T06:16:45.939+00:00
https://orbisapi.com/proxy/per-task-budget-allocator-api-85c56c,orbisapi.com,base,other,,false,1.0000,91,91,3,96,2026-07-13T07:37:20.995+00:00
https://orbisapi.com/proxy/percentage-calculate-api-742cbe,orbisapi.com,base,other,,false,1.0000,67,70,3,97,2026-07-14T06:24:27.219+00:00
https://orbisapi.com/proxy/percentage-calculator-api-6e8422,orbisapi.com,base,other,,false,1.0000,71,75,3,97,2026-07-14T06:22:14.756+00:00
https://orbisapi.com/proxy/percentage-calculator-api-74a8b8,orbisapi.com,base;solana:5eykt4usfv8p8njdtrepy1vzqkqzkvdp,other,,false,1.0000,44,48,3,97,2026-07-15T05:51:23.722+00:00
https://orbisapi.com/proxy/percentile-calculator-api-5bb069,orbisapi.com,base,other,,false,1.0000,92,97,3,96,2026-07-13T07:39:27.859+00:00
https://orbisapi.com/proxy/percentile-rank-calculator-api-23f131,orbisapi.com,base,other,,false,1.0000,64,70,3,97,2026-07-14T06:21:54.212+00:00
https://orbisapi.com/proxy/performance-band-api-1f092a,orbisapi.com,base,other,,false,1.0000,33,35,3,97,2026-07-12T06:12:50.58+00:00
https://orbisapi.com/proxy/performance-budget-check-api-1007c1,orbisapi.com,base,other,,false,1.0000,89,91,3,96,2026-07-13T07:37:11.515+00:00
https://orbisapi.com/proxy/performance-decay-calculator-api-75c66a,orbisapi.com,base,other,,false,1.0000,83,95,3,96,2026-07-16T06:34:43.454+00:00
https://orbisapi.com/proxy/performance-rating-calculator-api-628887,orbisapi.com,base,other,,false,1.0000,50,54,3,97,2026-07-17T06:18:13.082+00:00
https://orbisapi.com/proxy/performance-rating-normalizer-api-14f9f5,orbisapi.com,base,other,,false,1.0000,62,69,3,97,2026-07-14T06:22:08.653+00:00
https://orbisapi.com/proxy/performance-review-analyzer-api-1ae758,orbisapi.com,base;solana:5eykt4usfv8p8njdtrepy1vzqkqzkvdp,other,,false,1.0000,90,91,3,96,2026-07-13T07:38:06.288+00:00
https://orbisapi.com/proxy/performance-review-api-9b8b92,orbisapi.com,base,other,,false,1.0000,78,91,6,97,2026-07-14T06:18:32.71+00:00
https://orbisapi.com/proxy/performance-royalty-score-api-a0f664,orbisapi.com,base,other,,false,1.0000,43,49,3,97,2026-07-15T05:51:01.79+00:00
https://orbisapi.com/proxy/performance-testing-guide-api-95e90a,orbisapi.com,base,other,,false,1.0000,47,48,3,97,2026-07-15T05:49:48.288+00:00
https://orbisapi.com/proxy/periodic-table-api-1604e9,orbisapi.com,base,other,,false,1.0000,80,87,3,96,2026-07-16T06:40:20.549+00:00
https://orbisapi.com/proxy/periodization-nutrition-api-05f5fa,orbisapi.com,base;solana:5eykt4usfv8p8njdtrepy1vzqkqzkvdp,other,,false,1.0000,46,46,3,97,2026-07-11T06:15:09.816+00:00
https://orbisapi.com/proxy/periodontal-stage-classifier-api-49ea9a,orbisapi.com,base,other,,false,1.0000,48,50,3,97,2026-07-11T06:15:07.548+00:00
https://orbisapi.com/proxy/permission-checker-api-e8910b,orbisapi.com,base,other,,false,1.0000,69,71,3,97,2026-07-14T06:19:23.472+00:00
https://orbisapi.com/proxy/perp-basis-live-api-fa6fa4,orbisapi.com,base,other,,false,1.0000,48,50,3,97,2026-07-11T06:12:27.273+00:00
https://orbisapi.com/proxy/person-company-lookup-228fd0,orbisapi.com,base,other,,false,1.0000,42,47,3,97,2026-07-15T05:53:37.039+00:00
https://orbisapi.com/proxy/person-email-find-ee15c7,orbisapi.com,base,other,,false,1.0000,41,43,3,97,2026-07-15T05:53:36.141+00:00
https://orbisapi.com/proxy/person-job-title-0bbd6c,orbisapi.com,base,other,,false,1.0000,41,44,3,97,2026-07-15T05:54:15.451+00:00
https://orbisapi.com/proxy/person-linkedin-lookup-78bb72,orbisapi.com,base,other,,false,1.0000,44,44,3,97,2026-07-15T05:53:56.438+00:00
https://orbisapi.com/proxy/person-location-lookup-c30e8b,orbisapi.com,base,other,,false,1.0000,44,45,3,97,2026-07-15T05:53:55.021+00:00
https://orbisapi.com/proxy/person-name-detect-7f6921,orbisapi.com,base,other,,false,1.0000,42,48,3,97,2026-07-15T05:53:35.597+00:00
https://orbisapi.com/proxy/persona-builder-api-e08110,orbisapi.com,base,other,,false,1.0000,88,90,3,96,2026-07-13T07:39:05.535+00:00
https://orbisapi.com/proxy/personal-development-planner-api-49d05c,orbisapi.com,base,other,,false,1.0000,91,92,3,96,2026-07-13T07:36:51.453+00:00
https://orbisapi.com/proxy/personal-finance-agent-api-94ddcc,orbisapi.com,base,other,,false,1.0000,48,49,3,97,2026-07-11T06:17:30.95+00:00
https://orbisapi.com/proxy/personal-finance-api-0fefd3,orbisapi.com,base,other,,false,1.0000,79,97,3,96,2026-07-16T06:39:30.404+00:00
https://orbisapi.com/proxy/personal-finance-api-0fefd3/finance/debt-payoff,orbisapi.com,base;solana:5eykt4usfv8p8njdtrepy1vzqkqzkvdp,other,,false,1.0000,49,50,3,97,2026-07-11T06:17:56.496+00:00
https://orbisapi.com/proxy/personal-finance-api-0fefd3/finance/retirement,orbisapi.com,base;solana:5eykt4usfv8p8njdtrepy1vzqkqzkvdp,other,,false,1.0000,48,51,3,97,2026-07-11T06:11:48.894+00:00
https://orbisapi.com/proxy/personal-loan-calculator-api-eba529,orbisapi.com,base,other,,false,1.0000,48,50,3,97,2026-07-17T06:18:33.141+00:00
https://orbisapi.com/proxy/personal-risk-score-api-60ab0f,orbisapi.com,base,other,,false,1.0000,30,33,3,97,2026-07-12T06:12:45.177+00:00
https://orbisapi.com/proxy/personality-types-api-b30636,orbisapi.com,base,other,,false,1.0000,48,48,3,97,2026-07-17T06:14:47.954+00:00
https://orbisapi.com/proxy/persuasion-techniques-33b8a7,orbisapi.com,base,other,,false,1.0000,82,83,3,97,2026-07-16T06:41:44.358+00:00
https://orbisapi.com/proxy/persuasive-writing-165a27,orbisapi.com,base,other,,false,1.0000,81,92,3,96,2026-07-16T06:36:47.28+00:00
https://orbisapi.com/proxy/pet-age-calculator-api-ac15df,orbisapi.com,base,other,,false,1.0000,78,79,3,97,2026-07-16T06:34:37.755+00:00
https://orbisapi.com/proxy/pet-body-condition-score-api-71a78d,orbisapi.com,base,other,,false,1.0000,33,33,3,97,2026-07-12T06:11:20.413+00:00
https://orbisapi.com/proxy/pet-calorie-calculator-api-2fa1da,orbisapi.com,base,other,,false,1.0000,30,37,3,97,2026-07-12T06:12:33.675+00:00
https://orbisapi.com/proxy/pet-insurance-guide-api-36043a,orbisapi.com,base,other,,false,1.0000,66,69,3,97,2026-07-14T06:24:31.164+00:00
https://orbisapi.com/proxy/pet-suv-calculator-api-457c0e,orbisapi.com,base,other,,false,1.0000,49,49,3,97,2026-07-11T06:15:13.219+00:00
https://orbisapi.com/proxy/pet-vaccine-schedule-api-22d40d,orbisapi.com,base,other,,false,1.0000,31,32,3,97,2026-07-12T06:11:19.738+00:00
https://orbisapi.com/proxy/ph-buffer-calculator-api-cb5595,orbisapi.com,base,other,,false,1.0000,82,99,3,96,2026-07-16T06:34:34.458+00:00
https://orbisapi.com/proxy/ph-calculate-api-d682aa,orbisapi.com,base,other,,false,1.0000,89,101,3,96,2026-07-13T07:37:25.24+00:00
https://orbisapi.com/proxy/ph-preservation-calculator-api-6446f3,orbisapi.com,base,other,,false,1.0000,33,33,3,97,2026-07-12T06:11:20.554+00:00
https://orbisapi.com/proxy/ph-ta-balance-calculator-api-2e7665,orbisapi.com,base,other,,false,1.0000,48,48,3,97,2026-07-11T06:15:10.524+00:00
https://orbisapi.com/proxy/pharmacogenomic-classifier-api-91ae2e,orbisapi.com,base,other,,false,1.0000,31,35,3,97,2026-07-12T06:10:09.059+00:00
https://orbisapi.com/proxy/phase-change-material-calculator-api-3fdc8b/validate,orbisapi.com,base;solana:5eykt4usfv8p8njdtrepy1vzqkqzkvdp,other,,false,1.0000,42,43,3,97,2026-07-15T05:49:24.249+00:00
https://orbisapi.com/proxy/phase-diagram-score-api-3f63a8,orbisapi.com,base,other,,false,1.0000,47,48,3,97,2026-07-11T06:15:13.442+00:00
https://orbisapi.com/proxy/philosophy-of-language-aff12b,orbisapi.com,base,other,,false,1.0000,75,78,3,97,2026-07-16T06:36:35.774+00:00
https://orbisapi.com/proxy/philosophy-of-mind-1e44f7,orbisapi.com,base,other,,false,1.0000,80,82,3,97,2026-07-16T06:41:57.984+00:00
https://orbisapi.com/proxy/philosophy-of-science-4307f2,orbisapi.com,base,other,,false,1.0000,94,136,3,96,2026-07-16T06:36:41.747+00:00
https://orbisapi.com/proxy/philosophy-terms-6d19e1,orbisapi.com,base,other,,false,1.0000,82,90,3,96,2026-07-16T06:41:57.171+00:00
https://orbisapi.com/proxy/phishing-detector-api-e44aa7,orbisapi.com,base,other,,false,1.0000,45,49,3,97,2026-07-15T05:49:07.454+00:00
https://orbisapi.com/proxy/phishing-domain-detector-api-bb229c,orbisapi.com,base,other,,false,1.0000,47,49,3,97,2026-07-17T06:16:53.502+00:00
https://orbisapi.com/proxy/phishing-url-detect-7452d3,orbisapi.com,base,other,,false,1.0000,45,45,3,97,2026-07-15T05:54:15.238+00:00
https://orbisapi.com/proxy/phishing-url-scorer-api-68dc08,orbisapi.com,base;solana:5eykt4usfv8p8njdtrepy1vzqkqzkvdp,other,,false,1.0000,90,91,3,96,2026-07-13T07:37:38.622+00:00
https://orbisapi.com/proxy/phone-area-code-info-9f5ea8,orbisapi.com,base,other,,false,1.0000,44,45,3,97,2026-07-15T05:53:37.22+00:00
https://orbisapi.com/proxy/phone-carrier-info-api-3101f6,orbisapi.com,base,other,,false,1.0000,43,46,3,97,2026-07-15T05:50:52.307+00:00
https://orbisapi.com/proxy/phone-carrier-lookup-85be0c,orbisapi.com,base,other,,false,1.0000,44,45,3,97,2026-07-15T05:53:56.998+00:00
https://orbisapi.com/proxy/phone-country-detector-api-16f1ca,orbisapi.com,base,other,,false,1.0000,44,46,3,97,2026-07-15T05:50:57.138+00:00
https://orbisapi.com/proxy/phone-email-risk-8c79bf,orbisapi.com,base,other,,false,1.0000,41,44,3,97,2026-07-15T05:53:54.646+00:00
https://orbisapi.com/proxy/phone-formatter-api-37f008,orbisapi.com,base,other,,false,1.0000,70,72,3,97,2026-07-14T06:26:09.366+00:00
https://orbisapi.com/proxy/phone-formatter-v2-api-83fff3,orbisapi.com,base,other,,false,1.0000,65,79,3,97,2026-07-14T06:24:57.952+00:00
https://orbisapi.com/proxy/phone-hlr-lookup-20f5a4,orbisapi.com,base;solana:5eykt4usfv8p8njdtrepy1vzqkqzkvdp,other,,false,1.0000,41,44,3,97,2026-07-15T05:53:33.943+00:00
https://orbisapi.com/proxy/phone-line-type-d8c012,orbisapi.com,base,other,,false,1.0000,44,51,3,97,2026-07-15T05:53:54.074+00:00
https://orbisapi.com/proxy/phone-normalizer-api-cb641e,orbisapi.com,base,other,,false,1.0000,97,337,3,94,2026-07-14T06:20:14.898+00:00
https://orbisapi.com/proxy/phone-number-info-9623f6,orbisapi.com,base,other,,false,1.0000,45,49,3,97,2026-07-15T05:54:24.438+00:00
https://orbisapi.com/proxy/phone-number-masker-api-53db26,orbisapi.com,base,other,,false,1.0000,42,42,3,97,2026-07-15T05:50:45.416+00:00
https://orbisapi.com/proxy/phone-number-parser-api-fe7b22,orbisapi.com,base,other,,false,1.0000,42,43,3,97,2026-07-15T05:50:51.715+00:00
https://orbisapi.com/proxy/phone-number-validator-api-ad7006,orbisapi.com,base,other,,false,1.0000,76,82,3,96,2026-07-14T06:24:27.904+00:00
https://orbisapi.com/proxy/phone-number-validator-api-ce2b2d,orbisapi.com,base,other,,false,1.0000,45,50,3,97,2026-07-15T05:50:49.19+00:00
https://orbisapi.com/proxy/phone-ported-check-239541,orbisapi.com,base,other,,false,1.0000,47,47,3,97,2026-07-15T05:53:56.625+00:00
https://orbisapi.com/proxy/phone-reachability-4d4136,orbisapi.com,base;solana:5eykt4usfv8p8njdtrepy1vzqkqzkvdp,other,,false,1.0000,45,50,3,97,2026-07-15T05:53:54.838+00:00
https://orbisapi.com/proxy/phone-regex-pattern-91662a,orbisapi.com,base,other,,false,1.0000,49,54,3,97,2026-07-15T05:53:54.275+00:00
https://orbisapi.com/proxy/phone-region-lookup-b381e9,orbisapi.com,base;solana:5eykt4usfv8p8njdtrepy1vzqkqzkvdp,other,,false,1.0000,43,48,3,97,2026-07-15T05:53:33.585+00:00
https://orbisapi.com/proxy/phone-spam-score-595f16,orbisapi.com,base,other,,false,1.0000,42,43,3,97,2026-07-15T05:53:55.894+00:00
https://orbisapi.com/proxy/phone-type-checker-api-f76d14,orbisapi.com,base,other,,false,1.0000,46,49,3,97,2026-07-15T05:50:44.508+00:00
https://orbisapi.com/proxy/phone-validation-api-be22c9/v1/lookup,orbisapi.com,base,other,,false,1.0000,33,39,3,97,2026-07-12T06:12:07.438+00:00
https://orbisapi.com/proxy/phoneme-counter-api-b3f9ac,orbisapi.com,base;solana:5eykt4usfv8p8njdtrepy1vzqkqzkvdp,other,,false,1.0000,65,97,6,96,2026-07-13T07:30:46.123+00:00
https://orbisapi.com/proxy/phonetic-spelling-api-8539ba,orbisapi.com,base;solana:5eykt4usfv8p8njdtrepy1vzqkqzkvdp,other,,false,1.0000,69,75,3,96,2026-07-14T06:22:12.186+00:00
https://orbisapi.com/proxy/phylogenetic-distance-api-d9870d,orbisapi.com,base,other,,false,1.0000,66,93,6,96,2026-07-16T06:34:26.622+00:00
https://orbisapi.com/proxy/physics-calculator-api-651862,orbisapi.com,base,other,,false,1.0000,62,70,3,97,2026-07-14T06:22:08.996+00:00
https://orbisapi.com/proxy/physics-constants-api-f1678d,orbisapi.com,base,other,,false,1.0000,91,92,3,96,2026-07-16T06:40:37.381+00:00
https://orbisapi.com/proxy/physics-engine-score-api-d0cc15,orbisapi.com,base,other,,false,1.0000,49,52,3,97,2026-07-11T06:15:10.762+00:00
https://orbisapi.com/proxy/physics-formulas-api-160c5a,orbisapi.com,base,other,,false,1.0000,49,52,3,97,2026-07-17T06:15:32.357+00:00
https://orbisapi.com/proxy/physics-unit-calculator-api-9872dc,orbisapi.com,base,other,,false,1.0000,81,84,3,96,2026-07-16T06:39:50.419+00:00
https://orbisapi.com/proxy/pick-pack-time-estimator-api-19bfe1,orbisapi.com,base,other,,false,1.0000,49,50,3,97,2026-07-17T06:18:24.802+00:00
https://orbisapi.com/proxy/pie-chart-format-db7824,orbisapi.com,base,other,,false,1.0000,46,54,3,97,2026-07-15T05:54:24.644+00:00
https://orbisapi.com/proxy/pii-classifier-api-57717e,orbisapi.com,base,other,,false,1.0000,61,91,6,96,2026-07-13T07:31:03.967+00:00
https://orbisapi.com/proxy/pii-detector-api-875486,orbisapi.com,base,other,,false,1.0000,61,66,3,97,2026-07-14T06:21:56.256+00:00
https://orbisapi.com/proxy/pii-detector-api-9badc1,orbisapi.com,base,other,,false,1.0000,83,89,3,96,2026-07-16T06:34:43.065+00:00
https://orbisapi.com/proxy/pii-detector-api-e9cdbb,orbisapi.com,base,other,,false,1.0000,63,64,3,97,2026-07-14T06:21:16.893+00:00
https://orbisapi.com/proxy/pii-regex-detect-1241db,orbisapi.com,base,other,,false,1.0000,45,51,3,97,2026-07-15T05:53:35.783+00:00
https://orbisapi.com/proxy/pill-identifier-classifier-api-438a64,orbisapi.com,base,other,,false,1.0000,31,36,3,97,2026-07-12T06:12:37.772+00:00
https://orbisapi.com/proxy/pilling-resistance-score-api-e03d4d,orbisapi.com,base,other,,false,1.0000,31,33,3,97,2026-07-12T06:10:07.624+00:00
https://orbisapi.com/proxy/ping-check-api-3e5df0,orbisapi.com,base,other,,false,1.0000,69,70,3,97,2026-07-14T06:22:04.952+00:00
https://orbisapi.com/proxy/pipeline-generation-calculator-api-65ce6d,orbisapi.com,base,other,,false,1.0000,92,93,3,96,2026-07-13T07:35:36.449+00:00
https://orbisapi.com/proxy/pipeline-health-scorer-api-0a50da,orbisapi.com,base,other,,false,1.0000,92,92,3,96,2026-07-13T07:36:58.872+00:00
https://orbisapi.com/proxy/pipeline-velocity-calculator-api-5399de,orbisapi.com,base,other,,false,1.0000,32,32,3,97,2026-07-12T06:11:19.325+00:00
https://orbisapi.com/proxy/pirate-metrics-calc-api-00106b,orbisapi.com,base,other,,false,1.0000,78,82,3,96,2026-07-16T06:37:21.607+00:00
https://orbisapi.com/proxy/pivot-table-api-8cf672,orbisapi.com,base,other,,false,1.0000,73,85,3,96,2026-07-14T06:19:14.157+00:00
https://orbisapi.com/proxy/plagiarism-guide-api-1f4e1e,orbisapi.com,base,other,,false,1.0000,65,69,3,97,2026-07-14T06:24:47.035+00:00
https://orbisapi.com/proxy/plagiarism-risk-scorer-api-aa83bd,orbisapi.com,base,other,,false,1.0000,85,94,6,97,2026-07-14T06:18:57.862+00:00
https://orbisapi.com/proxy/plagiarism-score-api-3c8ff8,orbisapi.com,base,other,,false,1.0000,72,76,3,97,2026-07-14T06:21:51.138+00:00
https://orbisapi.com/proxy/plagiarism-signal-detector-api-22fb1e,orbisapi.com,base,other,,false,1.0000,72,83,3,96,2026-07-14T06:25:49.732+00:00
https://orbisapi.com/proxy/plain-language-scorer-api-d63f0c,orbisapi.com,base,other,,false,1.0000,89,90,3,96,2026-07-13T07:37:24.293+00:00
https://orbisapi.com/proxy/plan-optimizer-calculator-api-ff8eec,orbisapi.com,base,other,,false,1.0000,32,35,3,97,2026-07-12T06:11:20.274+00:00
https://orbisapi.com/proxy/plan-quality-score-api-06c841,orbisapi.com,base,other,,false,1.0000,50,52,3,97,2026-07-11T06:15:09.256+00:00
https://orbisapi.com/proxy/planet-comparator-api-39635f,orbisapi.com,base,other,,false,1.0000,50,51,3,97,2026-07-17T06:15:28.055+00:00
https://orbisapi.com/proxy/planet-mass-calculator-api-10fd0b,orbisapi.com,base,other,,false,1.0000,43,43,3,97,2026-07-15T05:50:31.833+00:00
https://orbisapi.com/proxy/planets-stars-database-api-c1a292,orbisapi.com,base,other,,false,1.0000,51,58,3,97,2026-07-17T06:17:33.866+00:00
https://orbisapi.com/proxy/planets-stars-database-api-c1a292/bulk,orbisapi.com,base;solana:5eykt4usfv8p8njdtrepy1vzqkqzkvdp,other,,false,1.0000,48,49,3,97,2026-07-11T06:12:12.599+00:00
https://orbisapi.com/proxy/planets-stars-database-api-c1a292/info,orbisapi.com,base;solana:5eykt4usfv8p8njdtrepy1vzqkqzkvdp,other,,false,1.0000,47,49,3,97,2026-07-11T06:11:42.435+00:00
https://orbisapi.com/proxy/planets-stars-database-api-c1a292/parse,orbisapi.com,base;solana:5eykt4usfv8p8njdtrepy1vzqkqzkvdp,other,,false,1.0000,50,50,3,97,2026-07-11T06:11:35.545+00:00
https://orbisapi.com/proxy/plankton-density-calculator-api-f87567,orbisapi.com,base,other,,false,1.0000,49,50,3,97,2026-07-11T06:15:13.689+00:00
https://orbisapi.com/proxy/planogram-score-api-de9df3,orbisapi.com,base,other,,false,1.0000,95,105,3,96,2026-07-13T07:35:14.831+00:00
https://orbisapi.com/proxy/plant-hardiness-zone-api-e52d5a,orbisapi.com,base,other,,false,1.0000,53,58,3,97,2026-07-17T06:17:27.637+00:00
https://orbisapi.com/proxy/plant-watering-calculator-api-98b7ea,orbisapi.com,base,other,,false,1.0000,33,34,3,97,2026-07-12T06:12:06.298+00:00
https://orbisapi.com/proxy/platform-engineering-roi-api-3ec293,orbisapi.com,base;solana:5eykt4usfv8p8njdtrepy1vzqkqzkvdp,other,,false,1.0000,89,92,3,96,2026-07-13T07:35:42.112+00:00
https://orbisapi.com/proxy/playbook-generate-api-2ef7d0,orbisapi.com,base,other,,false,1.0000,83,95,3,96,2026-07-16T06:37:18.156+00:00
https://orbisapi.com/proxy/player-contract-value-api-5712bf,orbisapi.com,base;solana:5eykt4usfv8p8njdtrepy1vzqkqzkvdp,other,,false,1.0000,48,50,3,97,2026-07-11T06:15:10.061+00:00
https://orbisapi.com/proxy/player-efficiency-calculator-api-28357d,orbisapi.com,base,other,,false,1.0000,35,39,3,97,2026-07-12T06:11:17.028+00:00
https://orbisapi.com/proxy/player-rank-classifier-api-887784,orbisapi.com,base,other,,false,1.0000,92,114,3,96,2026-07-13T07:34:26.393+00:00
https://orbisapi.com/proxy/player-stats-api-615dd7,orbisapi.com,base,other,,false,1.0000,43,43,3,97,2026-07-15T05:53:57.528+00:00
https://orbisapi.com/proxy/player-stats-api-615dd7/parse,orbisapi.com,base;solana:5eykt4usfv8p8njdtrepy1vzqkqzkvdp,other,,false,1.0000,48,49,3,97,2026-07-17T06:14:45.107+00:00
https://orbisapi.com/proxy/pledge-tracking-api-06a612,orbisapi.com,base,other,,false,1.0000,91,94,3,96,2026-07-13T07:34:54.314+00:00
https://orbisapi.com/proxy/pmf-scorer-api-5581a6,orbisapi.com,base,other,,false,1.0000,93,94,3,96,2026-07-13T07:38:25.359+00:00
https://orbisapi.com/proxy/pmi-calculator-api-9a434c,orbisapi.com,base,other,,false,1.0000,47,49,3,97,2026-07-11T06:16:44.8+00:00
https://orbisapi.com/proxy/podcast-growth-score-api-3c0334,orbisapi.com,base,other,,false,1.0000,30,31,3,97,2026-07-12T06:11:20.134+00:00
https://orbisapi.com/proxy/podcast-monetization-readiness-api-400c04,orbisapi.com,base,other,,false,1.0000,36,36,3,97,2026-07-12T06:11:32.87+00:00
https://orbisapi.com/proxy/podcast-outline-generator-api-182150,orbisapi.com,base,other,,false,1.0000,89,91,3,96,2026-07-13T07:38:59.496+00:00
https://orbisapi.com/proxy/poetry-forms-1d9601,orbisapi.com,base,other,,false,1.0000,83,86,3,96,2026-07-16T06:41:37.899+00:00
https://orbisapi.com/proxy/poetry-forms-974929,orbisapi.com,base,other,,false,1.0000,81,84,3,96,2026-07-16T06:36:48.049+00:00
https://orbisapi.com/proxy/poetry-movements-1c1fa6,orbisapi.com,base;solana:5eykt4usfv8p8njdtrepy1vzqkqzkvdp,other,,false,1.0000,78,83,3,97,2026-07-16T06:36:38.633+00:00
https://orbisapi.com/proxy/point-in-polygon-api-342204,orbisapi.com,base,other,,false,1.0000,32,33,3,97,2026-07-12T06:11:13.301+00:00
https://orbisapi.com/proxy/point-in-polygon-api-472843,orbisapi.com,base,other,,false,1.0000,78,80,3,97,2026-07-16T06:37:48.647+00:00
https://orbisapi.com/proxy/poisson-distribution-2042ef,orbisapi.com,base,other,,false,1.0000,43,44,3,97,2026-07-15T05:54:24.246+00:00
https://orbisapi.com/proxy/poker-hand-ranker-api-8b89da,orbisapi.com,base,other,,false,1.0000,70,84,3,96,2026-07-14T06:22:14.409+00:00
https://orbisapi.com/proxy/polarization-score-api-b7cab5,orbisapi.com,base,other,,false,1.0000,50,51,3,97,2026-07-11T06:15:03.176+00:00
https://orbisapi.com/proxy/policy-gap-analyzer-api-25251f,orbisapi.com,base;solana:5eykt4usfv8p8njdtrepy1vzqkqzkvdp,other,,false,1.0000,91,92,3,96,2026-07-13T07:37:17.256+00:00
https://orbisapi.com/proxy/policy-version-diff-api-13c5d2,orbisapi.com,base,other,,false,1.0000,47,53,3,97,2026-07-11T06:15:06.846+00:00
https://orbisapi.com/proxy/political-ethics-cd1b9d,orbisapi.com,base,other,,false,1.0000,76,79,3,97,2026-07-16T06:36:33.036+00:00
https://orbisapi.com/proxy/political-parties-guide-c5cf5d,orbisapi.com,base,other,,false,1.0000,81,91,3,96,2026-07-16T06:36:38.248+00:00
https://orbisapi.com/proxy/political-philosophy-1d1862,orbisapi.com,base,other,,false,1.0000,79,89,3,96,2026-07-16T06:36:42.889+00:00
https://orbisapi.com/proxy/political-stability-index-api-bd53d0,orbisapi.com,base,other,,false,1.0000,31,35,3,97,2026-07-12T06:11:16.053+00:00
https://orbisapi.com/proxy/political-systems-guide-2e6a81,orbisapi.com,base,other,,false,1.0000,86,91,3,96,2026-07-16T06:36:31.48+00:00
https://orbisapi.com/proxy/political-theory-0094cc,orbisapi.com,base,other,,false,1.0000,78,88,3,96,2026-07-16T06:36:48.433+00:00
https://orbisapi.com/proxy/pollen-level-score-api-51193b,orbisapi.com,base,other,,false,1.0000,49,49,3,97,2026-07-11T06:17:49.992+00:00
https://orbisapi.com/proxy/pollution-level-api-4b0b6b,orbisapi.com,base,other,,false,1.0000,44,51,3,97,2026-07-15T05:53:57.718+00:00
https://orbisapi.com/proxy/polygenic-risk-score-api-7d0909,orbisapi.com,base,other,,false,1.0000,47,49,3,97,2026-07-11T06:17:42.243+00:00
https://orbisapi.com/proxy/polygon-area-calculator-api-c7dd00,orbisapi.com,base,other,,false,1.0000,32,35,3,97,2026-07-12T06:12:39.066+00:00
https://orbisapi.com/proxy/polygon-guide-api-d7599d,orbisapi.com,base,other,,false,1.0000,68,74,3,97,2026-07-14T06:26:30.974+00:00
https://orbisapi.com/proxy/polymarket-price-change-api-6d51ef,orbisapi.com,base,other,,false,1.0000,83,85,3,96,2026-07-16T06:37:56.708+00:00
https://orbisapi.com/proxy/polymer-viscosity-calculator-api-b27888,orbisapi.com,base,other,,false,1.0000,31,32,3,97,2026-07-12T06:11:19.993+00:00
https://orbisapi.com/proxy/pond-carrying-capacity-api-5ecd45,orbisapi.com,base;solana:5eykt4usfv8p8njdtrepy1vzqkqzkvdp,other,,false,1.0000,31,31,3,97,2026-07-12T06:11:18.171+00:00
https://orbisapi.com/proxy/popup-detector-api-c7e457,orbisapi.com,base,other,,false,1.0000,67,80,3,97,2026-07-14T06:21:56.618+00:00
https://orbisapi.com/proxy/port-check-api-001dab,orbisapi.com,base,other,,false,1.0000,72,72,3,97,2026-07-14T06:21:53.256+00:00
https://orbisapi.com/proxy/port-fee-calculator-api-dc2f33,orbisapi.com,base,other,,false,1.0000,30,30,3,97,2026-07-12T06:11:16.604+00:00
https://orbisapi.com/proxy/porter-s-five-forces-api-000801,orbisapi.com,base,other,,false,1.0000,52,59,3,97,2026-07-17T06:18:00.343+00:00
https://orbisapi.com/proxy/portfolio-analyzer-api-615002,orbisapi.com,base,other,,false,1.0000,62,71,6,97,2026-07-15T05:48:39.505+00:00
https://orbisapi.com/proxy/portfolio-diversifier-api-d854d9,orbisapi.com,base,other,,false,1.0000,81,89,3,96,2026-07-16T06:34:59.418+00:00
https://orbisapi.com/proxy/portfolio-liquidity-score-api-e2e958/validate,orbisapi.com,base;solana:5eykt4usfv8p8njdtrepy1vzqkqzkvdp,other,,false,1.0000,51,53,3,97,2026-07-17T06:14:14.268+00:00
https://orbisapi.com/proxy/portfolio-rebalance-calculator-api-b7b273,orbisapi.com,base,other,,false,1.0000,65,70,3,97,2026-07-14T06:22:01.813+00:00
https://orbisapi.com/proxy/portfolio-return-api-81fd16,orbisapi.com,base,other,,false,1.0000,65,79,3,97,2026-07-14T06:26:26.747+00:00
https://orbisapi.com/proxy/portfolio-var-calculator-api-331c94,orbisapi.com,base,other,,false,1.0000,47,47,3,97,2026-07-11T06:18:19.063+00:00
https://orbisapi.com/proxy/portrait-photography-80183c,orbisapi.com,base,other,,false,1.0000,84,91,3,96,2026-07-16T06:36:47.669+00:00
https://orbisapi.com/proxy/pos-transaction-parser-api-f3c448,orbisapi.com,base,other,,false,1.0000,30,38,3,97,2026-07-12T06:12:47.209+00:00
https://orbisapi.com/proxy/position-sizer-api-c5b4df,orbisapi.com,base,other,,false,1.0000,50,51,3,97,2026-07-17T06:13:49.929+00:00
https://orbisapi.com/proxy/position-sizer-api-d43d7b,orbisapi.com,base,other,,false,1.0000,70,77,6,96,2026-07-15T05:48:36.503+00:00
https://orbisapi.com/proxy/positive-psychology-3767f5,orbisapi.com,base,other,,false,1.0000,81,81,3,97,2026-07-16T06:36:42.506+00:00
https://orbisapi.com/proxy/positive-psychology-6270ea,orbisapi.com,base,other,,false,1.0000,84,89,3,96,2026-07-16T06:41:46.356+00:00
https://orbisapi.com/proxy/post-reach-score-api-e122f1,orbisapi.com,base,other,,false,1.0000,33,34,3,97,2026-07-12T06:12:46.326+00:00
https://orbisapi.com/proxy/postal-boundaries-api-facfa8,orbisapi.com,base,other,,false,1.0000,52,53,3,97,2026-07-17T06:16:57.114+00:00
https://orbisapi.com/proxy/postal-code-lookup-25101f,orbisapi.com,base,other,,false,1.0000,44,50,3,97,2026-07-15T05:53:56.074+00:00
https://orbisapi.com/proxy/postmortem-analyzer-api-f91c25,orbisapi.com,base,other,,false,1.0000,93,113,3,96,2026-07-13T07:38:22.043+00:00
https://orbisapi.com/proxy/pottery-type-classifier-api-7be772,orbisapi.com,base,other,,false,1.0000,31,33,3,97,2026-07-12T06:11:15.603+00:00
https://orbisapi.com/proxy/poverty-score-api-7e127d,orbisapi.com,base,other,,false,1.0000,33,37,3,97,2026-07-12T06:11:18.481+00:00
https://orbisapi.com/proxy/powder-characterization-api-09acdc,orbisapi.com,base,other,,false,1.0000,49,50,3,97,2026-07-11T06:14:58.572+00:00
https://orbisapi.com/proxy/power-analysis-api-79740c,orbisapi.com,base,other,,false,1.0000,29,31,3,97,2026-07-12T06:12:44.269+00:00
https://orbisapi.com/proxy/power-factor-calculator-api-82644a,orbisapi.com,base,other,,false,1.0000,46,50,3,97,2026-07-11T06:14:59.526+00:00
https://orbisapi.com/proxy/power-integrity-score-api-99d4ec,orbisapi.com,base,other,,false,1.0000,46,50,3,97,2026-07-11T06:14:55.333+00:00
https://orbisapi.com/proxy/power-mode-calculator-api-c624bc,orbisapi.com,base,other,,false,1.0000,46,48,3,97,2026-07-11T06:15:03.646+00:00
https://orbisapi.com/proxy/power-output-calculator-api-197575,orbisapi.com,base,other,,false,1.0000,30,32,3,97,2026-07-12T06:11:19.603+00:00
https://orbisapi.com/proxy/power-rating-calculator-api-bf5ee4,orbisapi.com,base,other,,false,1.0000,31,31,3,97,2026-07-12T06:11:18.033+00:00
https://orbisapi.com/proxy/ppa-pricing-calculator-api-8b5efb,orbisapi.com,base,other,,false,1.0000,31,31,3,97,2026-07-12T06:11:16.737+00:00
https://orbisapi.com/proxy/ppap-readiness-score-api-0c41b7,orbisapi.com,base,other,,false,1.0000,30,31,3,97,2026-07-12T06:11:13.966+00:00
https://orbisapi.com/proxy/pptx-text-extract-8bdbe7,orbisapi.com,base,other,,false,1.0000,48,48,3,97,2026-07-15T05:53:53.675+00:00
https://orbisapi.com/proxy/pragmatic-inference-score-api-f0f80a,orbisapi.com,base,other,,false,1.0000,29,30,3,97,2026-07-12T06:12:42.195+00:00
https://orbisapi.com/proxy/prayer-times-api-3cbb0c,orbisapi.com,base,other,,false,1.0000,49,54,3,97,2026-07-17T06:15:58.144+00:00
https://orbisapi.com/proxy/prebiotic-score-api-0e1df6,orbisapi.com,base,other,,false,1.0000,46,50,3,97,2026-07-11T06:15:01.599+00:00
https://orbisapi.com/proxy/precious-gems-e57288,orbisapi.com,base;solana:5eykt4usfv8p8njdtrepy1vzqkqzkvdp,other,,false,1.0000,79,80,3,97,2026-07-16T06:36:35.025+00:00
https://orbisapi.com/proxy/precipitation-calculator-api-e79c95,orbisapi.com,base,other,,false,1.0000,31,36,3,97,2026-07-12T06:11:15.458+00:00
https://orbisapi.com/proxy/precision-ag-roi-calculator-api-07211b,orbisapi.com,base,other,,false,1.0000,32,32,3,97,2026-07-12T06:12:44.002+00:00
https://orbisapi.com/proxy/precision-spray-calculator-api-831382,orbisapi.com,base;solana:5eykt4usfv8p8njdtrepy1vzqkqzkvdp,other,,false,1.0000,46,48,3,97,2026-07-11T06:15:01.825+00:00
https://orbisapi.com/proxy/predictive-horizon-calculator-api-abbd09,orbisapi.com,base,other,,false,1.0000,30,31,3,97,2026-07-12T06:10:06.756+00:00
https://orbisapi.com/proxy/predictive-maintenance-score-api-6264d5,orbisapi.com,base,other,,false,1.0000,31,31,3,97,2026-07-12T06:11:39.153+00:00
https://orbisapi.com/proxy/pregnancy-calculator-api-080cdd,orbisapi.com,base,other,,false,1.0000,51,59,3,97,2026-07-17T06:16:46.643+00:00
https://orbisapi.com/proxy/pregnancy-calculator-api-080cdd/format,orbisapi.com,base;solana:5eykt4usfv8p8njdtrepy1vzqkqzkvdp,other,,false,1.0000,49,51,3,97,2026-07-17T06:14:54.053+00:00
https://orbisapi.com/proxy/premium-estimator-api-10ba1c,orbisapi.com,base,other,,false,1.0000,32,35,3,97,2026-07-12T06:12:49.339+00:00
https://orbisapi.com/proxy/prepayment-discount-calculator-api-e29e7a,orbisapi.com,base,other,,false,1.0000,90,93,3,96,2026-07-13T07:34:09.319+00:00
https://orbisapi.com/proxy/preprint-api-bc59a7,orbisapi.com,base,other,,false,1.0000,45,50,3,97,2026-07-15T05:53:35.969+00:00
https://orbisapi.com/proxy/presence-score-api-6e001a,orbisapi.com,base,other,,false,1.0000,48,49,3,97,2026-07-11T06:14:57.672+00:00
https://orbisapi.com/proxy/present-value-of-life-api-a71298,orbisapi.com,base,other,,false,1.0000,49,50,3,97,2026-07-11T06:15:03.418+00:00
https://orbisapi.com/proxy/preservation-risk-score-api-c10a51,orbisapi.com,base,other,,false,1.0000,50,50,3,97,2026-07-11T06:14:55.107+00:00
https://orbisapi.com/proxy/press-release-score-api-68065a,orbisapi.com,base,other,,false,1.0000,90,95,3,96,2026-07-13T07:35:55.807+00:00
https://orbisapi.com/proxy/press-release-scorer-api-1bb2cc,orbisapi.com,base,other,,false,1.0000,93,94,3,96,2026-07-13T07:39:01.825+00:00
https://orbisapi.com/proxy/preventive-care-planner-api-0db312,orbisapi.com,base,other,,false,1.0000,89,93,3,96,2026-07-13T07:36:40.012+00:00
https://orbisapi.com/proxy/price-elasticity-api-3346a0,orbisapi.com,base,other,,false,1.0000,65,82,6,97,2026-07-17T06:12:31.336+00:00
https://orbisapi.com/proxy/price-elasticity-api-91f494,orbisapi.com,base,other,,false,1.0000,31,31,3,97,2026-07-12T06:12:45.334+00:00
https://orbisapi.com/proxy/price-elasticity-calculator-api-7eaea3,orbisapi.com,base;solana:5eykt4usfv8p8njdtrepy1vzqkqzkvdp,other,,false,1.0000,89,92,3,96,2026-07-13T07:37:46.924+00:00
https://orbisapi.com/proxy/price-elasticity-calculator-api-7ebfb2,orbisapi.com,base,other,,false,1.0000,67,80,6,97,2026-07-17T06:12:35.922+00:00
https://orbisapi.com/proxy/price-elasticity-estimator-api-432a7f,orbisapi.com,base,other,,false,1.0000,54,54,3,97,2026-07-17T06:18:36.336+00:00
https://orbisapi.com/proxy/price-index-calculator-api-446f71,orbisapi.com,base,other,,false,1.0000,62,71,3,97,2026-07-14T06:23:45.003+00:00
https://orbisapi.com/proxy/price-label-parser-api-42fa69,orbisapi.com,base,other,,false,1.0000,34,52,3,97,2026-07-12T06:12:45.919+00:00
https://orbisapi.com/proxy/price-sensitivity-meter-api-60c311,orbisapi.com,base,other,,false,1.0000,91,101,3,96,2026-07-13T07:38:28.727+00:00
https://orbisapi.com/proxy/price-variance-calculator-api-5ad336,orbisapi.com,base,other,,false,1.0000,47,52,3,97,2026-07-11T06:15:00.276+00:00
https://orbisapi.com/proxy/pricing-anchor-analyzer-api-5bf1fc,orbisapi.com,base,other,,false,1.0000,88,89,3,96,2026-07-13T07:36:00.619+00:00
https://orbisapi.com/proxy/pricing-intelligence-api-d66eed,orbisapi.com,base,other,,false,1.0000,85,90,3,96,2026-07-16T06:34:47.778+00:00
https://orbisapi.com/proxy/pricing-negotiation-advisor-api-84b66c,orbisapi.com,base,other,,false,1.0000,88,91,3,96,2026-07-13T07:34:46.025+00:00
https://orbisapi.com/proxy/pricing-page-analyzer-api-c8d5ab,orbisapi.com,base,other,,false,1.0000,91,93,3,96,2026-07-13T07:38:10.552+00:00
https://orbisapi.com/proxy/pricing-psychology-api-05654a,orbisapi.com,base,other,,false,1.0000,90,94,3,96,2026-07-13T07:37:10.585+00:00
https://orbisapi.com/proxy/pricing-strategy-advisor-api-bf3131,orbisapi.com,base,other,,false,1.0000,85,92,6,96,2026-07-14T06:18:30.305+00:00
https://orbisapi.com/proxy/pricing-strategy-advisor-api-f23677,orbisapi.com,base,other,,false,1.0000,90,93,3,96,2026-07-13T07:37:55.807+00:00
https://orbisapi.com/proxy/primate-facts-6bb9a2,orbisapi.com,base,other,,false,1.0000,81,85,3,96,2026-07-16T06:41:56.359+00:00
https://orbisapi.com/proxy/prime-number-checker-api-33a6ed,orbisapi.com,base,other,,false,1.0000,51,53,3,97,2026-07-17T06:17:15.105+00:00
https://orbisapi.com/proxy/prime-number-checker-api-d0e4c7,orbisapi.com,base,other,,false,1.0000,44,76,3,96,2026-07-15T05:51:31.647+00:00
https://orbisapi.com/proxy/primer-tm-calculator-api-550445,orbisapi.com,base,other,,false,1.0000,33,34,3,97,2026-07-12T06:11:17.171+00:00
https://orbisapi.com/proxy/print-run-calculator-api-7ac6ba,orbisapi.com,base,other,,false,1.0000,71,72,3,97,2026-07-14T06:24:00.993+00:00
https://orbisapi.com/proxy/print-size-calculator-api-fb0c0e,orbisapi.com,base,other,,false,1.0000,43,48,3,97,2026-07-15T05:50:42.154+00:00
https://orbisapi.com/proxy/printing-history-4fa882,orbisapi.com,base;solana:5eykt4usfv8p8njdtrepy1vzqkqzkvdp,other,,false,1.0000,81,87,3,96,2026-07-16T06:41:49.096+00:00
https://orbisapi.com/proxy/printmaking-guide-83bc20,orbisapi.com,base,other,,false,1.0000,78,84,3,97,2026-07-16T06:41:37.107+00:00
https://orbisapi.com/proxy/prior-art-score-api-0cd735,orbisapi.com,base,other,,false,1.0000,30,31,3,97,2026-07-12T06:11:14.105+00:00
https://orbisapi.com/proxy/priority-ranker-api-0f8205,orbisapi.com,base,other,,false,1.0000,66,82,3,96,2026-07-14T06:20:52.416+00:00
https://orbisapi.com/proxy/priority-ranker-api-f34595,orbisapi.com,base,other,,false,1.0000,79,85,3,96,2026-07-16T06:40:00.172+00:00
https://orbisapi.com/proxy/privacy-by-design-score-api-79d225,orbisapi.com,base,other,,false,1.0000,30,31,3,97,2026-07-12T06:11:15.738+00:00
https://orbisapi.com/proxy/privacy-impact-score-api-2715be,orbisapi.com,base,other,,false,1.0000,67,82,6,97,2026-07-16T06:34:23.064+00:00
https://orbisapi.com/proxy/privacy-law-database-api-09f29c,orbisapi.com,base,other,,false,1.0000,50,52,3,97,2026-07-11T06:17:26.471+00:00
https://orbisapi.com/proxy/privacy-law-guide-fc1b1d,orbisapi.com,base,other,,false,1.0000,80,82,3,97,2026-07-16T06:41:40.979+00:00
https://orbisapi.com/proxy/privacy-policy-analyzer-api-ca1aa1,orbisapi.com,base,other,,false,1.0000,87,89,3,96,2026-07-13T07:39:06.934+00:00
https://orbisapi.com/proxy/privacy-policy-checker-api-b46fa0,orbisapi.com,base,other,,false,1.0000,80,87,3,96,2026-07-16T06:34:56.876+00:00
https://orbisapi.com/proxy/private-ip-checker-api-610c9a,orbisapi.com,base;solana:5eykt4usfv8p8njdtrepy1vzqkqzkvdp,other,,false,1.0000,38,48,6,97,2026-07-12T06:09:42.864+00:00
https://orbisapi.com/proxy/privilege-classifier-api-57fd4a,orbisapi.com,base,other,,false,1.0000,32,36,3,97,2026-07-12T06:11:14.683+00:00
https://orbisapi.com/proxy/prize-pool-split-calculator-api-7e2d71,orbisapi.com,base,other,,false,1.0000,43,46,3,97,2026-07-15T05:49:28.346+00:00
https://orbisapi.com/proxy/pro-forma-builder-api-2c49b5,orbisapi.com,base,other,,false,1.0000,90,92,3,96,2026-07-13T07:39:15.218+00:00
https://orbisapi.com/proxy/probability-distribution-6a8a1a,orbisapi.com,base,other,,false,1.0000,43,48,3,97,2026-07-15T05:53:57.355+00:00
https://orbisapi.com/proxy/probiotic-match-score-api-2a2314,orbisapi.com,base,other,,false,1.0000,46,53,3,97,2026-07-11T06:15:02.708+00:00
https://orbisapi.com/proxy/procedure-clarity-score-api-4555bf,orbisapi.com,base,other,,false,1.0000,48,51,3,97,2026-07-11T06:15:01.104+00:00
https://orbisapi.com/proxy/process-capability-calculator-api-9b4eac,orbisapi.com,base,other,,false,1.0000,31,34,3,97,2026-07-12T06:11:13.161+00:00
https://orbisapi.com/proxy/process-fmea-score-api-2db269,orbisapi.com,base,other,,false,1.0000,49,54,3,97,2026-07-11T06:14:52.987+00:00
https://orbisapi.com/proxy/processing-speed-score-api-f219c8,orbisapi.com,base,other,,false,1.0000,48,49,3,97,2026-07-11T06:14:55.565+00:00
https://orbisapi.com/proxy/procure-api-cb2721,orbisapi.com,base,other,,false,1.0000,47,49,3,97,2026-07-15T05:50:28.965+00:00
https://orbisapi.com/proxy/procurement-data-ec403e,orbisapi.com,base,other,,false,1.0000,44,46,3,97,2026-07-15T05:54:24.063+00:00
https://orbisapi.com/proxy/product-availability-1a2747,orbisapi.com,base,other,,false,1.0000,44,50,3,97,2026-07-15T05:53:53.881+00:00
https://orbisapi.com/proxy/product-availability-1a2747/bulk,orbisapi.com,base;solana:5eykt4usfv8p8njdtrepy1vzqkqzkvdp,other,,false,1.0000,48,50,3,97,2026-07-11T06:12:12.366+00:00
https://orbisapi.com/proxy/product-barcode-info-9b768d,orbisapi.com,base,other,,false,1.0000,41,48,3,97,2026-07-15T05:53:55.721+00:00
https://orbisapi.com/proxy/product-bundling-optimizer-api-93595b,orbisapi.com,base,other,,false,1.0000,89,90,3,96,2026-07-13T07:36:16.848+00:00
https://orbisapi.com/proxy/product-categorizer-api-85676f,orbisapi.com,base,other,,false,1.0000,78,106,6,97,2026-07-14T06:18:10.194+00:00
https://orbisapi.com/proxy/product-category-api-e78e4e,orbisapi.com,base,other,,false,1.0000,43,44,3,97,2026-07-15T05:53:33.764+00:00
https://orbisapi.com/proxy/product-category-from-barcode-daf090,orbisapi.com,base,other,,false,1.0000,43,43,3,97,2026-07-15T05:54:14.828+00:00
https://orbisapi.com/proxy/product-compliance-checker-api-6e4dc2,orbisapi.com,base,other,,false,1.0000,90,94,3,96,2026-07-13T07:41:10.085+00:00
https://orbisapi.com/proxy/product-description-api-5c7ee8,orbisapi.com,base,other,,false,1.0000,43,47,3,97,2026-07-15T05:53:55.349+00:00
https://orbisapi.com/proxy/product-description-optimizer-api-0a48de,orbisapi.com,base,other,,false,1.0000,90,93,3,96,2026-07-13T07:36:03.475+00:00
https://orbisapi.com/proxy/product-description-scorer-api-580a8d,orbisapi.com,base,other,,false,1.0000,89,91,3,96,2026-07-13T07:37:39.977+00:00
https://orbisapi.com/proxy/product-description-scorer-api-605e58,orbisapi.com,base,other,,false,1.0000,81,100,6,97,2026-07-14T06:18:30.643+00:00
https://orbisapi.com/proxy/product-fit-scorer-api-443568,orbisapi.com,base,other,,false,1.0000,69,71,3,97,2026-07-14T06:20:17.56+00:00
https://orbisapi.com/proxy/product-launch-checklist-api-2dce5e,orbisapi.com,base,other,,false,1.0000,76,94,6,97,2026-07-14T06:18:31.306+00:00
https://orbisapi.com/proxy/product-launch-revenue-forecaster-api-154b09,orbisapi.com,base,other,,false,1.0000,89,99,3,96,2026-07-13T07:35:52.807+00:00
https://orbisapi.com/proxy/product-launch-scorer-api-beb78d,orbisapi.com,base,other,,false,1.0000,91,95,6,96,2026-07-14T06:18:24.34+00:00
https://orbisapi.com/proxy/product-lifecycle-api-424b67,orbisapi.com,base,other,,false,1.0000,81,93,6,97,2026-07-14T06:18:19.558+00:00
https://orbisapi.com/proxy/product-lifecycle-score-api-3b497d,orbisapi.com,base,other,,false,1.0000,49,50,3,97,2026-07-11T06:15:02.474+00:00
https://orbisapi.com/proxy/product-lifecycle-score-api-3b497d/describe,orbisapi.com,base;solana:5eykt4usfv8p8njdtrepy1vzqkqzkvdp,other,,false,1.0000,50,52,3,97,2026-07-17T06:14:34.022+00:00
https://orbisapi.com/proxy/product-lifetime-score-api-c2da1a,orbisapi.com,base,other,,false,1.0000,49,51,3,97,2026-07-11T06:14:59.067+00:00
https://orbisapi.com/proxy/product-lookup-3b69bf,orbisapi.com,base,other,,false,1.0000,46,46,3,97,2026-07-15T05:53:56.259+00:00
https://orbisapi.com/proxy/product-margin-calculator-api-1f867d,orbisapi.com,base,other,,false,1.0000,60,61,3,97,2026-07-14T06:22:06.238+00:00
https://orbisapi.com/proxy/product-margin-calculator-api-6e05b7,orbisapi.com,base,other,,false,1.0000,80,94,6,97,2026-07-14T06:18:17.102+00:00
https://orbisapi.com/proxy/product-margin-optimizer-api-71020d,orbisapi.com,base,other,,false,1.0000,48,53,3,97,2026-07-17T06:15:56.19+00:00
https://orbisapi.com/proxy/product-mention-detect-f9a808,orbisapi.com,base,other,,false,1.0000,46,51,3,97,2026-07-15T05:53:54.468+00:00
https://orbisapi.com/proxy/product-metrics-dashboard-api-fe68a4,orbisapi.com,base;solana:5eykt4usfv8p8njdtrepy1vzqkqzkvdp,other,,false,1.0000,89,89,3,96,2026-07-13T07:37:04.313+00:00
https://orbisapi.com/proxy/product-name-generator-api-1f0c78,orbisapi.com,base,other,,false,1.0000,90,90,3,96,2026-07-13T07:36:22.741+00:00
https://orbisapi.com/proxy/product-page-conversion-scorer-api-2a4acf,orbisapi.com,base,other,,false,1.0000,91,91,3,96,2026-07-13T07:36:01.072+00:00
https://orbisapi.com/proxy/product-pricing-api-8c28bb,orbisapi.com,base,other,,false,1.0000,50,57,3,97,2026-07-17T06:13:35.222+00:00
https://orbisapi.com/proxy/product-review-analyzer-api-3b69b8,orbisapi.com,base,other,,false,1.0000,81,92,6,97,2026-07-14T06:18:39.861+00:00
https://orbisapi.com/proxy/product-review-summary-fa85f9,orbisapi.com,base,other,,false,1.0000,45,46,3,97,2026-07-15T05:53:33.393+00:00
https://orbisapi.com/proxy/product-roadmap-prioritizer-api-3d17ff,orbisapi.com,base,other,,false,1.0000,63,86,6,97,2026-07-17T06:11:51.699+00:00
https://orbisapi.com/proxy/product-roadmap-scorer-3f6b60,orbisapi.com,base;solana:5eykt4usfv8p8njdtrepy1vzqkqzkvdp,other,,false,1.0000,47,48,3,97,2026-07-15T05:49:19.393+00:00
https://orbisapi.com/proxy/product-title-scorer-api-3bb202,orbisapi.com,base,other,,false,1.0000,32,38,3,97,2026-07-12T06:12:48.545+00:00
https://orbisapi.com/proxy/production-budget-split-api-a26f3e,orbisapi.com,base,other,,false,1.0000,63,81,6,97,2026-07-16T06:34:16.899+00:00
https://orbisapi.com/proxy/production-design-a65293,orbisapi.com,base,other,,false,1.0000,83,85,3,96,2026-07-16T06:36:42.128+00:00
https://orbisapi.com/proxy/production-schedule-score-api-f49f47,orbisapi.com,base;solana:5eykt4usfv8p8njdtrepy1vzqkqzkvdp,other,,false,1.0000,31,32,3,97,2026-07-12T06:12:24.356+00:00
https://orbisapi.com/proxy/productivity-score-api-7c46ec,orbisapi.com,base,other,,false,1.0000,28,32,3,97,2026-07-12T06:11:14.243+00:00
https://orbisapi.com/proxy/productivity-score-estimator-api-95c4b3,orbisapi.com,base,other,,false,1.0000,55,56,3,97,2026-07-17T06:18:15.166+00:00
https://orbisapi.com/proxy/profit-map-calculator-api-b513bf,orbisapi.com,base,other,,false,1.0000,48,50,3,97,2026-07-11T06:14:53.215+00:00
https://orbisapi.com/proxy/profit-margin-calculator-api-6146e0,orbisapi.com,base;solana:5eykt4usfv8p8njdtrepy1vzqkqzkvdp,other,,false,1.0000,65,67,3,97,2026-07-14T06:22:36.762+00:00
https://orbisapi.com/proxy/profit-margin-calculator-api-811244,orbisapi.com,base,other,,false,1.0000,53,54,3,97,2026-07-17T06:16:41.124+00:00
https://orbisapi.com/proxy/profit-margin-calculator-api-82f444/info,orbisapi.com,base;solana:5eykt4usfv8p8njdtrepy1vzqkqzkvdp,other,,false,1.0000,49,49,3,97,2026-07-17T06:14:50.541+00:00
https://orbisapi.com/proxy/programming-languages-list-api-7cd24f,orbisapi.com,base,other,,false,1.0000,48,51,3,97,2026-07-17T06:15:39.796+00:00
https://orbisapi.com/proxy/programming-terms-api-b98f96,orbisapi.com,base;solana:5eykt4usfv8p8njdtrepy1vzqkqzkvdp,other,,false,1.0000,47,51,3,97,2026-07-17T06:15:22.591+00:00
https://orbisapi.com/proxy/progressive-web-app-guide-api-00dd1e,orbisapi.com,base,other,,false,1.0000,51,51,3,97,2026-07-17T06:17:36.978+00:00
https://orbisapi.com/proxy/progressive-web-app-guide-api-00dd1e/validate,orbisapi.com,base;solana:5eykt4usfv8p8njdtrepy1vzqkqzkvdp,other,,false,1.0000,48,52,3,97,2026-07-11T06:11:40.509+00:00
https://orbisapi.com/proxy/project-closeout-score-api-f599a7,orbisapi.com,base,other,,false,1.0000,55,56,3,97,2026-07-11T06:14:56.465+00:00
https://orbisapi.com/proxy/project-due-diligence-api-433eb5,orbisapi.com,base,other,,false,1.0000,54,74,6,97,2026-07-15T05:48:49.885+00:00
https://orbisapi.com/proxy/project-health-checker-api-92175a,orbisapi.com,base,other,,false,1.0000,54,69,6,97,2026-07-15T05:48:48.598+00:00
https://orbisapi.com/proxy/project-risk-register-api-852dd9,orbisapi.com,base,other,,false,1.0000,90,92,3,96,2026-07-13T07:39:13.474+00:00
https://orbisapi.com/proxy/project-risk-score-api-cd9189,orbisapi.com,base,other,,false,1.0000,30,30,3,97,2026-07-12T06:12:44.132+00:00
https://orbisapi.com/proxy/prometheus-query-builder-api-bb8241,orbisapi.com,base,other,,false,1.0000,91,91,3,96,2026-07-13T07:39:33.159+00:00
https://orbisapi.com/proxy/promotion-effectiveness-score-api-008177,orbisapi.com,base,other,,false,1.0000,82,122,6,96,2026-07-16T06:34:11.437+00:00
https://orbisapi.com/proxy/prompt-chain-builder-api-a59d85,orbisapi.com,base,other,,false,1.0000,65,68,3,97,2026-07-14T06:25:57.991+00:00
https://orbisapi.com/proxy/prompt-injection-agent-safety-classifier-api-c7e7f3,orbisapi.com,base,other,,false,1.0000,50,54,3,97,2026-07-17T06:13:39.58+00:00
https://orbisapi.com/proxy/prompt-injection-detector-v2-api-033a07,orbisapi.com,base,other,,false,1.0000,47,49,3,97,2026-07-17T06:14:39.359+00:00
https://orbisapi.com/proxy/prompt-injection-tester-api-7638c5,orbisapi.com,base,other,,false,1.0000,70,72,3,97,2026-07-14T06:26:01.242+00:00
https://orbisapi.com/proxy/prompt-optimizer-api-3def69,orbisapi.com,base,other,,false,1.0000,66,67,3,97,2026-07-14T06:26:09.713+00:00
https://orbisapi.com/proxy/prompt-optimizer-api-5e0d3c,orbisapi.com,base,other,,false,1.0000,73,96,3,96,2026-07-16T06:40:02.515+00:00
https://orbisapi.com/proxy/prompt-optimizer-api-863ef1,orbisapi.com,base;solana:5eykt4usfv8p8njdtrepy1vzqkqzkvdp,other,,false,1.0000,92,92,3,96,2026-07-13T07:34:17.031+00:00
https://orbisapi.com/proxy/prompt-quality-score-pqs-c82676,orbisapi.com,base,other,,false,1.0000,49,51,3,97,2026-07-17T06:16:25.775+00:00
https://orbisapi.com/proxy/prompt-token-counter-api-b7bd35,orbisapi.com,base,other,,false,1.0000,31,39,3,97,2026-07-12T06:12:47.059+00:00
https://orbisapi.com/proxy/prompt-token-estimator-api-027183,orbisapi.com,base,other,,false,1.0000,65,90,6,97,2026-07-17T06:12:31.58+00:00
https://orbisapi.com/proxy/prompt-tuner-api-24e621,orbisapi.com,base,other,,false,1.0000,92,95,3,96,2026-07-13T07:40:39.689+00:00
https://orbisapi.com/proxy/prompt-version-manager-api-24a17d,orbisapi.com,base,other,,false,1.0000,66,76,3,97,2026-07-14T06:25:58.658+00:00
https://orbisapi.com/proxy/pronunciation-score-api-0282fa,orbisapi.com,base,other,,false,1.0000,46,49,3,97,2026-07-15T05:50:44.13+00:00
https://orbisapi.com/proxy/proof-of-delivery-score-api-4e3127,orbisapi.com,base,other,,false,1.0000,46,51,3,97,2026-07-11T06:15:02.943+00:00
https://orbisapi.com/proxy/proofreading-1f0cac,orbisapi.com,base,other,,false,1.0000,80,84,3,97,2026-07-16T06:36:31.859+00:00
https://orbisapi.com/proxy/prop-bet-value-calculator-api-a8ed93,orbisapi.com,base,other,,false,1.0000,70,134,6,95,2026-07-16T06:34:09.562+00:00
https://orbisapi.com/proxy/propellant-mass-calculator-api-5f3ec3,orbisapi.com,base,other,,false,1.0000,32,33,3,97,2026-07-12T06:11:12.813+00:00
https://orbisapi.com/proxy/property-appreciation-api-4c4c41,orbisapi.com,base,other,,false,1.0000,78,80,3,97,2026-07-16T06:40:07.908+00:00
https://orbisapi.com/proxy/property-data-quality-score-api-37639c,orbisapi.com,base,other,,false,1.0000,32,34,3,97,2026-07-12T06:11:11.195+00:00
https://orbisapi.com/proxy/property-depreciation-calculator-api-e369e7,orbisapi.com,base,other,,false,1.0000,72,73,3,97,2026-07-14T06:23:37.64+00:00
https://orbisapi.com/proxy/property-prediction-score-api-b695d9,orbisapi.com,base,other,,false,1.0000,47,49,3,97,2026-07-11T06:14:56.019+00:00
https://orbisapi.com/proxy/property-roi-calculator-api-12fea7,orbisapi.com,base,other,,false,1.0000,65,88,6,97,2026-07-17T06:12:28.168+00:00
https://orbisapi.com/proxy/property-roi-calculator-api-4d64de,orbisapi.com,base,other,,false,1.0000,87,88,3,96,2026-07-16T06:40:06.77+00:00
https://orbisapi.com/proxy/property-tax-calculator-api-dfb5d0,orbisapi.com,base,other,,false,1.0000,83,91,6,96,2026-07-14T06:19:07.566+00:00
https://orbisapi.com/proxy/property-value-estimator-api-4a0b81,orbisapi.com,base,other,,false,1.0000,89,91,3,96,2026-07-13T07:39:05.064+00:00
https://orbisapi.com/proxy/prose-styles-8ac226,orbisapi.com,base,other,,false,1.0000,81,89,3,96,2026-07-16T06:36:34.25+00:00
https://orbisapi.com/proxy/prosody-score-api-56e67b,orbisapi.com,base,other,,false,1.0000,48,50,3,97,2026-07-11T06:17:03.221+00:00
https://orbisapi.com/proxy/prosthetic-fit-score-api-00112e,orbisapi.com,base,other,,false,1.0000,47,53,3,97,2026-07-11T06:14:53.448+00:00
https://orbisapi.com/proxy/protein-charge-calculator-api-c2ac8a,orbisapi.com,base,other,,false,1.0000,65,92,6,96,2026-07-16T06:34:05.561+00:00
https://orbisapi.com/proxy/protein-stability-score-api-77797f/format,orbisapi.com,base;solana:5eykt4usfv8p8njdtrepy1vzqkqzkvdp,other,,false,1.0000,48,50,3,97,2026-07-17T06:14:19.452+00:00
https://orbisapi.com/proxy/protein-structure-score-api-9dc3ec,orbisapi.com,base;solana:5eykt4usfv8p8njdtrepy1vzqkqzkvdp,other,,false,1.0000,46,51,3,97,2026-07-11T06:14:56.694+00:00
https://orbisapi.com/proxy/protein-timing-score-api-079825,orbisapi.com,base;solana:5eykt4usfv8p8njdtrepy1vzqkqzkvdp,other,,false,1.0000,46,47,3,97,2026-07-11T06:14:56.918+00:00
https://orbisapi.com/proxy/protein-yield-calculator-api-6fd033,orbisapi.com,base,other,,false,1.0000,30,31,3,97,2026-07-12T06:12:21.551+00:00
https://orbisapi.com/proxy/protocol-analytics-api-6a607f,orbisapi.com,base,other,,false,1.0000,45,49,3,97,2026-07-15T05:49:04.683+00:00
https://orbisapi.com/proxy/protocol-governance-api-edb929,orbisapi.com,base,other,,false,1.0000,44,45,3,97,2026-07-15T05:50:31.637+00:00
https://orbisapi.com/proxy/protocol-health-score-api-d09bf4,orbisapi.com,base,other,,false,1.0000,31,32,3,97,2026-07-12T06:11:12.001+00:00
https://orbisapi.com/proxy/protocol-revenue-calculator-api-a8f4cd,orbisapi.com,base,other,,false,1.0000,32,37,3,97,2026-07-12T06:11:10.471+00:00
https://orbisapi.com/proxy/protocol-revenue-tracker-api-cf2924,orbisapi.com,base,other,,false,1.0000,49,54,3,97,2026-07-17T06:14:07.496+00:00
https://orbisapi.com/proxy/protocol-risk-api-156e75,orbisapi.com,base,other,,false,1.0000,58,80,6,97,2026-07-15T05:48:43.165+00:00
https://orbisapi.com/proxy/protocol-risk-matrix-api-c81aac,orbisapi.com,base,other,,false,1.0000,49,51,3,97,2026-07-17T06:17:58.966+00:00
https://orbisapi.com/proxy/protocol-safety-api-6d90d6,orbisapi.com,base,other,,false,1.0000,43,43,3,97,2026-07-15T05:49:04.31+00:00
https://orbisapi.com/proxy/provenance-chain-score-api-c564ae,orbisapi.com,base,other,,false,1.0000,47,49,3,97,2026-07-11T06:14:55.793+00:00
https://orbisapi.com/proxy/provenance-score-api-7a63e8,orbisapi.com,base,other,,false,1.0000,91,91,3,96,2026-07-13T07:37:50.055+00:00
https://orbisapi.com/proxy/proverbs-database-api-1acfe9,orbisapi.com,base,other,,false,1.0000,48,48,3,97,2026-07-17T06:15:33.424+00:00
https://orbisapi.com/proxy/proxy-advisor-score-api-2affcc,orbisapi.com,base,other,,false,1.0000,48,50,3,97,2026-07-11T06:17:45.238+00:00
https://orbisapi.com/proxy/psd2-compliance-checker-api-9aa10c,orbisapi.com,base,other,,false,1.0000,30,35,3,97,2026-07-12T06:11:04.077+00:00
https://orbisapi.com/proxy/psychology-terms-aea420,orbisapi.com,base,other,,false,1.0000,82,92,3,96,2026-07-16T06:41:43.975+00:00
https://orbisapi.com/proxy/pto-liability-calculator-api-ecb682,orbisapi.com,base,other,,false,1.0000,48,54,3,97,2026-07-17T06:18:18.345+00:00
https://orbisapi.com/proxy/public-goods-aecaa3,orbisapi.com,base,other,,false,1.0000,82,85,3,96,2026-07-16T06:36:30.715+00:00
https://orbisapi.com/proxy/public-health-message-localizer-api-d1fc4b,orbisapi.com,base,other,,false,1.0000,90,91,3,96,2026-07-13T07:37:53.595+00:00
https://orbisapi.com/proxy/public-holidays-api-43c828,orbisapi.com,base,other,,false,1.0000,50,50,3,97,2026-07-17T06:17:26.606+00:00
https://orbisapi.com/proxy/publishing-industry-terms-cd1891,orbisapi.com,base,other,,false,1.0000,80,85,3,96,2026-07-16T06:41:52.872+00:00
https://orbisapi.com/proxy/punch-list-score-api-46f28f,orbisapi.com,base,other,,false,1.0000,32,34,3,97,2026-07-12T06:10:04.605+00:00
https://orbisapi.com/proxy/pupil-dilation-score-api-aa59e6,orbisapi.com,base;solana:5eykt4usfv8p8njdtrepy1vzqkqzkvdp,other,,false,1.0000,49,54,3,97,2026-07-11T06:14:54.401+00:00
https://orbisapi.com/proxy/purchase-order-parser-api-133747,orbisapi.com,base,other,,false,1.0000,51,54,3,97,2026-07-17T06:14:03.248+00:00
https://orbisapi.com/proxy/puzzle-types-704eb3,orbisapi.com,base,other,,false,1.0000,81,85,3,96,2026-07-16T06:41:52.491+00:00
https://orbisapi.com/proxy/pv-efficiency-calculator-api-86d384,orbisapi.com,base,other,,false,1.0000,32,62,3,96,2026-07-12T06:11:10.649+00:00
https://orbisapi.com/proxy/qa-velocity-calculator-api-f7a3dd,orbisapi.com,base,other,,false,1.0000,30,31,3,97,2026-07-12T06:12:45.465+00:00
https://orbisapi.com/proxy/qbi-deduction-calculator-api-b4361b,orbisapi.com,base;solana:5eykt4usfv8p8njdtrepy1vzqkqzkvdp,other,,false,1.0000,92,94,3,96,2026-07-13T07:38:07.247+00:00
https://orbisapi.com/proxy/qms-score-api-96178c/classify,orbisapi.com,base;solana:5eykt4usfv8p8njdtrepy1vzqkqzkvdp,other,,false,1.0000,52,53,3,97,2026-07-17T06:14:34.933+00:00
https://orbisapi.com/proxy/qr-code-data-encoding-api-c03ef8/decode/ascii,orbisapi.com,base;solana:5eykt4usfv8p8njdtrepy1vzqkqzkvdp,other,,false,1.0000,48,51,3,97,2026-07-11T06:12:07.963+00:00
https://orbisapi.com/proxy/qr-code-data-encoding-api-c03ef8/decode/binary,orbisapi.com,base;solana:5eykt4usfv8p8njdtrepy1vzqkqzkvdp,other,,false,1.0000,88,94,3,96,2026-07-11T06:11:26.711+00:00
https://orbisapi.com/proxy/qr-code-data-encoding-api-c03ef8/decode/url,orbisapi.com,base;solana:5eykt4usfv8p8njdtrepy1vzqkqzkvdp,other,,false,1.0000,49,54,3,97,2026-07-11T06:12:10.171+00:00
https://orbisapi.com/proxy/qr-code-generator-api-327d1a,orbisapi.com,base,other,,false,1.0000,50,55,3,97,2026-07-17T06:17:10.257+00:00
https://orbisapi.com/proxy/qr-code-generator-api-d5872b,orbisapi.com,base,other,,false,1.0000,47,52,3,97,2026-07-17T06:17:20.593+00:00
https://orbisapi.com/proxy/quality-score-predictor-api-27634d,orbisapi.com,base,other,,false,1.0000,33,34,3,97,2026-07-12T06:11:09.83+00:00
https://orbisapi.com/proxy/quantization-score-api-c1d389,orbisapi.com,base,other,,false,1.0000,48,53,3,97,2026-07-11T06:14:52.534+00:00
https://orbisapi.com/proxy/quantum-algorithm-classifier-api-ea6732,orbisapi.com,base;solana:5eykt4usfv8p8njdtrepy1vzqkqzkvdp,other,,false,1.0000,31,33,3,97,2026-07-12T06:11:12.671+00:00
https://orbisapi.com/proxy/quantum-speedup-estimator-api-e51f8c,orbisapi.com,base,other,,false,1.0000,30,32,3,97,2026-07-12T06:11:06.619+00:00
https://orbisapi.com/proxy/quantum-volume-calculator-api-89912b,orbisapi.com,base,other,,false,1.0000,32,33,3,97,2026-07-12T06:11:12.143+00:00
https://orbisapi.com/proxy/qubit-error-rate-api-77da7b,orbisapi.com,base,other,,false,1.0000,31,34,3,97,2026-07-12T06:11:03.777+00:00
https://orbisapi.com/proxy/query-reformulator-api-72c2bc,orbisapi.com,base,other,,false,1.0000,65,69,3,97,2026-07-14T06:20:56.556+00:00
https://orbisapi.com/proxy/query-string-parser-api-a5bd10,orbisapi.com,base,other,,false,1.0000,47,61,6,96,2026-07-12T06:09:43.738+00:00
https://orbisapi.com/proxy/question-generator-api-a5a1d0,orbisapi.com,base,other,,false,1.0000,83,96,6,97,2026-07-14T06:18:16.405+00:00
https://orbisapi.com/proxy/quick-ratio-calculator-api-c9d1fb,orbisapi.com,base,other,,false,1.0000,49,52,3,97,2026-07-17T06:18:00.571+00:00
https://orbisapi.com/proxy/quiz-difficulty-scorer-api-f409d9,orbisapi.com,base,other,,false,1.0000,88,91,3,96,2026-07-13T07:38:08.193+00:00
https://orbisapi.com/proxy/quiz-score-api-029080,orbisapi.com,base,other,,false,1.0000,49,49,3,97,2026-07-17T06:14:52.736+00:00
https://orbisapi.com/proxy/quote-extractor-api-69e146,orbisapi.com,base,other,,false,1.0000,30,31,3,97,2026-07-12T06:11:09.515+00:00
https://orbisapi.com/proxy/r-number-calculator-api-78375a,orbisapi.com,base,other,,false,1.0000,33,34,3,97,2026-07-12T06:11:09.976+00:00
https://orbisapi.com/proxy/race-day-fuel-calculator-api-573a30,orbisapi.com,base,other,,false,1.0000,73,73,3,96,2026-07-14T06:23:01.905+00:00
https://orbisapi.com/proxy/race-pace-calculator-api-d86906,orbisapi.com,base,other,,false,1.0000,91,92,3,96,2026-07-13T07:37:36.779+00:00
https://orbisapi.com/proxy/radiation-belt-score-api-ad72b9,orbisapi.com,base,other,,false,1.0000,34,41,3,97,2026-07-12T06:11:03.08+00:00
https://orbisapi.com/proxy/radiation-dose-calculator-api-466c58,orbisapi.com,base,other,,false,1.0000,32,33,3,97,2026-07-12T06:11:08.733+00:00
https://orbisapi.com/proxy/radiation-fractionation-calculator-api-c59cea,orbisapi.com,base,other,,false,1.0000,50,58,3,97,2026-07-17T06:15:15.723+00:00
https://orbisapi.com/proxy/radiation-qa-score-api-37bac5/analyze,orbisapi.com,base;solana:5eykt4usfv8p8njdtrepy1vzqkqzkvdp,other,,false,1.0000,42,43,3,97,2026-07-15T05:49:20.597+00:00
https://orbisapi.com/proxy/radiation-shield-calculator-api-4380d0,orbisapi.com,base,other,,false,1.0000,48,49,3,97,2026-07-11T06:14:58.334+00:00
https://orbisapi.com/proxy/radiative-forcing-calculator-api-176780,orbisapi.com,base,other,,false,1.0000,45,45,3,97,2026-07-15T05:50:20.867+00:00
https://orbisapi.com/proxy/radio-history-5cf657,orbisapi.com,base,other,,false,1.0000,81,89,3,96,2026-07-16T06:41:41.759+00:00
https://orbisapi.com/proxy/radioactive-decay-planning-api-ae5ba1,orbisapi.com,base,other,,false,1.0000,47,49,3,97,2026-07-11T06:14:53.69+00:00
https://orbisapi.com/proxy/radiocarbon-date-calculator-api-b4fd9a,orbisapi.com,base,other,,false,1.0000,31,32,3,97,2026-07-12T06:11:11.59+00:00
https://orbisapi.com/proxy/radon-risk-calculator-api-127486,orbisapi.com,base,other,,false,1.0000,93,95,3,96,2026-07-13T07:38:01.26+00:00
https://orbisapi.com/proxy/rag-concepts-guide-api-35cb01,orbisapi.com,base;solana:5eykt4usfv8p8njdtrepy1vzqkqzkvdp,other,,false,1.0000,91,91,3,96,2026-07-13T07:33:30.636+00:00
https://orbisapi.com/proxy/rag-pipeline-guide-api-f880ec,orbisapi.com,base,other,,false,1.0000,60,70,3,97,2026-07-14T06:20:31.804+00:00
https://orbisapi.com/proxy/rainforest-facts-51f2c7,orbisapi.com,base,other,,false,1.0000,80,84,3,96,2026-07-16T06:36:33.866+00:00
https://orbisapi.com/proxy/ramp-time-calculator-api-add0a2,orbisapi.com,base,other,,false,1.0000,31,31,3,97,2026-07-12T06:11:02.631+00:00
https://orbisapi.com/proxy/ran-optimization-score-api-63e35a,orbisapi.com,base,other,,false,1.0000,45,50,3,97,2026-07-11T06:14:48.523+00:00
https://orbisapi.com/proxy/random-name-generator-api-a28690,orbisapi.com,base;solana:5eykt4usfv8p8njdtrepy1vzqkqzkvdp,other,,false,1.0000,47,50,3,97,2026-07-17T06:15:55.492+00:00
https://orbisapi.com/proxy/random-quote-generator-api-65993a,orbisapi.com,base;solana:5eykt4usfv8p8njdtrepy1vzqkqzkvdp,other,,false,1.0000,49,51,3,97,2026-07-17T06:15:55.73+00:00
https://orbisapi.com/proxy/random-word-api-7d4b5e,orbisapi.com,base;solana:5eykt4usfv8p8njdtrepy1vzqkqzkvdp,other,,false,1.0000,51,51,3,97,2026-07-17T06:17:30.816+00:00
https://orbisapi.com/proxy/rank-order-api-191077,orbisapi.com,base,other,,false,1.0000,69,97,6,97,2026-07-17T06:12:27.03+00:00
https://orbisapi.com/proxy/rank-percentile-calculator-api-7dcdf5,orbisapi.com,base,other,,false,1.0000,29,31,3,97,2026-07-12T06:11:11.868+00:00
https://orbisapi.com/proxy/rare-disease-prevalence-calculator-api-98f4aa,orbisapi.com,base,other,,false,1.0000,48,49,3,97,2026-07-11T06:14:58.814+00:00
https://orbisapi.com/proxy/rate-calculator-api-ec8fec,orbisapi.com,base,other,,false,1.0000,68,69,3,97,2026-07-14T06:20:16.446+00:00
https://orbisapi.com/proxy/rate-limit-advisor-api-044d9e,orbisapi.com,base,other,,false,1.0000,60,64,3,97,2026-07-14T06:20:12.347+00:00
https://orbisapi.com/proxy/rate-limit-calc-c63be6,orbisapi.com,base,other,,false,1.0000,44,44,3,97,2026-07-15T05:52:19.834+00:00
https://orbisapi.com/proxy/rate-limit-calculator-api-43ebb4,orbisapi.com,base,other,,false,1.0000,90,91,3,96,2026-07-13T07:35:45.068+00:00
https://orbisapi.com/proxy/rate-limit-designer-api-a44bb0,orbisapi.com,base,other,,false,1.0000,30,30,3,97,2026-07-12T06:11:10.781+00:00
https://orbisapi.com/proxy/rate-limit-header-api-d090a4,orbisapi.com,base,other,,false,1.0000,50,50,3,97,2026-07-17T06:14:52.962+00:00
https://orbisapi.com/proxy/rate-limiter-advisor-api-efb0d4,orbisapi.com,base,other,,false,1.0000,63,66,3,97,2026-07-14T06:19:23.781+00:00
https://orbisapi.com/proxy/rate-limiter-advisor-api-efd351,orbisapi.com,base,other,,false,1.0000,89,91,3,96,2026-07-13T07:34:40.815+00:00
https://orbisapi.com/proxy/ratio-simplifier-api-3915d3,orbisapi.com,base,other,,false,1.0000,65,68,3,97,2026-07-14T06:21:38.459+00:00
https://orbisapi.com/proxy/rbac-evaluator-api-62ff82,orbisapi.com,base,other,,false,1.0000,70,70,3,97,2026-07-14T06:19:28.681+00:00
https://orbisapi.com/proxy/rbc-ratio-calculator-api-51edf1,orbisapi.com,base,other,,false,1.0000,43,44,3,97,2026-07-15T05:50:52.927+00:00
https://orbisapi.com/proxy/rd-tax-credit-calculator-api-2a1bba,orbisapi.com,base,other,,false,1.0000,50,53,3,97,2026-07-17T06:15:39.112+00:00
https://orbisapi.com/proxy/reactive-programming-guide-api-d05e68,orbisapi.com,base;solana:5eykt4usfv8p8njdtrepy1vzqkqzkvdp,other,,false,1.0000,41,42,3,97,2026-07-15T05:49:29.052+00:00
https://orbisapi.com/proxy/reactor-thermal-calculator-api-811080,orbisapi.com,base,other,,false,1.0000,32,35,3,97,2026-07-12T06:11:09.672+00:00
https://orbisapi.com/proxy/readability-grade-api-706036,orbisapi.com,base,other,,false,1.0000,89,90,3,96,2026-07-13T07:38:20.916+00:00
https://orbisapi.com/proxy/readability-improver-api-a30985,orbisapi.com,base,other,,false,1.0000,83,89,6,97,2026-07-14T06:18:58.197+00:00
https://orbisapi.com/proxy/readability-score-api-c05d8a,orbisapi.com,base,other,,false,1.0000,49,50,3,97,2026-07-17T06:13:42.294+00:00
https://orbisapi.com/proxy/readable-line-length-api-1c13e8,orbisapi.com,base,other,,false,1.0000,32,36,3,97,2026-07-12T06:11:03.934+00:00
https://orbisapi.com/proxy/reading-analyzer-api-68e2b2,orbisapi.com,base,other,,false,1.0000,94,135,3,95,2026-07-17T06:13:42.66+00:00
https://orbisapi.com/proxy/reading-level-api-10e48d,orbisapi.com,base,other,,false,1.0000,31,31,3,97,2026-07-12T06:12:48.262+00:00
https://orbisapi.com/proxy/reading-level-assessor-api-ed5682,orbisapi.com,base,other,,false,1.0000,92,93,3,96,2026-07-13T07:38:04.884+00:00
https://orbisapi.com/proxy/reading-order-score-api-28c41f,orbisapi.com,base,other,,false,1.0000,31,31,3,97,2026-07-12T06:11:02.921+00:00
https://orbisapi.com/proxy/reading-time-api-08731a,orbisapi.com,base,other,,false,1.0000,67,72,3,97,2026-07-14T06:24:51.833+00:00
https://orbisapi.com/proxy/reading-time-calculator-api-1e1c02,orbisapi.com,base,other,,false,1.0000,60,88,6,96,2026-07-16T06:34:26.23+00:00
https://orbisapi.com/proxy/reading-time-calculator-api-6eb562,orbisapi.com,base,other,,false,1.0000,69,72,3,97,2026-07-14T06:21:28.026+00:00
https://orbisapi.com/proxy/real-estate-cap-rate-api-e144b3,orbisapi.com,base,other,,false,1.0000,71,71,3,97,2026-07-14T06:19:15.154+00:00
https://orbisapi.com/proxy/real-estate-deal-analyzer-api-b42193,orbisapi.com,base,other,,false,1.0000,50,51,3,97,2026-07-17T06:17:16.128+00:00
https://orbisapi.com/proxy/real-estate-leverage-analyzer-api-2a42b7,orbisapi.com,base,other,,false,1.0000,48,53,3,97,2026-07-17T06:16:08.101+00:00
https://orbisapi.com/proxy/real-estate-tax-strategy-analyzer-api-a7c43a,orbisapi.com,base,other,,false,1.0000,91,93,3,96,2026-07-13T07:35:34.833+00:00
https://orbisapi.com/proxy/real-estate-toolkit-api-ba9380,orbisapi.com,base,other,,false,1.0000,86,87,3,96,2026-07-16T06:39:57.461+00:00
https://orbisapi.com/proxy/real-estate-trends-e7d4e5,orbisapi.com,base,other,,false,1.0000,45,48,3,97,2026-07-15T05:52:58.123+00:00
https://orbisapi.com/proxy/reasoning-trace-score-api-74a0a8,orbisapi.com,base,other,,false,1.0000,89,93,3,96,2026-07-13T07:38:03.698+00:00
https://orbisapi.com/proxy/reasoning-tracer-api-a72b31,orbisapi.com,base,other,,false,1.0000,72,78,3,96,2026-07-14T06:20:19.331+00:00
https://orbisapi.com/proxy/rebalancing-calculator-api-673a9e,orbisapi.com,base,other,,false,1.0000,48,48,3,97,2026-07-11T06:18:05.262+00:00
https://orbisapi.com/proxy/rebalancing-trigger-calculator-api-2dffab,orbisapi.com,base;solana:5eykt4usfv8p8njdtrepy1vzqkqzkvdp,other,,false,1.0000,47,51,3,97,2026-07-11T06:14:49.933+00:00
https://orbisapi.com/proxy/receipt-parser-api-84876f,orbisapi.com,base,other,,false,1.0000,66,93,6,97,2026-07-17T06:12:36.156+00:00
https://orbisapi.com/proxy/recency-bias-score-api-a16f1b,orbisapi.com,base,other,,false,1.0000,49,53,3,97,2026-07-11T06:14:39.497+00:00
https://orbisapi.com/proxy/recipe-nutrition-0222da,orbisapi.com,base,other,,false,1.0000,42,44,3,97,2026-07-15T05:52:59.102+00:00
https://orbisapi.com/proxy/recipe-nutrition-calculator-api-b9ed7b,orbisapi.com,base,other,,false,1.0000,30,32,3,97,2026-07-12T06:11:10.916+00:00
https://orbisapi.com/proxy/recipe-scaler-api-335735,orbisapi.com,base,other,,false,1.0000,93,93,3,96,2026-07-13T07:38:56.256+00:00
https://orbisapi.com/proxy/reciprocity-score-api-b37e78,orbisapi.com,base,other,,false,1.0000,80,137,6,97,2026-07-16T06:34:00.457+00:00
https://orbisapi.com/proxy/recist-classifier-api-f8e714,orbisapi.com,base,other,,false,1.0000,46,49,3,97,2026-07-11T06:14:39.72+00:00
https://orbisapi.com/proxy/reconciliation-rate-calculator-api-c72b27,orbisapi.com,base,other,,false,1.0000,46,48,3,97,2026-07-11T06:14:50.928+00:00
https://orbisapi.com/proxy/reconciliation-score-api-a23732,orbisapi.com,base,other,,false,1.0000,70,76,3,97,2026-07-14T06:21:28.372+00:00
https://orbisapi.com/proxy/recovery-capital-score-api-d6518d,orbisapi.com,base,other,,false,1.0000,47,51,3,97,2026-07-11T06:14:44.907+00:00
https://orbisapi.com/proxy/recovery-mechanism-score-api-7164b4,orbisapi.com,base,other,,false,1.0000,48,48,3,97,2026-07-11T06:14:51.157+00:00
https://orbisapi.com/proxy/recovery-score-api-566abf,orbisapi.com,base,other,,false,1.0000,49,49,3,97,2026-07-17T06:14:48.705+00:00
https://orbisapi.com/proxy/recovery-score-api-74311c,orbisapi.com,base,other,,false,1.0000,90,91,3,96,2026-07-13T07:39:06.445+00:00
https://orbisapi.com/proxy/recovery-speed-calculator-api-274f19,orbisapi.com,base,other,,false,1.0000,49,49,3,97,2026-07-11T06:14:49.23+00:00
https://orbisapi.com/proxy/recovery-time-predictor-api-a7bcf5,orbisapi.com,base,other,,false,1.0000,30,31,3,97,2026-07-12T06:11:06.352+00:00
https://orbisapi.com/proxy/recruitment-tools-api-1d3bb2,orbisapi.com,base,other,,false,1.0000,78,80,3,97,2026-07-16T06:35:06.206+00:00
https://orbisapi.com/proxy/recurrence-rule-parser-api-54903f,orbisapi.com,base,other,,false,1.0000,32,37,3,97,2026-07-12T06:12:48.402+00:00
https://orbisapi.com/proxy/recursion-guide-api-629d2e,orbisapi.com,base;solana:5eykt4usfv8p8njdtrepy1vzqkqzkvdp,other,,false,1.0000,45,52,3,97,2026-07-15T05:49:44.298+00:00
https://orbisapi.com/proxy/recyclability-score-api-ab8af1,orbisapi.com,base,other,,false,1.0000,32,33,3,97,2026-07-12T06:12:14.046+00:00
https://orbisapi.com/proxy/recyclable-packaging-score-api-69d8f9,orbisapi.com,base,other,,false,1.0000,47,61,3,97,2026-07-11T06:14:39.961+00:00
https://orbisapi.com/proxy/recycling-code-lookup-api-4e12df,orbisapi.com,base;solana:5eykt4usfv8p8njdtrepy1vzqkqzkvdp,other,,false,1.0000,32,32,3,97,2026-07-12T06:12:44.482+00:00
https://orbisapi.com/proxy/recycling-impact-calculator-api-f8fecd,orbisapi.com,base,other,,false,1.0000,62,64,3,97,2026-07-14T06:21:30.107+00:00
https://orbisapi.com/proxy/redaction-checker-api-f5046e,orbisapi.com,base,other,,false,1.0000,31,32,3,97,2026-07-12T06:12:49.469+00:00
https://orbisapi.com/proxy/redaction-pii-scrubber-api-01f25c,orbisapi.com,base,other,,false,1.0000,52,53,3,97,2026-07-17T06:13:33.748+00:00
https://orbisapi.com/proxy/reddit-post-search-f502c4,orbisapi.com,base,other,,false,1.0000,43,46,3,97,2026-07-15T05:52:29.692+00:00
https://orbisapi.com/proxy/reddit-posts-comments-api-c526a6,orbisapi.com,base,other,,false,1.0000,49,50,3,97,2026-07-17T06:17:36.489+00:00
https://orbisapi.com/proxy/reddit-subreddit-search-api-724378,orbisapi.com,base,other,,false,1.0000,49,51,3,97,2026-07-17T06:17:42.615+00:00
https://orbisapi.com/proxy/redirect-chain-checker-api-13b26f,orbisapi.com,base,other,,false,1.0000,77,82,3,96,2026-07-14T06:21:49.768+00:00
https://orbisapi.com/proxy/redirect-checker-api-63d305,orbisapi.com,base,other,,false,1.0000,48,53,3,97,2026-07-17T06:17:21.756+00:00
https://orbisapi.com/proxy/redshift-calculator-api-462283,orbisapi.com,base,other,,false,1.0000,31,33,3,97,2026-07-12T06:11:11.055+00:00
https://orbisapi.com/proxy/reentrancy-risk-api-8ce5b7,orbisapi.com,base,other,,false,1.0000,52,53,3,97,2026-07-17T06:17:56.795+00:00
https://orbisapi.com/proxy/reentry-angle-calculator-api-6f90fc,orbisapi.com,base,other,,false,1.0000,68,93,6,97,2026-07-17T06:12:36.662+00:00
https://orbisapi.com/proxy/reentry-heating-calculator-api-b68259,orbisapi.com,base,other,,false,1.0000,31,35,3,97,2026-07-12T06:11:02.778+00:00
https://orbisapi.com/proxy/reference-accuracy-score-api-231aab,orbisapi.com,base,other,,false,1.0000,48,49,3,97,2026-07-11T06:14:38.383+00:00
https://orbisapi.com/proxy/reference-check-scorer-api-848100,orbisapi.com,base,other,,false,1.0000,93,94,3,96,2026-07-13T07:37:55.321+00:00
https://orbisapi.com/proxy/referral-value-calculator-api-d6ee62,orbisapi.com,base,other,,false,1.0000,48,53,3,97,2026-07-17T06:18:42.411+00:00
https://orbisapi.com/proxy/referral-viral-calculator-api-d13099,orbisapi.com,base,other,,false,1.0000,48,51,3,97,2026-07-11T06:14:49.46+00:00
https://orbisapi.com/proxy/refinance-analysis-calculator-api-471090,orbisapi.com,base,other,,false,1.0000,31,33,3,97,2026-07-12T06:11:06.057+00:00
https://orbisapi.com/proxy/refinance-breakeven-calculator-api-bd92dc,orbisapi.com,base,other,,false,1.0000,48,49,3,97,2026-07-11T06:14:38.865+00:00
https://orbisapi.com/proxy/refinance-calculator-api-9ebfbf,orbisapi.com,base,other,,false,1.0000,67,71,3,97,2026-07-14T06:21:45.516+00:00
https://orbisapi.com/proxy/refinance-calculator-api-9ebfbf/bulk,orbisapi.com,base;solana:5eykt4usfv8p8njdtrepy1vzqkqzkvdp,other,,false,1.0000,47,50,3,97,2026-07-11T06:11:57.223+00:00
https://orbisapi.com/proxy/refinance-calculator-api-b3d6c7,orbisapi.com,base,other,,false,1.0000,82,86,3,96,2026-07-16T06:40:01.353+00:00
https://orbisapi.com/proxy/refund-policy-checker-api-6eab0c,orbisapi.com,base,other,,false,1.0000,82,93,6,97,2026-07-14T06:18:22.175+00:00
https://orbisapi.com/proxy/regex-builder-tester-api-ad5ce1,orbisapi.com,base,other,,false,1.0000,49,52,3,97,2026-07-17T06:13:58.816+00:00
https://orbisapi.com/proxy/regex-character-classes-api-48b4b0,orbisapi.com,base,other,,false,1.0000,46,50,3,97,2026-07-15T05:50:06.203+00:00
https://orbisapi.com/proxy/regex-extract-api-945edf,orbisapi.com,base,other,,false,1.0000,43,44,3,97,2026-07-15T05:52:59.851+00:00
https://orbisapi.com/proxy/regex-extractor-api-feb883,orbisapi.com,base,other,,false,1.0000,79,83,3,97,2026-07-16T06:41:09.243+00:00
https://orbisapi.com/proxy/regex-flags-guide-api-eb87c8,orbisapi.com,base,other,,false,1.0000,44,46,3,97,2026-07-15T05:49:58.575+00:00
https://orbisapi.com/proxy/regex-generator-api-387b3a,orbisapi.com,base,other,,false,1.0000,90,93,3,96,2026-07-13T07:34:05.959+00:00
https://orbisapi.com/proxy/regex-generator-api-b65c05,orbisapi.com,base,other,,false,1.0000,155,156,3,95,2026-07-17T06:15:13.537+00:00
https://orbisapi.com/proxy/regex-lookaheads-guide-api-08e974,orbisapi.com,base,other,,false,1.0000,42,43,3,97,2026-07-15T05:50:01.174+00:00
https://orbisapi.com/proxy/regex-quantifiers-guide-api-b67669,orbisapi.com,base,other,,false,1.0000,51,52,3,97,2026-07-15T05:49:55.989+00:00
https://orbisapi.com/proxy/regex-replace-api-32bc8e,orbisapi.com,base,other,,false,1.0000,43,49,3,97,2026-07-15T05:52:47.174+00:00
https://orbisapi.com/proxy/regex-syntax-guide-api-991755,orbisapi.com,base;solana:5eykt4usfv8p8njdtrepy1vzqkqzkvdp,other,,false,1.0000,41,51,3,97,2026-07-15T05:50:07.957+00:00
https://orbisapi.com/proxy/regex-test-api-c7df5f,orbisapi.com,base,other,,false,1.0000,43,46,3,97,2026-07-15T05:52:19.253+00:00
https://orbisapi.com/proxy/regex-tester-api-ce999b,orbisapi.com,base,other,,false,1.0000,66,67,3,97,2026-07-14T06:25:56.988+00:00
https://orbisapi.com/proxy/regex-validate-pattern-ef75f2,orbisapi.com,base,other,,false,1.0000,42,42,3,97,2026-07-15T05:52:17.341+00:00
https://orbisapi.com/proxy/regex-validator-api-ecb95b,orbisapi.com,base,other,,false,1.0000,68,72,3,97,2026-07-14T06:19:49.565+00:00
https://orbisapi.com/proxy/regression-advisor-api-1d3889,orbisapi.com,base,other,,false,1.0000,88,91,3,96,2026-07-13T07:39:47.874+00:00
https://orbisapi.com/proxy/regression-analysis-9be372,orbisapi.com,base,other,,false,1.0000,44,51,3,97,2026-07-15T05:52:59.668+00:00
https://orbisapi.com/proxy/regression-interpreter-api-65e526,orbisapi.com,base,other,,false,1.0000,31,34,3,97,2026-07-12T06:12:43.868+00:00
https://orbisapi.com/proxy/regression-risk-score-api-b5a04a,orbisapi.com,base,other,,false,1.0000,33,40,3,97,2026-07-12T06:12:46.916+00:00
https://orbisapi.com/proxy/regret-aversion-score-api-df8138,orbisapi.com,base,other,,false,1.0000,51,52,3,97,2026-07-11T06:14:45.141+00:00
https://orbisapi.com/proxy/regret-aversion-score-api-df8138/,orbisapi.com,base;solana:5eykt4usfv8p8njdtrepy1vzqkqzkvdp,other,,false,1.0000,48,50,3,97,2026-07-17T06:14:39.585+00:00
https://orbisapi.com/proxy/regulation-cf-checker-api-54bc67,orbisapi.com,base,other,,false,1.0000,35,38,3,97,2026-07-12T06:11:11.34+00:00
https://orbisapi.com/proxy/regulation-change-detector-api-2b0a44,orbisapi.com,base,other,,false,1.0000,49,50,3,97,2026-07-11T06:14:51.386+00:00
https://orbisapi.com/proxy/regulatory-capital-calculator-api-948dee,orbisapi.com,base,other,,false,1.0000,28,32,3,97,2026-07-12T06:11:06.484+00:00
https://orbisapi.com/proxy/regulatory-change-impact-api-ee43ad,orbisapi.com,base,other,,false,1.0000,51,51,3,97,2026-07-17T06:16:10.894+00:00
https://orbisapi.com/proxy/regulatory-classifier-api-8ddd96,orbisapi.com,base,other,,false,1.0000,64,119,6,96,2026-07-16T06:33:47.129+00:00
https://orbisapi.com/proxy/regulatory-filing-lookup-bc57dc,orbisapi.com,base,other,,false,1.0000,44,50,3,97,2026-07-15T05:52:58.327+00:00
https://orbisapi.com/proxy/regulatory-fine-estimator-api-345d91,orbisapi.com,base,other,,false,1.0000,47,49,3,97,2026-07-17T06:17:47.969+00:00
https://orbisapi.com/proxy/regulatory-fine-estimator-api-795ced,orbisapi.com,base,other,,false,1.0000,52,52,3,97,2026-07-11T06:17:43.196+00:00
https://orbisapi.com/proxy/regulatory-fine-estimator-api-c248a7,orbisapi.com,base,other,,false,1.0000,94,94,3,96,2026-07-13T07:36:53.759+00:00
https://orbisapi.com/proxy/regulatory-guide-api-1ad896,orbisapi.com,base,other,,false,1.0000,80,83,3,97,2026-07-16T06:34:49.575+00:00
https://orbisapi.com/proxy/regulatory-impact-assessor-api-639177,orbisapi.com,base,other,,false,1.0000,50,52,3,97,2026-07-17T06:17:39.789+00:00
https://orbisapi.com/proxy/regulatory-obligation-extractor-api-acf42b,orbisapi.com,base,other,,false,1.0000,48,53,3,97,2026-07-11T06:15:22.269+00:00
https://orbisapi.com/proxy/regulatory-risk-scorer-api-233148,orbisapi.com,base,other,,false,1.0000,92,93,3,96,2026-07-13T07:39:18.029+00:00
https://orbisapi.com/proxy/rehab-cost-estimator-api-5c30c0,orbisapi.com,base,other,,false,1.0000,65,81,6,97,2026-07-17T06:12:24.619+00:00
https://orbisapi.com/proxy/rehabilitation-progress-score-api-9bf53e,orbisapi.com,base,other,,false,1.0000,50,51,3,97,2026-07-11T06:14:51.85+00:00
https://orbisapi.com/proxy/reinsurance-calculator-api-0a623d,orbisapi.com,base,other,,false,1.0000,34,34,3,97,2026-07-12T06:12:47.965+00:00
https://orbisapi.com/proxy/relapse-risk-score-api-46e3b9,orbisapi.com,base,other,,false,1.0000,53,54,3,97,2026-07-11T06:14:40.203+00:00
https://orbisapi.com/proxy/related-party-detector-api-f42cf0,orbisapi.com,base,other,,false,1.0000,48,51,3,97,2026-07-11T06:14:46.099+00:00
https://orbisapi.com/proxy/related-party-transaction-score-api-14312c,orbisapi.com,base,other,,false,1.0000,49,50,3,97,2026-07-11T06:14:38.628+00:00
https://orbisapi.com/proxy/relationship-extract-049a3b,orbisapi.com,base,other,,false,1.0000,41,52,3,97,2026-07-15T05:52:17.723+00:00
https://orbisapi.com/proxy/relative-date-api-39248a,orbisapi.com,base,other,,false,1.0000,71,74,3,97,2026-07-14T06:23:31.48+00:00
https://orbisapi.com/proxy/release-readiness-score-api-da012b,orbisapi.com,base,other,,false,1.0000,31,32,3,97,2026-07-12T06:12:45.605+00:00
https://orbisapi.com/proxy/religious-architecture-de0802,orbisapi.com,base,other,,false,1.0000,86,126,3,96,2026-07-16T06:36:33.484+00:00
https://orbisapi.com/proxy/religious-symbols-fe41a6,orbisapi.com,base,other,,false,1.0000,87,90,3,96,2026-07-16T06:41:52.11+00:00
https://orbisapi.com/proxy/remanufacturing-value-api-cdd107,orbisapi.com,base,other,,false,1.0000,48,49,3,97,2026-07-11T06:14:45.372+00:00
https://orbisapi.com/proxy/remediation-priority-score-api-00e4d5,orbisapi.com,base,other,,false,1.0000,48,51,3,97,2026-07-11T06:14:50.703+00:00
https://orbisapi.com/proxy/remote-policy-parser-api-eb210e,orbisapi.com,base,other,,false,1.0000,33,35,3,97,2026-07-12T06:12:46.057+00:00
https://orbisapi.com/proxy/remote-work-cost-calculator-api-842167,orbisapi.com,base,other,,false,1.0000,48,48,3,97,2026-07-17T06:18:21.433+00:00
https://orbisapi.com/proxy/renaissance-facts-4c5fe7,orbisapi.com,base,other,,false,1.0000,81,82,3,97,2026-07-16T06:41:35.885+00:00
https://orbisapi.com/proxy/renewable-diesel-calculator-api-5ed9a6,orbisapi.com,base,other,,false,1.0000,47,49,3,97,2026-07-11T06:14:42.971+00:00
https://orbisapi.com/proxy/renewable-energy-data-26abf1,orbisapi.com,base,other,,false,1.0000,43,49,3,97,2026-07-15T05:52:56.028+00:00
https://orbisapi.com/proxy/renewal-risk-scorer-api-58ebd6,orbisapi.com,base,other,,false,1.0000,93,93,3,96,2026-07-13T07:34:42.679+00:00
https://orbisapi.com/proxy/rent-vs-buy-calculator-api-7dde38,orbisapi.com,base,other,,false,1.0000,91,92,3,96,2026-07-13T07:38:56.732+00:00
https://orbisapi.com/proxy/rent-vs-buy-calculator-api-a8533b,orbisapi.com,base,other,,false,1.0000,83,98,3,96,2026-07-16T06:39:50.82+00:00
https://orbisapi.com/proxy/rent-vs-buy-calculator-api-d0607d,orbisapi.com,base,other,,false,1.0000,62,94,3,96,2026-07-14T06:21:38.804+00:00
https://orbisapi.com/proxy/rental-estimate-api-ec904c,orbisapi.com,base,other,,false,1.0000,41,43,3,97,2026-07-15T05:52:19.441+00:00
https://orbisapi.com/proxy/rental-yield-calculator-api-84bec4,orbisapi.com,base,other,,false,1.0000,33,33,3,97,2026-07-12T06:12:42.882+00:00
https://orbisapi.com/proxy/rental-yield-calculator-api-eccc8c,orbisapi.com,base,other,,false,1.0000,85,89,3,96,2026-07-16T06:39:54.751+00:00
https://orbisapi.com/proxy/rental-yield-optimizer-api-cddb5d,orbisapi.com,base,other,,false,1.0000,32,32,3,97,2026-07-12T06:12:16.651+00:00
https://orbisapi.com/proxy/renters-insurance-api-9fe94c,orbisapi.com,base,other,,false,1.0000,62,76,3,97,2026-07-14T06:24:41.846+00:00
https://orbisapi.com/proxy/reorder-point-calculator-api-0910bf,orbisapi.com,base,other,,false,1.0000,31,32,3,97,2026-07-12T06:12:49.068+00:00
https://orbisapi.com/proxy/reorder-point-calculator-api-0e5f38,orbisapi.com,base,other,,false,1.0000,51,51,3,97,2026-07-17T06:18:20.269+00:00
https://orbisapi.com/proxy/reorder-point-calculator-api-cd2045,orbisapi.com,base,other,,false,1.0000,75,95,6,97,2026-07-14T06:18:20.566+00:00
https://orbisapi.com/proxy/repatriation-score-api-fa53bf,orbisapi.com,base,other,,false,1.0000,46,49,3,97,2026-07-11T06:14:48.771+00:00
https://orbisapi.com/proxy/replay-value-score-api-e33191,orbisapi.com,base,other,,false,1.0000,48,51,3,97,2026-07-11T06:14:43.207+00:00
https://orbisapi.com/proxy/replenishment-calculator-api-e8e755,orbisapi.com,base,other,,false,1.0000,30,32,3,97,2026-07-12T06:12:46.186+00:00
https://orbisapi.com/proxy/replication-score-api-e67573,orbisapi.com,base,other,,false,1.0000,47,51,3,97,2026-07-11T06:14:40.662+00:00
https://orbisapi.com/proxy/reporting-guideline-score-api-91bfd4,orbisapi.com,base,other,,false,1.0000,66,71,3,97,2026-07-14T06:22:05.594+00:00
https://orbisapi.com/proxy/repository-selection-score-api-d1826a,orbisapi.com,base,other,,false,1.0000,62,65,3,97,2026-07-14T06:23:19.878+00:00
https://orbisapi.com/proxy/reprint-roi-calculator-api-131e55,orbisapi.com,base,other,,false,1.0000,32,33,3,97,2026-07-12T06:11:02.442+00:00
https://orbisapi.com/proxy/reptile-facts-acadcf,orbisapi.com,base;solana:5eykt4usfv8p8njdtrepy1vzqkqzkvdp,other,,false,1.0000,82,91,3,96,2026-07-16T06:41:38.29+00:00
https://orbisapi.com/proxy/research-gap-detector-api-a235c0,orbisapi.com,base,other,,false,1.0000,30,34,3,97,2026-07-12T06:12:43.142+00:00
https://orbisapi.com/proxy/research-paper-summary-5a371f,orbisapi.com,base,other,,false,1.0000,43,45,3,97,2026-07-15T05:52:56.235+00:00
https://orbisapi.com/proxy/reserve-adequacy-score-api-d4f4b0,orbisapi.com,base,other,,false,1.0000,31,36,3,97,2026-07-12T06:12:20.751+00:00
https://orbisapi.com/proxy/reservoir-storage-calculator-api-c0f192,orbisapi.com,base,other,,false,1.0000,46,48,3,97,2026-07-11T06:14:48.996+00:00
https://orbisapi.com/proxy/resilience-investment-calculator-api-c71285,orbisapi.com,base,other,,false,1.0000,47,48,3,97,2026-07-11T06:14:40.43+00:00
https://orbisapi.com/proxy/resolution-time-calculator-api-a10add,orbisapi.com,base,other,,false,1.0000,88,88,3,96,2026-07-13T07:34:49.141+00:00
https://orbisapi.com/proxy/respiratory-health-ec85ae,orbisapi.com,base,other,,false,1.0000,84,98,3,96,2026-07-16T06:41:46.761+00:00
https://orbisapi.com/proxy/response-ranker-api-1caf7e,orbisapi.com,base,other,,false,1.0000,62,67,3,97,2026-07-14T06:21:08.15+00:00
https://orbisapi.com/proxy/response-time-calculator-api-93b710,orbisapi.com,base,other,,false,1.0000,150,150,3,94,2026-07-11T06:14:29.394+00:00
https://orbisapi.com/proxy/rest-api-versioning-guide-api-9e529c,orbisapi.com,base;solana:5eykt4usfv8p8njdtrepy1vzqkqzkvdp,other,,false,1.0000,41,44,3,97,2026-07-15T05:50:19.815+00:00
https://orbisapi.com/proxy/rest-authentication-patterns-api-96e82e,orbisapi.com,base,other,,false,1.0000,42,43,3,97,2026-07-15T05:50:25.117+00:00
https://orbisapi.com/proxy/rest-error-format-guide-api-fe4aea,orbisapi.com,base;solana:5eykt4usfv8p8njdtrepy1vzqkqzkvdp,other,,false,1.0000,43,48,3,97,2026-07-15T05:50:15.881+00:00
https://orbisapi.com/proxy/rest-method-checker-api-2a6c77,orbisapi.com,base,other,,false,1.0000,31,32,3,97,2026-07-12T06:12:45.75+00:00
https://orbisapi.com/proxy/rest-pagination-guide-api-2a7e49,orbisapi.com,base;solana:5eykt4usfv8p8njdtrepy1vzqkqzkvdp,other,,false,1.0000,42,43,3,97,2026-07-15T05:50:11.32+00:00
https://orbisapi.com/proxy/rest-principles-api-7a879a,orbisapi.com,base,other,,false,1.0000,45,46,3,97,2026-07-15T05:50:15.493+00:00
https://orbisapi.com/proxy/rest-rate-limiting-guide-api-da1832,orbisapi.com,base;solana:5eykt4usfv8p8njdtrepy1vzqkqzkvdp,other,,false,1.0000,48,50,3,97,2026-07-15T05:50:13.543+00:00
https://orbisapi.com/proxy/rest-url-design-guide-api-01da3b,orbisapi.com,base,other,,false,1.0000,42,42,3,97,2026-07-15T05:50:13.719+00:00
https://orbisapi.com/proxy/restaurant-menu-data-0c7529,orbisapi.com,base,other,,false,1.0000,42,45,3,97,2026-07-15T05:53:32.961+00:00
https://orbisapi.com/proxy/resume-analyzer-api-7fc4e9,orbisapi.com,base,other,,false,1.0000,96,103,3,96,2026-07-16T06:34:54.88+00:00
https://orbisapi.com/proxy/resume-parser-scorer-api-cdba4a,orbisapi.com,base,other,,false,1.0000,93,93,3,96,2026-07-13T07:33:42.561+00:00
https://orbisapi.com/proxy/resume-score-api-4bcf3f,orbisapi.com,base,other,,false,1.0000,65,82,3,96,2026-07-14T06:21:31.881+00:00
https://orbisapi.com/proxy/resume-scorer-api-1ce6a6,orbisapi.com,base,other,,false,1.0000,83,92,6,97,2026-07-14T06:18:25.46+00:00
https://orbisapi.com/proxy/retail-price-check-54fe7c,orbisapi.com,base,other,,false,1.0000,42,43,3,97,2026-07-15T05:52:20.018+00:00
https://orbisapi.com/proxy/retail-upc-data-6f611c,orbisapi.com,base,other,,false,1.0000,43,43,3,97,2026-07-15T05:53:08.458+00:00
https://orbisapi.com/proxy/retail-upc-data-6f611c/format,orbisapi.com,base;solana:5eykt4usfv8p8njdtrepy1vzqkqzkvdp,other,,false,1.0000,46,48,3,97,2026-07-11T06:12:07.484+00:00
https://orbisapi.com/proxy/retail-upc-data-6f611c/parse,orbisapi.com,base;solana:5eykt4usfv8p8njdtrepy1vzqkqzkvdp,other,,false,1.0000,49,54,3,97,2026-07-11T06:11:55.139+00:00
https://orbisapi.com/proxy/retention-policy-checker-api-0c09b4,orbisapi.com,base,other,,false,1.0000,78,81,3,96,2026-07-14T06:21:49.068+00:00
https://orbisapi.com/proxy/retirement-age-calculator-api-7cf655,orbisapi.com,base,other,,false,1.0000,70,75,3,97,2026-07-14T06:21:33.306+00:00
https://orbisapi.com/proxy/retirement-calculator-api-b615d6,orbisapi.com,base,other,,false,1.0000,51,54,3,97,2026-07-17T06:16:46.401+00:00
https://orbisapi.com/proxy/retirement-income-gap-api-788138,orbisapi.com,base,other,,false,1.0000,49,60,3,97,2026-07-11T06:14:36.894+00:00
https://orbisapi.com/proxy/retirement-income-planner-api-d206b7,orbisapi.com,base;solana:5eykt4usfv8p8njdtrepy1vzqkqzkvdp,other,,false,1.0000,91,93,3,96,2026-07-13T07:37:15.869+00:00
https://orbisapi.com/proxy/retirement-planner-api-0251fb,orbisapi.com,base,other,,false,1.0000,87,88,3,96,2026-07-16T06:39:42.925+00:00
https://orbisapi.com/proxy/retirement-readiness-api-a77477,orbisapi.com,base,other,,false,1.0000,90,92,3,96,2026-07-13T07:37:17.729+00:00
https://orbisapi.com/proxy/retrospective-analyzer-api-3a9c0e,orbisapi.com,base,other,,false,1.0000,90,94,3,96,2026-07-13T07:39:19.843+00:00
https://orbisapi.com/proxy/retry-advisor-api-ae48ae,orbisapi.com,base,other,,false,1.0000,66,83,6,97,2026-07-17T06:12:33.372+00:00
https://orbisapi.com/proxy/retry-strategy-api-8ec579,orbisapi.com,base;solana:5eykt4usfv8p8njdtrepy1vzqkqzkvdp,other,,false,1.0000,32,32,3,97,2026-07-12T06:12:46.46+00:00
https://orbisapi.com/proxy/retry-strategy-calculator-api-b6792d,orbisapi.com,base,other,,false,1.0000,71,81,3,97,2026-07-14T06:21:45.872+00:00
https://orbisapi.com/proxy/return-rate-analyzer-api-4730fd,orbisapi.com,base,other,,false,1.0000,82,94,6,96,2026-07-14T06:18:25.795+00:00
https://orbisapi.com/proxy/return-rate-analyzer-api-530ca1,orbisapi.com,base,other,,false,1.0000,89,91,3,96,2026-07-13T07:36:11.416+00:00
https://orbisapi.com/proxy/return-rate-calculator-api-8db16d,orbisapi.com,base,other,,false,1.0000,91,93,3,96,2026-07-13T07:34:12.879+00:00
https://orbisapi.com/proxy/return-rate-predictor-api-f5f6ec,orbisapi.com,base;solana:5eykt4usfv8p8njdtrepy1vzqkqzkvdp,other,,false,1.0000,90,93,3,96,2026-07-13T07:37:39.509+00:00
https://orbisapi.com/proxy/return-to-sport-score-api-d49b9a,orbisapi.com,base,other,,false,1.0000,47,49,3,97,2026-07-11T06:14:44.43+00:00
https://orbisapi.com/proxy/returns-label-score-api-d336ea,orbisapi.com,base;solana:5eykt4usfv8p8njdtrepy1vzqkqzkvdp,other,,false,1.0000,48,53,3,97,2026-07-11T06:17:12.488+00:00
https://orbisapi.com/proxy/returns-processing-calculator-api-bd0628,orbisapi.com,base,other,,false,1.0000,31,35,3,97,2026-07-12T06:10:58+00:00
https://orbisapi.com/proxy/returns-rate-calculator-api-58b739,orbisapi.com,base,other,,false,1.0000,49,50,3,97,2026-07-17T06:18:13.541+00:00
https://orbisapi.com/proxy/revenue-cycle-score-api-d793ac,orbisapi.com,base,other,,false,1.0000,33,34,3,97,2026-07-12T06:11:48.601+00:00
https://orbisapi.com/proxy/revenue-forecast-api-27f187,orbisapi.com,base,other,,false,1.0000,67,75,3,97,2026-07-14T06:25:06.654+00:00
https://orbisapi.com/proxy/revenue-forecaster-api-4aa3b7,orbisapi.com,base,other,,false,1.0000,79,92,6,97,2026-07-14T06:19:07.89+00:00
https://orbisapi.com/proxy/revenue-forecaster-api-6a589f,orbisapi.com,base;solana:5eykt4usfv8p8njdtrepy1vzqkqzkvdp,other,,false,1.0000,91,95,3,96,2026-07-13T07:37:02.44+00:00
https://orbisapi.com/proxy/revenue-management-score-api-06a531,orbisapi.com,base,other,,false,1.0000,47,47,3,97,2026-07-15T05:51:54.247+00:00
https://orbisapi.com/proxy/revenue-per-call-calc-27e4a9,orbisapi.com,base,other,,false,1.0000,43,53,3,97,2026-07-15T05:52:18.473+00:00
https://orbisapi.com/proxy/revenue-per-employee-api-2715c5,orbisapi.com,base,other,,false,1.0000,50,56,3,97,2026-07-17T06:17:56.552+00:00
https://orbisapi.com/proxy/revenue-recognition-score-api-2facab,orbisapi.com,base;solana:5eykt4usfv8p8njdtrepy1vzqkqzkvdp,other,,false,1.0000,47,49,3,97,2026-07-11T06:14:43.447+00:00
https://orbisapi.com/proxy/reverse-dns-lookup-api-88cab7,orbisapi.com,base,other,,false,1.0000,70,70,3,97,2026-07-14T06:21:36.257+00:00
https://orbisapi.com/proxy/reverse-geocode-5bd49a,orbisapi.com,base,other,,false,1.0000,41,43,3,97,2026-07-15T05:52:29.281+00:00
https://orbisapi.com/proxy/review-authenticity-scorer-api-822500,orbisapi.com,base,other,,false,1.0000,87,89,3,96,2026-07-13T07:36:07.583+00:00
https://orbisapi.com/proxy/review-manipulation-detector-api-f0d97a,orbisapi.com,base,other,,false,1.0000,44,48,3,97,2026-07-15T05:51:57.773+00:00
https://orbisapi.com/proxy/review-quality-scorer-api-5f4bad,orbisapi.com,base,other,,false,1.0000,89,93,3,96,2026-07-13T07:34:43.882+00:00
https://orbisapi.com/proxy/review-request-scorer-api-98e74f,orbisapi.com,base,other,,false,1.0000,81,92,6,97,2026-07-14T06:18:20.924+00:00
https://orbisapi.com/proxy/review-sentiment-0773fa,orbisapi.com,base,other,,false,1.0000,41,43,3,97,2026-07-15T05:52:17.907+00:00
https://orbisapi.com/proxy/revpar-calculator-api-498a1c,orbisapi.com,base,other,,false,1.0000,31,42,3,97,2026-07-12T06:10:57.265+00:00
https://orbisapi.com/proxy/reward-system-score-api-6c0e1e,orbisapi.com,base,other,,false,1.0000,32,32,3,97,2026-07-12T06:10:52.911+00:00
https://orbisapi.com/proxy/rfi-cycle-time-calculator-api-77fd68,orbisapi.com,base,other,,false,1.0000,49,137,3,95,2026-07-11T06:14:31.281+00:00
https://orbisapi.com/proxy/rfp-score-api-26ce6c,orbisapi.com,base,other,,false,1.0000,46,51,3,97,2026-07-11T06:14:37.126+00:00
https://orbisapi.com/proxy/riddles-api-54966c,orbisapi.com,base,other,,false,1.0000,51,53,3,97,2026-07-17T06:16:43.57+00:00
https://orbisapi.com/proxy/rights-clearance-score-api-ecc5c3,orbisapi.com,base,other,,false,1.0000,48,49,3,97,2026-07-11T06:16:45.03+00:00
https://orbisapi.com/proxy/rise-of-china-history-b519d4,orbisapi.com,base,other,,false,1.0000,88,120,3,96,2026-07-16T06:36:24.177+00:00
https://orbisapi.com/proxy/risk-assessment-api-6e9ae8,orbisapi.com,base,other,,false,1.0000,72,74,3,97,2026-07-14T06:24:32.186+00:00
https://orbisapi.com/proxy/risk-attribution-calculator-api-b0070a,orbisapi.com,base,other,,false,1.0000,48,49,3,97,2026-07-11T06:14:32.436+00:00
https://orbisapi.com/proxy/risk-parity-calculator-api-c635f4,orbisapi.com,base,other,,false,1.0000,48,49,3,97,2026-07-11T06:14:28.175+00:00
https://orbisapi.com/proxy/risk-score-api-34f606,orbisapi.com,base,other,,false,1.0000,44,51,3,97,2026-07-15T05:52:56.85+00:00
https://orbisapi.com/proxy/risk-tolerance-quiz-api-797f6f,orbisapi.com,base,other,,false,1.0000,48,48,3,97,2026-07-11T06:17:10.885+00:00
https://orbisapi.com/proxy/river-database-api-168882,orbisapi.com,base,other,,false,1.0000,51,52,3,97,2026-07-17T06:16:06.261+00:00
https://orbisapi.com/proxy/river-database-api-168882/parse,orbisapi.com,base;solana:5eykt4usfv8p8njdtrepy1vzqkqzkvdp,other,,false,1.0000,47,48,3,97,2026-07-11T06:12:01.479+00:00
https://orbisapi.com/proxy/rna-folding-calculator-api-37509f,orbisapi.com,base,other,,false,1.0000,47,50,3,97,2026-07-11T06:14:25.872+00:00
https://orbisapi.com/proxy/rna-guide-899757,orbisapi.com,base,other,,false,1.0000,79,82,3,97,2026-07-16T06:36:31.09+00:00
https://orbisapi.com/proxy/roadmap-feasibility-score-api-443678,orbisapi.com,base,other,,false,1.0000,29,32,3,97,2026-07-12T06:11:02.293+00:00
https://orbisapi.com/proxy/roadmap-scorer-api-66340f,orbisapi.com,base,other,,false,1.0000,88,90,3,96,2026-07-13T07:39:15.664+00:00
https://orbisapi.com/proxy/roaming-cost-calculator-api-a8ed69,orbisapi.com,base,other,,false,1.0000,31,32,3,97,2026-07-12T06:10:53.079+00:00
https://orbisapi.com/proxy/roas-calculator-api-8eb3df,orbisapi.com,base,other,,false,1.0000,47,50,3,97,2026-07-17T06:18:42.183+00:00
https://orbisapi.com/proxy/roas-calculator-api-fed89a,orbisapi.com,base,other,,false,1.0000,45,50,3,97,2026-07-15T05:52:00.025+00:00
https://orbisapi.com/proxy/robot-harvesting-score-api-b04ab3,orbisapi.com,base,other,,false,1.0000,48,52,3,97,2026-07-11T06:14:24.24+00:00
https://orbisapi.com/proxy/robot-payload-calculator-api-56d349,orbisapi.com,base,other,,false,1.0000,32,39,3,97,2026-07-12T06:10:52.135+00:00
https://orbisapi.com/proxy/robot-reach-calculator-api-9c9ac7,orbisapi.com,base,other,,false,1.0000,32,33,3,97,2026-07-12T06:10:57.113+00:00
https://orbisapi.com/proxy/robots-txt-analyzer-api-cc2850,orbisapi.com,base,other,,false,1.0000,78,104,6,97,2026-07-14T06:18:43.82+00:00
https://orbisapi.com/proxy/robots-txt-parse-9574d2,orbisapi.com,base,other,,false,1.0000,46,46,3,97,2026-07-15T05:52:46.975+00:00
https://orbisapi.com/proxy/rock-bands-guide-5cfbb7,orbisapi.com,base,other,,false,1.0000,84,85,3,96,2026-07-16T06:36:13.256+00:00
https://orbisapi.com/proxy/rock-strength-classifier-api-88c19c,orbisapi.com,base,other,,false,1.0000,31,32,3,97,2026-07-12T06:11:01.995+00:00
https://orbisapi.com/proxy/rocket-equation-calculator-api-e7c6b5,orbisapi.com,base,other,,false,1.0000,31,35,3,97,2026-07-12T06:09:59.186+00:00
https://orbisapi.com/proxy/roe-roa-calculator-api-d346e6,orbisapi.com,base,other,,false,1.0000,50,53,3,97,2026-07-17T06:17:53.643+00:00
https://orbisapi.com/proxy/roi-calculator-api-06d3d9,orbisapi.com,base,other,,false,1.0000,50,53,3,97,2026-07-15T05:48:54.939+00:00
https://orbisapi.com/proxy/roi-calculator-api-18f39e,orbisapi.com,base,other,,false,1.0000,91,92,3,96,2026-07-13T07:40:36.401+00:00
https://orbisapi.com/proxy/roi-calculator-api-f06fc0,orbisapi.com,base,other,,false,1.0000,50,50,3,97,2026-07-17T06:16:36.977+00:00
https://orbisapi.com/proxy/rolling-statistics-calculator-api-a6be7c,orbisapi.com,base,other,,false,1.0000,66,77,3,96,2026-07-14T06:21:46.202+00:00
https://orbisapi.com/proxy/roman-empire-facts-ab7ec2,orbisapi.com,base,other,,false,1.0000,82,82,3,96,2026-07-16T06:41:41.365+00:00
https://orbisapi.com/proxy/roman-mythology-cfa312,orbisapi.com,base;solana:5eykt4usfv8p8njdtrepy1vzqkqzkvdp,other,,false,1.0000,81,82,3,97,2026-07-16T06:41:34.287+00:00
https://orbisapi.com/proxy/roman-numeral-api-1a3315,orbisapi.com,base,other,,false,1.0000,39,49,6,97,2026-07-12T06:09:45.264+00:00
https://orbisapi.com/proxy/roman-numeral-converter-api-277096,orbisapi.com,base,other,,false,1.0000,71,72,3,97,2026-07-14T06:21:47.963+00:00
https://orbisapi.com/proxy/roman-numeral-converter-api-8cea09,orbisapi.com,base,other,,false,1.0000,30,36,3,97,2026-07-12T06:12:43.494+00:00
https://orbisapi.com/proxy/roman-numeral-converter-api-fcafb1,orbisapi.com,base;solana:5eykt4usfv8p8njdtrepy1vzqkqzkvdp,other,,false,1.0000,48,53,3,97,2026-07-17T06:15:54.65+00:00
https://orbisapi.com/proxy/room-flow-score-api-10c52b,orbisapi.com,base,other,,false,1.0000,31,33,3,97,2026-07-12T06:10:58.639+00:00
https://orbisapi.com/proxy/room-type-mix-api-d0e84e,orbisapi.com,base,other,,false,1.0000,30,31,3,97,2026-07-12T06:10:52.772+00:00
https://orbisapi.com/proxy/root-cause-classifier-api-1c8aab,orbisapi.com,base,other,,false,1.0000,35,39,3,97,2026-07-12T06:10:55.38+00:00
https://orbisapi.com/proxy/roth-vs-traditional-api-5e6c59,orbisapi.com,base,other,,false,1.0000,90,91,3,96,2026-07-13T07:37:29.907+00:00
https://orbisapi.com/proxy/route-distance-2fdfd4,orbisapi.com,base,other,,false,1.0000,44,44,3,97,2026-07-15T05:52:59.468+00:00
https://orbisapi.com/proxy/route-efficiency-score-api-186b84,orbisapi.com,base,other,,false,1.0000,32,32,3,97,2026-07-12T06:11:02.147+00:00
https://orbisapi.com/proxy/route-optimization-score-api-21813d,orbisapi.com,base,other,,false,1.0000,85,142,3,95,2026-07-11T06:14:30.38+00:00
https://orbisapi.com/proxy/routing-number-validator-api-5b9526,orbisapi.com,base,other,,false,1.0000,63,69,3,97,2026-07-14T06:21:38.132+00:00
https://orbisapi.com/proxy/royalty-advance-calculator-api-acf42d,orbisapi.com,base,other,,false,1.0000,31,31,3,97,2026-07-12T06:10:52.463+00:00
https://orbisapi.com/proxy/royalty-rate-calculator-api-5aaf15,orbisapi.com,base,other,,false,1.0000,30,31,3,97,2026-07-12T06:10:56.823+00:00
https://orbisapi.com/proxy/royalty-split-calculator-api-093436,orbisapi.com,base,other,,false,1.0000,32,32,3,97,2026-07-12T06:10:53.39+00:00
https://orbisapi.com/proxy/rpg-history-168e39,orbisapi.com,base;solana:5eykt4usfv8p8njdtrepy1vzqkqzkvdp,other,,false,1.0000,82,153,3,96,2026-07-16T06:36:15.985+00:00
https://orbisapi.com/proxy/rpm-adherence-score-api-5fa4f0,orbisapi.com,base,other,,false,1.0000,49,50,3,97,2026-07-11T06:14:26.569+00:00
https://orbisapi.com/proxy/rps-additionality-score-api-a38723/,orbisapi.com,base;solana:5eykt4usfv8p8njdtrepy1vzqkqzkvdp,other,,false,1.0000,48,49,3,97,2026-07-17T06:14:26.219+00:00
https://orbisapi.com/proxy/rss-feed-parser-aggregator-api-217c45,orbisapi.com,base,other,,false,1.0000,49,58,3,97,2026-07-17T06:13:50.435+00:00
https://orbisapi.com/proxy/rsvp-rate-score-api-d908e8,orbisapi.com,base,other,,false,1.0000,31,33,3,97,2026-07-12T06:10:50.56+00:00
https://orbisapi.com/proxy/rtos-latency-calculator-api-54f035,orbisapi.com,base,other,,false,1.0000,50,80,3,96,2026-07-11T06:14:33+00:00
https://orbisapi.com/proxy/rubric-builder-api-addc98,orbisapi.com,base,other,,false,1.0000,90,93,3,96,2026-07-13T07:38:07.737+00:00
https://orbisapi.com/proxy/rubric-score-calculator-api-a1a41d,orbisapi.com,base,other,,false,1.0000,66,72,3,97,2026-07-14T06:21:32.966+00:00
https://orbisapi.com/proxy/rule-of-40-calculator-api-39600e,orbisapi.com,base,other,,false,1.0000,47,51,3,97,2026-07-11T06:14:33.493+00:00
https://orbisapi.com/proxy/rule-of-40-scorer-api-05ae93,orbisapi.com,base,other,,false,1.0000,80,90,6,97,2026-07-14T06:18:50.047+00:00
https://orbisapi.com/proxy/rule-of-40-scorer-api-d273e7,orbisapi.com,base,other,,false,1.0000,53,54,3,97,2026-07-17T06:17:53.878+00:00
https://orbisapi.com/proxy/rumen-ph-score-api-737719,orbisapi.com,base,other,,false,1.0000,31,32,3,97,2026-07-12T06:11:03.622+00:00
https://orbisapi.com/proxy/runbook-generator-api-d04604,orbisapi.com,base,other,,false,1.0000,90,91,3,96,2026-07-13T07:38:28.255+00:00
https://orbisapi.com/proxy/running-pace-calculator-api-270105,orbisapi.com,base,other,,false,1.0000,32,42,3,97,2026-07-12T06:10:56.683+00:00
https://orbisapi.com/proxy/runway-calculator-api-0615b5,orbisapi.com,base,other,,false,1.0000,32,36,3,97,2026-07-12T06:10:52.318+00:00
https://orbisapi.com/proxy/runway-estimator-api-fb48b0,orbisapi.com,base,other,,false,1.0000,49,50,3,97,2026-07-17T06:17:51.554+00:00
https://orbisapi.com/proxy/runway-length-calculator-api-6ad3b7,orbisapi.com,base,other,,false,1.0000,63,90,6,96,2026-07-16T06:33:54.459+00:00
https://orbisapi.com/proxy/runway-throughput-calculator-api-db5777,orbisapi.com,base,other,,false,1.0000,32,33,3,97,2026-07-12T06:09:58.475+00:00
https://orbisapi.com/proxy/rust-blockchain-path-api-cdb336,orbisapi.com,base,other,,false,1.0000,68,70,3,97,2026-07-14T06:24:40.781+00:00
https://orbisapi.com/proxy/rx-formulary-checker-api-dc6a4b,orbisapi.com,base;solana:5eykt4usfv8p8njdtrepy1vzqkqzkvdp,other,,false,1.0000,31,31,3,97,2026-07-12T06:11:01.646+00:00
https://orbisapi.com/proxy/saas-metrics-api-3da239,orbisapi.com,base,other,,false,1.0000,72,84,3,96,2026-07-14T06:25:03.673+00:00
https://orbisapi.com/proxy/saas-pricing-modeler-api-c94458,orbisapi.com,base,other,,false,1.0000,72,79,3,97,2026-07-14T06:19:40.352+00:00
https://orbisapi.com/proxy/saas-quick-ratio-api-a6de6a,orbisapi.com,base,other,,false,1.0000,47,50,3,97,2026-07-11T06:17:43.641+00:00
https://orbisapi.com/proxy/saas-sales-benchmark-api-ca5516,orbisapi.com,base,other,,false,1.0000,90,92,3,96,2026-07-13T07:35:12.084+00:00
https://orbisapi.com/proxy/sacred-texts-guide-afbafd,orbisapi.com,base,other,,false,1.0000,80,137,3,96,2026-07-16T06:41:35.492+00:00
https://orbisapi.com/proxy/saf-blend-calculator-api-bd9cd9,orbisapi.com,base,other,,false,1.0000,83,84,3,96,2026-07-11T06:14:29.7+00:00
https://orbisapi.com/proxy/safe-conversion-calculator-api-3341fd,orbisapi.com,base,other,,false,1.0000,32,33,3,97,2026-07-12T06:10:54.135+00:00
https://orbisapi.com/proxy/safe-withdrawal-rate-api-fb2167,orbisapi.com,base;solana:5eykt4usfv8p8njdtrepy1vzqkqzkvdp,other,,false,1.0000,92,92,3,96,2026-07-13T07:36:59.37+00:00
https://orbisapi.com/proxy/safe-withdrawal-rate-calculator-api-ed58da,orbisapi.com,base,other,,false,1.0000,46,46,3,97,2026-07-11T06:14:25.408+00:00
https://orbisapi.com/proxy/safety-filter-score-api-51b663,orbisapi.com,base,other,,false,1.0000,92,94,3,96,2026-07-13T07:34:30.821+00:00
https://orbisapi.com/proxy/safety-stock-calculator-api-ba56ad,orbisapi.com,base,other,,false,1.0000,65,79,3,97,2026-07-14T06:21:27.661+00:00
https://orbisapi.com/proxy/salary-benchmark-api-963b47,orbisapi.com,base,other,,false,1.0000,92,93,3,96,2026-07-13T07:34:29.401+00:00
https://orbisapi.com/proxy/salary-benchmarker-api-3e2ee2,orbisapi.com,base,other,,false,1.0000,49,51,3,97,2026-07-17T06:18:24.576+00:00
https://orbisapi.com/proxy/salary-benchmarker-api-d4450c,orbisapi.com,base,other,,false,1.0000,88,93,6,96,2026-07-14T06:18:32.378+00:00
https://orbisapi.com/proxy/salary-percentile-api-354edb,orbisapi.com,base,other,,false,1.0000,52,53,3,97,2026-07-17T06:17:23.95+00:00
https://orbisapi.com/proxy/sales-activity-analyzer-api-8a8f17,orbisapi.com,base,other,,false,1.0000,91,94,3,96,2026-07-13T07:34:53.832+00:00
https://orbisapi.com/proxy/sales-capacity-calculator-api-877eff,orbisapi.com,base;solana:5eykt4usfv8p8njdtrepy1vzqkqzkvdp,other,,false,1.0000,30,33,3,97,2026-07-12T06:10:54.57+00:00
https://orbisapi.com/proxy/sales-commission-calculator-api-3c8c62,orbisapi.com,base,other,,false,1.0000,91,100,3,96,2026-07-13T07:38:02.692+00:00
https://orbisapi.com/proxy/sales-email-effectiveness-scorer-api-84dcb6,orbisapi.com,base,other,,false,1.0000,92,109,3,96,2026-07-13T07:35:26.007+00:00
https://orbisapi.com/proxy/sales-email-scorer-api-64c365,orbisapi.com,base,other,,false,1.0000,47,49,3,97,2026-07-15T05:51:53.496+00:00
https://orbisapi.com/proxy/sales-forecast-accuracy-scorer-api-9603ff,orbisapi.com,base,other,,false,1.0000,91,92,3,96,2026-07-13T07:34:46.479+00:00
https://orbisapi.com/proxy/sales-pipeline-analyzer-api-aa09e4,orbisapi.com,base,other,,false,1.0000,91,92,3,96,2026-07-13T07:39:11.807+00:00
https://orbisapi.com/proxy/sales-pipeline-api-654558,orbisapi.com,base,other,,false,1.0000,80,93,6,97,2026-07-14T06:19:00.494+00:00
https://orbisapi.com/proxy/sales-rep-performance-scorer-api-86817c,orbisapi.com,base,other,,false,1.0000,91,92,3,96,2026-07-13T07:35:16.863+00:00
https://orbisapi.com/proxy/sales-tax-nexus-analyzer-api-322cd9,orbisapi.com,base,other,,false,1.0000,91,94,3,96,2026-07-13T07:35:14.19+00:00
https://orbisapi.com/proxy/sales-velocity-calculator-api-44562d,orbisapi.com,base,other,,false,1.0000,91,91,3,96,2026-07-13T07:37:06.689+00:00
https://orbisapi.com/proxy/saltwater-intrusion-score-api-269161,orbisapi.com,base,other,,false,1.0000,46,50,3,97,2026-07-11T06:14:26.1+00:00
https://orbisapi.com/proxy/same-store-sales-calculator-api-b7b20b,orbisapi.com,base,other,,false,1.0000,33,33,3,97,2026-07-12T06:10:58.496+00:00
https://orbisapi.com/proxy/sample-rate-converter-api-8e7286,orbisapi.com,base,other,,false,1.0000,93,108,3,96,2026-07-13T07:34:16.554+00:00
https://orbisapi.com/proxy/sample-size-calculator-api-3ff021,orbisapi.com,base,other,,false,1.0000,91,93,3,96,2026-07-13T07:39:40.993+00:00
https://orbisapi.com/proxy/sample-size-calculator-api-ead475,orbisapi.com,base,other,,false,1.0000,48,51,3,97,2026-07-17T06:13:57.637+00:00
https://orbisapi.com/proxy/sampling-bias-score-api-8595a5,orbisapi.com,base,other,,false,1.0000,47,47,3,97,2026-07-11T06:14:33.72+00:00
https://orbisapi.com/proxy/sanctions-check-api-38c6e1,orbisapi.com,base,other,,false,1.0000,31,31,3,97,2026-07-12T06:12:13.377+00:00
https://orbisapi.com/proxy/sanctions-check-d9b3fe,orbisapi.com,base,other,,false,1.0000,47,48,3,97,2026-07-15T05:52:47.377+00:00
https://orbisapi.com/proxy/sar-threshold-score-api-ecc7d6,orbisapi.com,base,other,,false,1.0000,30,30,3,97,2026-07-12T06:10:53.251+00:00
https://orbisapi.com/proxy/sarcasm-detect-7bbe1e,orbisapi.com,base,other,,false,1.0000,46,51,3,97,2026-07-15T05:52:19.634+00:00
https://orbisapi.com/proxy/savings-goal-calculator-api-8adddf,orbisapi.com,base,other,,false,1.0000,69,69,3,97,2026-07-14T06:21:45.18+00:00
https://orbisapi.com/proxy/savings-goal-calculator-api-b53d1b,orbisapi.com,base,other,,false,1.0000,52,56,3,97,2026-07-17T06:15:38.879+00:00
https://orbisapi.com/proxy/savings-optimizer-api-90c1b2,orbisapi.com,base,other,,false,1.0000,79,93,3,96,2026-07-16T06:39:37.474+00:00
https://orbisapi.com/proxy/savings-optimizer-api-90c1b2/finance/retirement,orbisapi.com,base;solana:5eykt4usfv8p8njdtrepy1vzqkqzkvdp,other,,false,1.0000,48,49,3,97,2026-07-11T06:12:02.861+00:00
https://orbisapi.com/proxy/say-on-pay-score-api-5b74a7,orbisapi.com,base,other,,false,1.0000,48,51,3,97,2026-07-11T06:17:23.497+00:00
https://orbisapi.com/proxy/sbti-target-calculator-api-e1ecbe,orbisapi.com,base,other,,false,1.0000,31,32,3,97,2026-07-12T06:10:50.706+00:00
https://orbisapi.com/proxy/scaffolding-score-api-7f3f0c,orbisapi.com,base,other,,false,1.0000,47,51,3,97,2026-07-11T06:14:26.34+00:00
https://orbisapi.com/proxy/scam-database-api-58209b,orbisapi.com,base,other,,false,1.0000,43,43,3,97,2026-07-15T05:49:14.35+00:00
https://orbisapi.com/proxy/scam-pattern-database-api-16ac63,orbisapi.com,base,other,,false,1.0000,44,44,3,97,2026-07-15T05:49:13.01+00:00
https://orbisapi.com/proxy/scarcity-signal-detector-api-7c43b3,orbisapi.com,base,other,,false,1.0000,35,35,3,97,2026-07-12T06:10:55.225+00:00
https://orbisapi.com/proxy/scatter-plot-data-2165fc,orbisapi.com,base,other,,false,1.0000,44,53,3,97,2026-07-15T05:52:15.894+00:00
https://orbisapi.com/proxy/scatter-plot-data-2165fc/bulk,orbisapi.com,base;solana:5eykt4usfv8p8njdtrepy1vzqkqzkvdp,other,,false,1.0000,48,50,3,97,2026-07-11T06:12:07.254+00:00
https://orbisapi.com/proxy/scenario-coverage-score-api-791acd/info,orbisapi.com,base;solana:5eykt4usfv8p8njdtrepy1vzqkqzkvdp,other,,false,1.0000,53,54,3,97,2026-07-17T06:14:47.73+00:00
https://orbisapi.com/proxy/scf-roi-calculator-api-14e132,orbisapi.com,base,other,,false,1.0000,31,39,3,97,2026-07-12T06:10:51.987+00:00
https://orbisapi.com/proxy/schedule-conflict-check-d70d4a,orbisapi.com,base,other,,false,1.0000,44,53,3,97,2026-07-15T05:52:58.535+00:00
https://orbisapi.com/proxy/schedule-overlap-checker-api-75e79f,orbisapi.com,base,other,,false,1.0000,62,76,3,97,2026-07-14T06:21:27.32+00:00
https://orbisapi.com/proxy/schema-migration-planner-api-c54854,orbisapi.com,base,other,,false,1.0000,88,89,3,96,2026-07-13T07:39:49.696+00:00
https://orbisapi.com/proxy/schema-validator-api-d46e89,orbisapi.com,base,other,,false,1.0000,63,73,3,97,2026-07-14T06:19:35.301+00:00
https://orbisapi.com/proxy/schema-validator-json-fixer-api-47f0ae,orbisapi.com,base,other,,false,1.0000,93,191,6,95,2026-07-14T06:17:41.876+00:00
https://orbisapi.com/proxy/science-experiments-d8b7a9,orbisapi.com,base,other,,false,1.0000,82,82,3,97,2026-07-16T06:36:18.282+00:00
https://orbisapi.com/proxy/science-fun-facts-d8488e,orbisapi.com,base,other,,false,1.0000,90,128,3,96,2026-07-16T06:36:24.627+00:00
https://orbisapi.com/proxy/science-prizes-9ee166,orbisapi.com,base,other,,false,1.0000,81,88,3,96,2026-07-16T06:36:27.344+00:00
https://orbisapi.com/proxy/science-records-0e4ea4,orbisapi.com,base,other,,false,1.0000,81,83,3,97,2026-07-16T06:36:14.01+00:00
https://orbisapi.com/proxy/science-reference-toolkit-api-cfcdff,orbisapi.com,base,other,,false,1.0000,78,82,3,97,2026-07-16T06:39:59.39+00:00
https://orbisapi.com/proxy/scientific-concept-api-c3f4d2,orbisapi.com,base,other,,false,1.0000,42,47,3,97,2026-07-15T05:53:08.259+00:00
https://orbisapi.com/proxy/scientific-discoveries-b6c408,orbisapi.com,base,other,,false,1.0000,77,82,3,97,2026-07-16T06:36:23.741+00:00
https://orbisapi.com/proxy/scientific-method-guide-6c394b,orbisapi.com,base,other,,false,1.0000,83,90,3,96,2026-07-16T06:36:16.378+00:00
https://orbisapi.com/proxy/scientific-methods-api-ccb0bb,orbisapi.com,base,other,,false,1.0000,81,83,3,96,2026-07-16T06:40:32.943+00:00
https://orbisapi.com/proxy/scientific-notation-api-539bdf,orbisapi.com,base,other,,false,1.0000,52,56,3,97,2026-07-17T06:16:07.645+00:00
https://orbisapi.com/proxy/scope-3-emissions-api-4d8099,orbisapi.com,base,other,,false,1.0000,89,93,3,96,2026-07-13T07:37:23.816+00:00
https://orbisapi.com/proxy/scope-emissions-calculator-api-caa0d7,orbisapi.com,base,other,,false,1.0000,61,81,6,97,2026-07-16T06:33:42.495+00:00
https://orbisapi.com/proxy/scoville-converter-api-568d64,orbisapi.com,base,other,,false,1.0000,31,32,3,97,2026-07-12T06:12:02.544+00:00
https://orbisapi.com/proxy/screen-reader-compatibility-api-c6c499,orbisapi.com,base,other,,false,1.0000,46,47,3,97,2026-07-15T05:52:15.504+00:00
https://orbisapi.com/proxy/screen-reader-score-api-709955,orbisapi.com,base,other,,false,1.0000,84,86,3,96,2026-07-16T06:35:43.328+00:00
https://orbisapi.com/proxy/screen-time-audit-api-a39681,orbisapi.com,base,other,,false,1.0000,34,36,3,97,2026-07-12T06:10:52.632+00:00
https://orbisapi.com/proxy/screen-time-score-api-41bdfc,orbisapi.com,base,other,,false,1.0000,79,83,3,96,2026-07-16T06:35:51.47+00:00
https://orbisapi.com/proxy/screenwriting-terms-aa24e7,orbisapi.com,base;solana:5eykt4usfv8p8njdtrepy1vzqkqzkvdp,other,,false,1.0000,79,83,3,96,2026-07-16T06:36:18.655+00:00
https://orbisapi.com/proxy/scrim-efficiency-score-api-729da0,orbisapi.com,base,other,,false,1.0000,47,51,3,97,2026-07-11T06:14:25.182+00:00
https://orbisapi.com/proxy/script-detect-025326,orbisapi.com,base,other,,false,1.0000,45,49,3,97,2026-07-15T05:52:56.433+00:00
https://orbisapi.com/proxy/script-page-calculator-api-0936be,orbisapi.com,base,other,,false,1.0000,43,46,3,97,2026-07-15T05:57:44.501+00:00
https://orbisapi.com/proxy/scuba-ndl-calculator-api-4c9839,orbisapi.com,base,other,,false,1.0000,49,51,3,97,2026-07-11T06:14:52.084+00:00
https://orbisapi.com/proxy/sculpture-history-4ea083,orbisapi.com,base,other,,false,1.0000,84,98,3,96,2026-07-16T06:41:33.444+00:00
https://orbisapi.com/proxy/sdg-mapper-api-f685e9,orbisapi.com,base;solana:5eykt4usfv8p8njdtrepy1vzqkqzkvdp,other,,false,1.0000,48,50,3,97,2026-07-17T06:13:56.446+00:00
https://orbisapi.com/proxy/sdk-coverage-score-api-f71cd8,orbisapi.com,base,other,,false,1.0000,42,65,3,97,2026-07-15T05:57:46.978+00:00
https://orbisapi.com/proxy/sdk-designer-api-3007a1,orbisapi.com,base,other,,false,1.0000,92,93,3,96,2026-07-13T07:37:58.542+00:00
https://orbisapi.com/proxy/sea-level-rise-risk-score-api-fb57ed,orbisapi.com,base,other,,false,1.0000,31,31,3,97,2026-07-12T06:10:53.987+00:00
https://orbisapi.com/proxy/search-intent-classifier-api-abcecd,orbisapi.com,base,other,,false,1.0000,66,77,3,96,2026-07-14T06:20:17.919+00:00
https://orbisapi.com/proxy/search-provider-detector-api-03800e,orbisapi.com,base,other,,false,1.0000,68,68,3,97,2026-07-14T06:21:32.619+00:00
https://orbisapi.com/proxy/search-rank-signal-api-61d2d8,orbisapi.com,base,other,,false,1.0000,32,34,3,97,2026-07-12T06:12:40.769+00:00
https://orbisapi.com/proxy/seasonal-demand-scorer-api-c38952,orbisapi.com,base,other,,false,1.0000,90,91,3,96,2026-07-13T07:36:09.981+00:00
https://orbisapi.com/proxy/seasonal-weather-42a45f,orbisapi.com,base;solana:5eykt4usfv8p8njdtrepy1vzqkqzkvdp,other,,false,1.0000,85,144,3,96,2026-07-16T06:36:32.307+00:00
https://orbisapi.com/proxy/seat-map-api-d5f960,orbisapi.com,base;solana:5eykt4usfv8p8njdtrepy1vzqkqzkvdp,other,,false,1.0000,45,46,3,97,2026-07-15T05:52:56.639+00:00
https://orbisapi.com/proxy/seat-pitch-comparator-api-38034e,orbisapi.com,base,other,,false,1.0000,35,37,3,97,2026-07-12T06:12:39.513+00:00
https://orbisapi.com/proxy/sec-filing-lookup-2a0a26,orbisapi.com,base,other,,false,1.0000,45,49,3,97,2026-07-15T05:53:08.647+00:00
https://orbisapi.com/proxy/secondary-material-value-api-9bccaa,orbisapi.com,base,other,,false,1.0000,46,47,3,97,2026-07-11T06:14:33.946+00:00
https://orbisapi.com/proxy/secondary-structure-predictor-api-c9727a,orbisapi.com,base,other,,false,1.0000,54,61,3,97,2026-07-11T06:14:24.491+00:00
https://orbisapi.com/proxy/secret-scanner-api-d97257,orbisapi.com,base,other,,false,1.0000,81,92,6,97,2026-07-14T06:19:08.547+00:00
https://orbisapi.com/proxy/section-179-optimizer-api-6f3ce0,orbisapi.com,base;solana:5eykt4usfv8p8njdtrepy1vzqkqzkvdp,other,,false,1.0000,50,50,3,97,2026-07-17T06:15:28.858+00:00
https://orbisapi.com/proxy/security-checklist-api-89cee2,orbisapi.com,base,other,,false,1.0000,68,68,3,97,2026-07-14T06:19:19.623+00:00
https://orbisapi.com/proxy/security-headers-grader-api-046b84,orbisapi.com,base,other,,false,1.0000,69,78,3,97,2026-07-14T06:19:17.277+00:00
https://orbisapi.com/proxy/security-testing-guide-api-9761da,orbisapi.com,base,other,,false,1.0000,43,50,3,97,2026-07-15T05:49:50.534+00:00
https://orbisapi.com/proxy/sed-and-awk-guide-api-caf9eb,orbisapi.com,base;solana:5eykt4usfv8p8njdtrepy1vzqkqzkvdp,other,,false,1.0000,42,46,3,97,2026-07-15T05:50:08.138+00:00
https://orbisapi.com/proxy/sediment-load-calculator-api-fda421,orbisapi.com,base,other,,false,1.0000,49,49,3,97,2026-07-11T06:14:19.969+00:00
https://orbisapi.com/proxy/seed-phrase-guide-api-460f0b,orbisapi.com,base,other,,false,1.0000,65,83,3,96,2026-07-14T06:26:25.422+00:00
https://orbisapi.com/proxy/seir-model-calculator-api-9068ee,orbisapi.com,base,other,,false,1.0000,47,52,3,97,2026-07-11T06:14:27.7+00:00
https://orbisapi.com/proxy/selective-disclosure-score-api-e05556,orbisapi.com,base,other,,false,1.0000,50,51,3,97,2026-07-11T06:14:27.936+00:00
https://orbisapi.com/proxy/selective-retry-savings-calculator-api-20f0e8,orbisapi.com,base,other,,false,1.0000,30,40,3,97,2026-07-12T06:10:26.941+00:00
https://orbisapi.com/proxy/self-assembly-score-api-fb919f,orbisapi.com,base,other,,false,1.0000,30,32,3,97,2026-07-12T06:10:50.416+00:00
https://orbisapi.com/proxy/self-harm-signal-detector-api-b5eecb,orbisapi.com,base,other,,false,1.0000,31,32,3,97,2026-07-12T06:10:41.231+00:00
https://orbisapi.com/proxy/sell-through-rate-api-482c8b,orbisapi.com,base,other,,false,1.0000,32,38,3,97,2026-07-12T06:10:48.971+00:00
https://orbisapi.com/proxy/sell-through-rate-calculator-api-8a49da,orbisapi.com,base,other,,false,1.0000,49,50,3,97,2026-07-17T06:18:18.114+00:00
https://orbisapi.com/proxy/semantic-cache-dedup-api-6a8c2a,orbisapi.com,base,other,,false,1.0000,83,83,3,97,2026-07-16T06:34:45.39+00:00
https://orbisapi.com/proxy/semantic-cluster-api-9c92be,orbisapi.com,base,other,,false,1.0000,42,46,3,97,2026-07-15T05:52:18.093+00:00
https://orbisapi.com/proxy/semantic-deduplicator-api-cf2bf3,orbisapi.com,base,other,,false,1.0000,50,51,3,97,2026-07-17T06:17:10.482+00:00
https://orbisapi.com/proxy/semantic-role-labeler-api-8e295b,orbisapi.com,base,other,,false,1.0000,31,31,3,97,2026-07-12T06:10:41.505+00:00
https://orbisapi.com/proxy/semantic-search-guide-api-5a6acc,orbisapi.com,base,other,,false,1.0000,68,69,3,97,2026-07-14T06:20:32.121+00:00
https://orbisapi.com/proxy/semantic-similarity-api-260940,orbisapi.com,base,other,,false,1.0000,44,53,3,97,2026-07-15T05:52:58.922+00:00
https://orbisapi.com/proxy/semantic-similarity-scorer-api-04d1e1,orbisapi.com,base,other,,false,1.0000,92,92,3,96,2026-07-13T07:34:07.957+00:00
https://orbisapi.com/proxy/semantic-version-bumper-api-c3e269,orbisapi.com,base,other,,false,1.0000,65,70,3,97,2026-07-14T06:21:41.01+00:00
https://orbisapi.com/proxy/semantic-version-validator-api-129b45,orbisapi.com,base,other,,false,1.0000,73,81,3,97,2026-07-14T06:21:47.619+00:00
https://orbisapi.com/proxy/semi-precious-gems-32b9e0,orbisapi.com,base,other,,false,1.0000,81,82,3,97,2026-07-16T06:36:12.161+00:00
https://orbisapi.com/proxy/semiconductor-yield-calculator-api-93dda0,orbisapi.com,base,other,,false,1.0000,49,53,3,97,2026-07-11T06:13:22.005+00:00
https://orbisapi.com/proxy/semver-advisor-api-b9c4ed,orbisapi.com,base,other,,false,1.0000,61,67,3,97,2026-07-14T06:19:42.053+00:00
https://orbisapi.com/proxy/semver-compare-api-6c36a0,orbisapi.com,base,other,,false,1.0000,47,51,3,97,2026-07-17T06:15:19.325+00:00
https://orbisapi.com/proxy/semver-range-checker-api-c41d4e,orbisapi.com,base,other,,false,1.0000,52,52,3,97,2026-07-17T06:15:20.035+00:00
https://orbisapi.com/proxy/semver-version-api-e36ac2,orbisapi.com,base,other,,false,1.0000,48,51,3,97,2026-07-17T06:13:58.344+00:00
https://orbisapi.com/proxy/sensitivity-analysis-calculator-api-c0850d,orbisapi.com,base,other,,false,1.0000,46,46,3,97,2026-07-11T06:14:24.718+00:00
https://orbisapi.com/proxy/sensor-calibration-api-7209dd,orbisapi.com,base,other,,false,1.0000,31,44,3,97,2026-07-12T06:12:36.39+00:00
https://orbisapi.com/proxy/sensor-data-validator-api-1e8538,orbisapi.com,base,other,,false,1.0000,62,68,3,97,2026-07-14T06:21:29.076+00:00
https://orbisapi.com/proxy/sensor-fusion-score-api-f6c656,orbisapi.com,base,other,,false,1.0000,83,86,3,96,2026-07-11T06:14:30.003+00:00
https://orbisapi.com/proxy/sensor-noise-score-api-ee2d43,orbisapi.com,base,other,,false,1.0000,95,101,3,96,2026-07-16T06:35:57.249+00:00
https://orbisapi.com/proxy/sensor-unit-converter-api-523822,orbisapi.com,base,other,,false,1.0000,32,32,3,97,2026-07-12T06:12:40.478+00:00
https://orbisapi.com/proxy/sensory-systems-6f07f2,orbisapi.com,base,other,,false,1.0000,88,141,3,96,2026-07-16T06:36:26.117+00:00
https://orbisapi.com/proxy/sentence-complexity-analyzer-api-1a40ad,orbisapi.com,base,other,,false,1.0000,63,64,3,97,2026-07-14T06:21:50.429+00:00
https://orbisapi.com/proxy/sentence-splitter-api-413612,orbisapi.com,base,other,,false,1.0000,43,44,3,97,2026-07-15T05:51:43.055+00:00
https://orbisapi.com/proxy/sentence-structures-85a358,orbisapi.com,base;solana:5eykt4usfv8p8njdtrepy1vzqkqzkvdp,other,,false,1.0000,82,87,3,96,2026-07-16T06:36:19.043+00:00
https://orbisapi.com/proxy/sentiment-analysis-api-48a2f2,orbisapi.com,base,other,,false,1.0000,49,53,3,97,2026-07-17T06:16:12.966+00:00
https://orbisapi.com/proxy/sentiment-analyzer-api-c82e42,orbisapi.com,base,other,,false,1.0000,49,54,3,97,2026-07-17T06:13:51.196+00:00
https://orbisapi.com/proxy/sentiment-intent-classifier-api-f67572,orbisapi.com,base,other,,false,1.0000,90,91,3,96,2026-07-13T07:36:19.376+00:00
https://orbisapi.com/proxy/sentiment-score-b9da52,orbisapi.com,base,other,,false,1.0000,45,55,3,97,2026-07-15T05:52:55.808+00:00
https://orbisapi.com/proxy/sentiment-shift-detector-api-572747,orbisapi.com,base,other,,false,1.0000,32,34,3,97,2026-07-12T06:12:38.226+00:00
https://orbisapi.com/proxy/sentiment-trend-api-3fd014,orbisapi.com,base,other,,false,1.0000,78,92,6,97,2026-07-14T06:18:15.398+00:00
https://orbisapi.com/proxy/sentiment-trend-api-c9de45,orbisapi.com,base,other,,false,1.0000,32,34,3,97,2026-07-12T06:12:38.927+00:00
https://orbisapi.com/proxy/seo-analyzer-api-8ceb32,orbisapi.com,base,other,,false,1.0000,50,52,3,97,2026-07-17T06:13:39.351+00:00
https://orbisapi.com/proxy/seo-content-optimizer-api-f6a26f,orbisapi.com,base,other,,false,1.0000,88,89,3,96,2026-07-13T07:37:09.17+00:00
https://orbisapi.com/proxy/seo-meta-checker-api-164241,orbisapi.com,base,other,,false,1.0000,68,73,3,97,2026-07-14T06:21:47.263+00:00
https://orbisapi.com/proxy/seo-meta-checker-api-c77792,orbisapi.com,base,other,,false,1.0000,63,67,3,97,2026-07-14T06:24:56.916+00:00
https://orbisapi.com/proxy/seo-product-title-api-3efcbd,orbisapi.com,base,other,,false,1.0000,78,100,6,97,2026-07-14T06:18:26.815+00:00
https://orbisapi.com/proxy/seo-product-title-scorer-api-ad5e5c,orbisapi.com,base,other,,false,1.0000,90,95,3,96,2026-07-13T07:37:51.726+00:00
https://orbisapi.com/proxy/seo-score-api-7ffe4b,orbisapi.com,base,other,,false,1.0000,32,35,3,97,2026-07-12T06:12:41.574+00:00
https://orbisapi.com/proxy/seo-scorer-api-af1e9a,orbisapi.com,base,other,,false,1.0000,80,95,6,97,2026-07-14T06:19:03.598+00:00
https://orbisapi.com/proxy/seo-technical-score-api-2d063c,orbisapi.com,base,other,,false,1.0000,29,34,3,97,2026-07-12T06:10:48.198+00:00
https://orbisapi.com/proxy/seo-toolkit-api-bd35ca,orbisapi.com,base,other,,false,1.0000,52,56,3,97,2026-07-17T06:17:15.651+00:00
https://orbisapi.com/proxy/seo-toolkit-api-d694c6,orbisapi.com,base,other,,false,1.0000,52,54,3,97,2026-07-17T06:13:38.147+00:00
https://orbisapi.com/proxy/seo-traffic-value-calculator-api-e3dfb9,orbisapi.com,base;solana:5eykt4usfv8p8njdtrepy1vzqkqzkvdp,other,,false,1.0000,48,52,3,97,2026-07-17T06:15:56.721+00:00
https://orbisapi.com/proxy/sequence-alignment-score-api-b64794,orbisapi.com,base,other,,false,1.0000,30,31,3,97,2026-07-12T06:10:50.097+00:00
https://orbisapi.com/proxy/sequence-of-returns-risk-api-0aad9c,orbisapi.com,base,other,,false,1.0000,49,50,3,97,2026-07-11T06:17:03.449+00:00
https://orbisapi.com/proxy/serverless-guide-api-c97251,orbisapi.com,base,other,,false,1.0000,42,42,3,97,2026-07-15T05:49:56.712+00:00
https://orbisapi.com/proxy/servicing-fee-calculator-api-4c8d19,orbisapi.com,base,other,,false,1.0000,47,48,3,97,2026-07-11T06:14:30.617+00:00
https://orbisapi.com/proxy/servo-torque-calculator-api-555818,orbisapi.com,base,other,,false,1.0000,31,31,3,97,2026-07-12T06:11:47.345+00:00
https://orbisapi.com/proxy/session-effectiveness-score-api-c5421a,orbisapi.com,base,other,,false,1.0000,48,51,3,97,2026-07-11T06:14:25.639+00:00
https://orbisapi.com/proxy/session-state-api-9f7e2d,orbisapi.com,base,other,,false,1.0000,43,46,3,97,2026-07-15T05:52:29.48+00:00
https://orbisapi.com/proxy/set-theory-basics-fb0734,orbisapi.com,base;solana:5eykt4usfv8p8njdtrepy1vzqkqzkvdp,other,,false,1.0000,85,88,3,96,2026-07-16T06:41:50.3+00:00
https://orbisapi.com/proxy/setback-calculator-api-1a15dc,orbisapi.com,base,other,,false,1.0000,32,32,3,97,2026-07-12T06:10:44.686+00:00
https://orbisapi.com/proxy/setup-time-calculator-api-32d09c,orbisapi.com,base,other,,false,1.0000,80,85,3,96,2026-07-16T06:36:01.002+00:00
https://orbisapi.com/proxy/severance-calculator-api-f7d038,orbisapi.com,base,other,,false,1.0000,50,50,3,97,2026-07-17T06:17:51.087+00:00
https://orbisapi.com/proxy/sewer-capacity-calculator-api-eac404,orbisapi.com,base,other,,false,1.0000,48,51,3,97,2026-07-11T06:14:27.05+00:00
https://orbisapi.com/proxy/sha-256-hash-info-api-77a6db,orbisapi.com,base,other,,false,1.0000,42,130,3,95,2026-07-15T05:51:35.235+00:00
https://orbisapi.com/proxy/sha-512-hash-api-3a6468,orbisapi.com,base,other,,false,1.0000,69,72,3,97,2026-07-14T06:21:42.468+00:00
https://orbisapi.com/proxy/shareholder-rights-score-api-39b64f,orbisapi.com,base,other,,false,1.0000,47,50,3,97,2026-07-11T06:14:22.788+00:00
https://orbisapi.com/proxy/shareholder-value-analyzer-api-8a4674,orbisapi.com,base,other,,false,1.0000,66,69,3,97,2026-07-14T06:19:31.459+00:00
https://orbisapi.com/proxy/sharp-money-detector-api-4a26fa,orbisapi.com,base,other,,false,1.0000,31,32,3,97,2026-07-12T06:10:49.518+00:00
https://orbisapi.com/proxy/sharpe-ratio-api-0007b6,orbisapi.com,base,other,,false,1.0000,68,73,3,97,2026-07-14T06:26:35.815+00:00
https://orbisapi.com/proxy/sharpe-ratio-calculator-api-3fb084,orbisapi.com,base,other,,false,1.0000,30,30,3,97,2026-07-12T06:12:40.901+00:00
https://orbisapi.com/proxy/shelf-life-lookup-api-5ab5aa,orbisapi.com,base;solana:5eykt4usfv8p8njdtrepy1vzqkqzkvdp,other,,false,1.0000,30,31,3,97,2026-07-12T06:12:42.033+00:00
https://orbisapi.com/proxy/shelter-capacity-calculator-api-cd25ed,orbisapi.com,base,other,,false,1.0000,52,53,3,97,2026-07-11T06:14:26.816+00:00
https://orbisapi.com/proxy/shielding-thickness-calculator-api-a3f6a2,orbisapi.com,base,other,,false,1.0000,32,35,3,97,2026-07-12T06:10:41.792+00:00
https://orbisapi.com/proxy/ship-draft-calculator-api-b1ba59,orbisapi.com,base,other,,false,1.0000,33,34,3,97,2026-07-12T06:10:44.54+00:00
https://orbisapi.com/proxy/shipment-eta-calculator-api-430fcc,orbisapi.com,base,other,,false,1.0000,31,32,3,97,2026-07-12T06:10:49.374+00:00
https://orbisapi.com/proxy/shipment-exception-classifier-api-b157bb,orbisapi.com,base,other,,false,1.0000,60,91,6,96,2026-07-13T07:31:24.94+00:00
https://orbisapi.com/proxy/shipment-merge-score-api-c10a52,orbisapi.com,base,other,,false,1.0000,47,49,3,97,2026-07-11T06:14:28.935+00:00
https://orbisapi.com/proxy/shipping-cost-calculator-api-fb9391,orbisapi.com,base;solana:5eykt4usfv8p8njdtrepy1vzqkqzkvdp,other,,false,1.0000,89,94,3,96,2026-07-13T07:37:51.246+00:00
https://orbisapi.com/proxy/shipping-cost-estimator-api-40ea56,orbisapi.com,base,other,,false,1.0000,78,93,6,97,2026-07-14T06:18:22.522+00:00
https://orbisapi.com/proxy/shipping-label-validator-api-8dcc93,orbisapi.com,base,other,,false,1.0000,66,83,6,97,2026-07-17T06:12:33.865+00:00
https://orbisapi.com/proxy/shipping-rate-estimate-11876d,orbisapi.com,base;solana:5eykt4usfv8p8njdtrepy1vzqkqzkvdp,other,,false,1.0000,44,44,3,97,2026-07-15T05:52:16.093+00:00
https://orbisapi.com/proxy/shipping-weight-calculator-api-48f0cf,orbisapi.com,base,other,,false,1.0000,64,66,3,97,2026-07-14T06:21:44.388+00:00
https://orbisapi.com/proxy/shipping-zone-calculator-api-5f0715,orbisapi.com,base,other,,false,1.0000,53,56,3,97,2026-07-17T06:18:26.492+00:00
https://orbisapi.com/proxy/short-chain-fatty-acid-calculator-api-563771,orbisapi.com,base,other,,false,1.0000,52,54,3,97,2026-07-11T06:17:10.662+00:00
https://orbisapi.com/proxy/short-term-rental-score-api-9d057c,orbisapi.com,base,other,,false,1.0000,32,32,3,97,2026-07-12T06:10:39.37+00:00
https://orbisapi.com/proxy/show-notes-score-api-656ea1,orbisapi.com,base,other,,false,1.0000,31,32,3,97,2026-07-12T06:10:42.393+00:00
https://orbisapi.com/proxy/shrinkage-calculator-api-d3fc22,orbisapi.com,base;solana:5eykt4usfv8p8njdtrepy1vzqkqzkvdp,other,,false,1.0000,79,79,3,97,2026-07-16T06:38:10.716+00:00
https://orbisapi.com/proxy/sidereal-time-calculator-api-ca683c,orbisapi.com,base,other,,false,1.0000,32,33,3,97,2026-07-12T06:10:47.853+00:00
https://orbisapi.com/proxy/siem-alert-quality-score-api-11ab76,orbisapi.com,base,other,,false,1.0000,56,56,3,97,2026-07-11T06:14:23.039+00:00
https://orbisapi.com/proxy/sign-language-facts-a74c43,orbisapi.com,base,other,,false,1.0000,79,84,3,97,2026-07-16T06:41:45.95+00:00
https://orbisapi.com/proxy/signal-crosstalk-calculator-api-44174c,orbisapi.com,base,other,,false,1.0000,33,42,3,97,2026-07-12T06:09:55.943+00:00
https://orbisapi.com/proxy/signal-noise-ratio-api-144349,orbisapi.com,base,other,,false,1.0000,31,34,3,97,2026-07-12T06:12:38.059+00:00
https://orbisapi.com/proxy/signal-strength-score-api-fdf2dc,orbisapi.com,base,other,,false,1.0000,28,30,3,97,2026-07-12T06:10:45.407+00:00
https://orbisapi.com/proxy/signal-to-noise-ratio-api-c97bf8,orbisapi.com,base,other,,false,1.0000,68,87,3,96,2026-07-14T06:21:32.252+00:00
https://orbisapi.com/proxy/signature-block-detector-api-2eb856,orbisapi.com,base,other,,false,1.0000,75,80,3,96,2026-07-14T06:21:28.721+00:00
https://orbisapi.com/proxy/signature-detector-api-82c89f,orbisapi.com,base,other,,false,1.0000,33,33,3,97,2026-07-12T06:12:36.871+00:00
https://orbisapi.com/proxy/significant-figures-api-96259a,orbisapi.com,base;solana:5eykt4usfv8p8njdtrepy1vzqkqzkvdp,other,,false,1.0000,70,127,3,95,2026-07-15T05:51:36.773+00:00
https://orbisapi.com/proxy/silk-road-history-26c219,orbisapi.com,base,other,,false,1.0000,93,97,3,96,2026-07-16T06:41:47.171+00:00
https://orbisapi.com/proxy/simple-interest-calculator-api-361150,orbisapi.com,base,other,,false,1.0000,68,80,3,97,2026-07-14T06:21:48.706+00:00
https://orbisapi.com/proxy/single-source-risk-score-api-75a7bf,orbisapi.com,base,other,,false,1.0000,50,55,3,97,2026-07-11T06:17:08.504+00:00
https://orbisapi.com/proxy/singleton-pattern-guide-api-a2e456,orbisapi.com,base,other,,false,1.0000,43,44,3,97,2026-07-15T05:49:50.88+00:00
https://orbisapi.com/proxy/sir-model-calculator-api-1a1a90,orbisapi.com,base,other,,false,1.0000,46,49,3,97,2026-07-11T06:14:23.505+00:00
https://orbisapi.com/proxy/sitemap-extract-c6ea83,orbisapi.com,base,other,,false,1.0000,44,47,3,97,2026-07-15T05:52:59.289+00:00
https://orbisapi.com/proxy/sitemap-validator-api-464d8b,orbisapi.com,base,other,,false,1.0000,79,92,6,97,2026-07-14T06:18:44.165+00:00
https://orbisapi.com/proxy/six-sigma-calculator-api-5dc491,orbisapi.com,base,other,,false,1.0000,31,32,3,97,2026-07-12T06:12:42.749+00:00
https://orbisapi.com/proxy/size-range-score-api-55a0d4,orbisapi.com,base,other,,false,1.0000,33,36,3,97,2026-07-12T06:10:49.958+00:00
https://orbisapi.com/proxy/skill-acquisition-calculator-api-e4040c,orbisapi.com,base,other,,false,1.0000,31,33,3,97,2026-07-12T06:10:39.53+00:00
https://orbisapi.com/proxy/skill-gap-analyzer-api-1b3007,orbisapi.com,base,other,,false,1.0000,88,93,3,96,2026-07-13T07:38:12.057+00:00
https://orbisapi.com/proxy/skills-certification-mapper-api-36fefb,orbisapi.com,base,other,,false,1.0000,29,32,3,97,2026-07-12T06:10:49.112+00:00
https://orbisapi.com/proxy/skills-gap-score-api-8cb554,orbisapi.com,base,other,,false,1.0000,74,75,3,97,2026-07-14T06:21:50.785+00:00
https://orbisapi.com/proxy/skip-lists-guide-api-1d581f,orbisapi.com,base,other,,false,1.0000,43,43,3,97,2026-07-15T05:49:48.085+00:00
https://orbisapi.com/proxy/sku-availability-api-09098a,orbisapi.com,base,other,,false,1.0000,42,46,3,97,2026-07-15T05:52:18.281+00:00
https://orbisapi.com/proxy/sku-generator-api-f529eb,orbisapi.com,base,other,,false,1.0000,77,93,6,97,2026-07-14T06:18:15.742+00:00
https://orbisapi.com/proxy/sku-validator-api-271a9b,orbisapi.com,base;solana:5eykt4usfv8p8njdtrepy1vzqkqzkvdp,other,,false,1.0000,32,32,3,97,2026-07-12T06:12:40.341+00:00
https://orbisapi.com/proxy/skyfire-rule-validator-api-d4da68,orbisapi.com,base,other,,false,1.0000,91,92,6,96,2026-07-14T06:18:18.195+00:00
https://orbisapi.com/proxy/sla-breach-calculator-api-04eaee,orbisapi.com,base,other,,false,1.0000,32,37,3,97,2026-07-12T06:12:38.514+00:00
https://orbisapi.com/proxy/sla-calculator-api-ddefca,orbisapi.com,base,other,,false,1.0000,90,90,3,96,2026-07-13T07:35:44.599+00:00
https://orbisapi.com/proxy/sla-penalty-calculator-api-22f923,orbisapi.com,base,other,,false,1.0000,55,57,3,97,2026-07-17T06:17:50.162+00:00
https://orbisapi.com/proxy/sla-timer-api-068b57,orbisapi.com,base,other,,false,1.0000,47,48,3,97,2026-07-17T06:17:21.521+00:00
https://orbisapi.com/proxy/sla-tracker-api-d2d7f0,orbisapi.com,base,other,,false,1.0000,68,86,3,96,2026-07-14T06:19:20.287+00:00
https://orbisapi.com/proxy/slack-message-api-031610,orbisapi.com,base,other,,false,1.0000,48,49,3,97,2026-07-15T05:52:29.091+00:00
https://orbisapi.com/proxy/slave-trade-history-ed3dce,orbisapi.com,base,other,,false,1.0000,82,82,3,97,2026-07-16T06:36:19.814+00:00
https://orbisapi.com/proxy/sleep-calculator-api-1201d6,orbisapi.com,base,other,,false,1.0000,48,51,3,97,2026-07-11T06:17:16.426+00:00
https://orbisapi.com/proxy/sleep-cycle-calculator-api-d87ba2,orbisapi.com,base,other,,false,1.0000,68,72,3,97,2026-07-14T06:21:46.555+00:00
https://orbisapi.com/proxy/sleep-facts-api-3aa47f,orbisapi.com,base,other,,false,1.0000,50,52,3,97,2026-07-17T06:14:45.336+00:00
https://orbisapi.com/proxy/sleep-facts-api-e82cb1,orbisapi.com,base,other,,false,1.0000,50,54,3,97,2026-07-17T06:15:08.831+00:00
https://orbisapi.com/proxy/sleep-psychology-a36898,orbisapi.com,base,other,,false,1.0000,86,87,3,96,2026-07-16T06:41:20.74+00:00
https://orbisapi.com/proxy/sleep-quality-optimizer-api-2c81fe,orbisapi.com,base,other,,false,1.0000,92,94,3,96,2026-07-13T07:39:20.814+00:00
https://orbisapi.com/proxy/sleep-score-calculator-api-812794,orbisapi.com,base,other,,false,1.0000,29,33,3,97,2026-07-12T06:10:43.243+00:00
https://orbisapi.com/proxy/sleep-scorer-api-2ebbc7,orbisapi.com,base,other,,false,1.0000,92,93,3,96,2026-07-13T07:39:25.011+00:00
https://orbisapi.com/proxy/sleep-stage-score-api-8a06fc,orbisapi.com,base,other,,false,1.0000,32,32,3,97,2026-07-12T06:10:44.968+00:00
https://orbisapi.com/proxy/slo-designer-api-83c746,orbisapi.com,base,other,,false,1.0000,90,91,3,96,2026-07-13T07:38:55.796+00:00
https://orbisapi.com/proxy/slot-filler-detector-api-eacd35,orbisapi.com,base,other,,false,1.0000,31,32,3,97,2026-07-12T06:10:48.339+00:00
https://orbisapi.com/proxy/slotting-score-api-d038b2,orbisapi.com,base,other,,false,1.0000,31,31,3,97,2026-07-12T06:10:45.271+00:00
https://orbisapi.com/proxy/slug-generator-api-561cbd,orbisapi.com,base,other,,false,1.0000,33,34,3,97,2026-07-12T06:12:36.245+00:00
https://orbisapi.com/proxy/slug-registry-api-169186,orbisapi.com,base,other,,false,1.0000,65,72,3,97,2026-07-14T06:19:50.916+00:00
https://orbisapi.com/proxy/small-business-grant-checker-api-d21f2d,orbisapi.com,base,other,,false,1.0000,89,90,3,96,2026-07-13T07:38:24.892+00:00
https://orbisapi.com/proxy/smart-contract-auditor-api-0061a9,orbisapi.com,base,other,,false,1.0000,92,93,3,96,2026-07-13T07:40:08.165+00:00
https://orbisapi.com/proxy/smart-contract-jobs-api-ca41b6,orbisapi.com,base,other,,false,1.0000,51,75,6,97,2026-07-15T05:48:49.132+00:00
https://orbisapi.com/proxy/smart-contract-patterns-api-f3d35b,orbisapi.com,base,other,,false,1.0000,82,85,3,96,2026-07-16T06:34:59.038+00:00
https://orbisapi.com/proxy/smart-contract-reader-api-0e75d5,orbisapi.com,base,other,,false,1.0000,62,66,3,97,2026-07-14T06:26:32.315+00:00
https://orbisapi.com/proxy/smart-contract-risk-api-e05d1a,orbisapi.com,base,other,,false,1.0000,31,33,3,97,2026-07-12T06:12:41.036+00:00
https://orbisapi.com/proxy/smart-contract-scanner-api-13bbaf,orbisapi.com,base,other,,false,1.0000,41,43,3,97,2026-07-15T05:49:08.468+00:00
https://orbisapi.com/proxy/smart-contract-vulnerabilities-api-a85501,orbisapi.com,base,other,,false,1.0000,44,44,3,97,2026-07-15T05:49:19.026+00:00
https://orbisapi.com/proxy/smart-contract-vulnerability-guide-api-e6ec4e,orbisapi.com,base,other,,false,1.0000,82,84,3,96,2026-07-16T06:34:36.237+00:00
https://orbisapi.com/proxy/smart-scheduler-api-00898b,orbisapi.com,base,other,,false,1.0000,78,78,3,97,2026-07-16T06:40:07.535+00:00
https://orbisapi.com/proxy/smartflow-signal-api-feecb3,orbisapi.com,base,other,,false,1.0000,50,51,3,97,2026-07-17T06:16:24.33+00:00
https://orbisapi.com/proxy/soc-2-control-checker-api-cebc23,orbisapi.com,base,other,,false,1.0000,63,84,6,97,2026-07-17T06:12:27.863+00:00
https://orbisapi.com/proxy/soccer-scores-api-899f36,orbisapi.com,base,other,,false,1.0000,47,48,3,97,2026-07-17T06:16:43.334+00:00
https://orbisapi.com/proxy/soccer-terms-api-5649da,orbisapi.com,base;solana:5eykt4usfv8p8njdtrepy1vzqkqzkvdp,other,,false,1.0000,82,83,3,96,2026-07-16T06:40:32.159+00:00
https://orbisapi.com/proxy/social-analytics-guide-api-e0865a,orbisapi.com,base,other,,false,1.0000,84,84,3,96,2026-07-16T06:39:44.088+00:00
https://orbisapi.com/proxy/social-bio-generator-api-83cb6e,orbisapi.com,base,other,,false,1.0000,45,47,3,97,2026-07-15T05:51:43.429+00:00
https://orbisapi.com/proxy/social-capital-score-api-56c55b,orbisapi.com,base,other,,false,1.0000,32,33,3,97,2026-07-12T06:10:50.266+00:00
https://orbisapi.com/proxy/social-engagement-score-6526ab,orbisapi.com,base,other,,false,1.0000,43,48,3,97,2026-07-15T05:52:58.731+00:00
https://orbisapi.com/proxy/social-health-score-api-3f12d4,orbisapi.com,base,other,,false,1.0000,31,31,3,97,2026-07-12T06:10:41.091+00:00
https://orbisapi.com/proxy/social-institutions-a82987,orbisapi.com,base,other,,false,1.0000,87,89,3,96,2026-07-16T06:36:09.319+00:00
https://orbisapi.com/proxy/social-institutions-a82987/validate,orbisapi.com,base;solana:5eykt4usfv8p8njdtrepy1vzqkqzkvdp,other,,false,1.0000,48,48,3,97,2026-07-11T06:11:45.764+00:00
https://orbisapi.com/proxy/social-media-analyzer-api-a38d63,orbisapi.com,base;solana:5eykt4usfv8p8njdtrepy1vzqkqzkvdp,other,,false,1.0000,92,94,3,96,2026-07-13T07:36:54.222+00:00
https://orbisapi.com/proxy/social-media-counter-api-8bf3d3,orbisapi.com,base,other,,false,1.0000,49,52,3,97,2026-07-17T06:16:31.635+00:00
https://orbisapi.com/proxy/social-media-formatter-api-3d945d,orbisapi.com,base,other,,false,1.0000,78,148,6,97,2026-07-14T06:18:49.702+00:00
https://orbisapi.com/proxy/social-media-history-843213,orbisapi.com,base;solana:5eykt4usfv8p8njdtrepy1vzqkqzkvdp,other,,false,1.0000,76,81,3,97,2026-07-16T06:41:34.666+00:00
https://orbisapi.com/proxy/social-media-roi-score-api-00beb4,orbisapi.com,base,other,,false,1.0000,31,31,3,97,2026-07-12T06:10:45.84+00:00
https://orbisapi.com/proxy/social-mobility-index-api-f766b8,orbisapi.com,base,other,,false,1.0000,31,31,3,97,2026-07-12T06:10:42.253+00:00
https://orbisapi.com/proxy/social-movements-guide-003f4e,orbisapi.com,base;solana:5eykt4usfv8p8njdtrepy1vzqkqzkvdp,other,,false,1.0000,50,51,3,97,2026-07-17T06:12:37.391+00:00
https://orbisapi.com/proxy/social-pixel-detector-api-b12e38,orbisapi.com,base,other,,false,1.0000,66,68,3,97,2026-07-14T06:21:35.892+00:00
https://orbisapi.com/proxy/social-proof-formatter-api-afde46,orbisapi.com,base,other,,false,1.0000,82,87,3,96,2026-07-16T06:39:39.395+00:00
https://orbisapi.com/proxy/social-proof-impact-calculator-api-4e653e,orbisapi.com,base,other,,false,1.0000,124,129,3,95,2026-07-13T07:38:19.032+00:00
https://orbisapi.com/proxy/social-proof-score-api-df0078,orbisapi.com,base,other,,false,1.0000,33,35,3,97,2026-07-12T06:10:49.808+00:00
https://orbisapi.com/proxy/social-psychology-guide-6a1327,orbisapi.com,base;solana:5eykt4usfv8p8njdtrepy1vzqkqzkvdp,other,,false,1.0000,85,92,3,96,2026-07-16T06:41:30.583+00:00
https://orbisapi.com/proxy/social-reach-estimator-api-a386f6,orbisapi.com,base,other,,false,1.0000,65,89,6,97,2026-07-17T06:12:24.373+00:00
https://orbisapi.com/proxy/social-roi-calculator-api-422a0d,orbisapi.com,base,other,,false,1.0000,32,33,3,97,2026-07-12T06:12:38.786+00:00
https://orbisapi.com/proxy/social-security-calculator-api-430053,orbisapi.com,base,other,,false,1.0000,48,50,3,97,2026-07-11T06:14:13.104+00:00
https://orbisapi.com/proxy/social-security-optimizer-api-7e2be4,orbisapi.com,base;solana:5eykt4usfv8p8njdtrepy1vzqkqzkvdp,other,,false,1.0000,88,91,3,96,2026-07-13T07:37:04.77+00:00
https://orbisapi.com/proxy/social-sentiment-api-e6aca7,orbisapi.com,base,other,,false,1.0000,49,49,3,97,2026-07-11T06:13:26.856+00:00
https://orbisapi.com/proxy/social-stratification-e9d991,orbisapi.com,base,other,,false,1.0000,82,133,3,96,2026-07-16T06:36:25.063+00:00
https://orbisapi.com/proxy/social-trust-index-api-6ed246,orbisapi.com,base,other,,false,1.0000,47,79,3,96,2026-07-17T06:13:32.018+00:00
https://orbisapi.com/proxy/socratic-method-score-api-370177,orbisapi.com,base,other,,false,1.0000,49,51,3,97,2026-07-11T06:14:08.651+00:00
https://orbisapi.com/proxy/software-license-analyzer-api-92a05e,orbisapi.com,base,other,,false,1.0000,91,91,3,96,2026-07-13T07:36:46.45+00:00
https://orbisapi.com/proxy/soil-classification-api-d82112,orbisapi.com,base,other,,false,1.0000,30,32,3,97,2026-07-12T06:10:41.366+00:00
https://orbisapi.com/proxy/soil-permeability-calculator-api-9d1c6e,orbisapi.com,base,other,,false,1.0000,31,33,3,97,2026-07-12T06:11:21.233+00:00
https://orbisapi.com/proxy/soil-sampling-score-api-28ce4e,orbisapi.com,base,other,,false,1.0000,49,52,3,97,2026-07-11T06:14:14.773+00:00
https://orbisapi.com/proxy/soiling-loss-calculator-api-aa6f4c/compare,orbisapi.com,base;solana:5eykt4usfv8p8njdtrepy1vzqkqzkvdp,other,,false,1.0000,47,52,3,97,2026-07-17T06:14:45.563+00:00
https://orbisapi.com/proxy/sol-address-validator-api-585728,orbisapi.com,base,other,,false,1.0000,63,85,6,97,2026-07-17T06:12:31.095+00:00
https://orbisapi.com/proxy/sol-price-tracker-api-6ae6f5,orbisapi.com,base,other,,false,1.0000,50,55,3,97,2026-07-17T06:13:46.366+00:00
https://orbisapi.com/proxy/solana-guide-api-75f6b7,orbisapi.com,base,other,,false,1.0000,70,77,3,97,2026-07-14T06:26:30.636+00:00
https://orbisapi.com/proxy/solar-potential-calculator-api-358a55,orbisapi.com,base,other,,false,1.0000,33,37,3,97,2026-07-12T06:12:37.913+00:00
https://orbisapi.com/proxy/solar-roi-calculator-api-328825,orbisapi.com,base,other,,false,1.0000,89,92,3,96,2026-07-13T07:38:58.568+00:00
https://orbisapi.com/proxy/solar-system-guide-a2ee68,orbisapi.com,base;solana:5eykt4usfv8p8njdtrepy1vzqkqzkvdp,other,,false,1.0000,79,81,3,97,2026-07-16T06:41:35.039+00:00
https://orbisapi.com/proxy/solder-joint-score-api-a4bc81,orbisapi.com,base,other,,false,1.0000,47,52,3,97,2026-07-11T06:14:14.529+00:00
https://orbisapi.com/proxy/solidity-roadmap-api-01ed9c,orbisapi.com,base,other,,false,1.0000,48,62,3,97,2026-07-17T06:14:01.02+00:00
https://orbisapi.com/proxy/solidity-vulnerability-database-api-b39f37,orbisapi.com,base,other,,false,1.0000,47,52,3,97,2026-07-11T06:12:06.556+00:00
https://orbisapi.com/proxy/solvation-energy-calculator-api-c6f61d,orbisapi.com,base,other,,false,1.0000,50,52,3,97,2026-07-11T06:14:06.222+00:00
https://orbisapi.com/proxy/sorting-algorithms-d03b4e,orbisapi.com,base;solana:5eykt4usfv8p8njdtrepy1vzqkqzkvdp,other,,false,1.0000,78,96,3,96,2026-07-16T06:41:45.143+00:00
https://orbisapi.com/proxy/sortino-ratio-calculator-api-05f58c,orbisapi.com,base,other,,false,1.0000,52,53,3,97,2026-07-11T06:14:07.2+00:00
https://orbisapi.com/proxy/sound-healing-fdfd06,orbisapi.com,base;solana:5eykt4usfv8p8njdtrepy1vzqkqzkvdp,other,,false,1.0000,80,86,3,96,2026-07-16T06:36:19.429+00:00
https://orbisapi.com/proxy/source-credibility-score-api-8a6b95,orbisapi.com,base,other,,false,1.0000,31,73,3,96,2026-07-12T06:10:44.012+00:00
https://orbisapi.com/proxy/sox-control-checker-api-be3891,orbisapi.com,base,other,,false,1.0000,50,50,3,97,2026-07-17T06:17:43.078+00:00
https://orbisapi.com/proxy/sox-control-mapper-api-0dd75f,orbisapi.com,base;solana:5eykt4usfv8p8njdtrepy1vzqkqzkvdp,other,,false,1.0000,30,32,3,97,2026-07-12T06:12:36.725+00:00
https://orbisapi.com/proxy/space-debris-risk-score-api-725f21,orbisapi.com,base,other,,false,1.0000,31,32,3,97,2026-07-12T06:11:45.793+00:00
https://orbisapi.com/proxy/space-facts-api-d82e3a,orbisapi.com,base,other,,false,1.0000,48,53,3,97,2026-07-17T06:15:36.532+00:00
https://orbisapi.com/proxy/space-missions-api-2f8d24,orbisapi.com,base,other,,false,1.0000,85,88,3,96,2026-07-16T06:40:15.633+00:00
https://orbisapi.com/proxy/space-technology-history-91ca36,orbisapi.com,base;solana:5eykt4usfv8p8njdtrepy1vzqkqzkvdp,other,,false,1.0000,83,87,3,96,2026-07-16T06:41:40.591+00:00
https://orbisapi.com/proxy/space-utilization-calculator-api-55864f,orbisapi.com,base,other,,false,1.0000,31,32,3,97,2026-07-12T06:11:46.644+00:00
https://orbisapi.com/proxy/space-weather-api-a9aff4,orbisapi.com,base;solana:5eykt4usfv8p8njdtrepy1vzqkqzkvdp,other,,false,1.0000,31,33,3,97,2026-07-12T06:12:42.456+00:00
https://orbisapi.com/proxy/spacewalk-duration-calculator-api-625964,orbisapi.com,base,other,,false,1.0000,64,77,3,97,2026-07-14T06:22:49.283+00:00
https://orbisapi.com/proxy/spam-classifier-api-1276d2,orbisapi.com,base,other,,false,1.0000,62,68,3,97,2026-07-14T06:20:59.948+00:00
https://orbisapi.com/proxy/spam-detector-api-bcb616,orbisapi.com,base,other,,false,1.0000,31,35,3,97,2026-07-12T06:10:45.129+00:00
https://orbisapi.com/proxy/span-of-control-calculator-api-1f8430,orbisapi.com,base,other,,false,1.0000,30,31,3,97,2026-07-12T06:10:42.074+00:00
https://orbisapi.com/proxy/spatial-join-score-api-8653f5,orbisapi.com,base,other,,false,1.0000,29,58,3,96,2026-07-12T06:10:40.95+00:00
https://orbisapi.com/proxy/spatial-reasoning-score-api-155a1e,orbisapi.com,base,other,,false,1.0000,48,48,3,97,2026-07-11T06:14:09.581+00:00
https://orbisapi.com/proxy/species-richness-calculator-api-e7cd8d,orbisapi.com,base,other,,false,1.0000,68,82,3,96,2026-07-14T06:22:43.008+00:00
https://orbisapi.com/proxy/spect-quality-score-api-101288,orbisapi.com,base,other,,false,1.0000,47,52,3,97,2026-07-11T06:14:05.041+00:00
https://orbisapi.com/proxy/spectral-library-score-api-c58747,orbisapi.com,base,other,,false,1.0000,44,49,3,97,2026-07-15T05:57:26.148+00:00
https://orbisapi.com/proxy/spectroscopy-predictor-score-api-f59f92,orbisapi.com,base,other,,false,1.0000,50,50,3,97,2026-07-11T06:14:13.577+00:00
https://orbisapi.com/proxy/spectrum-sharing-score-api-a0920b,orbisapi.com,base,other,,false,1.0000,47,48,3,97,2026-07-11T06:14:15.227+00:00
https://orbisapi.com/proxy/spectrum-value-calculator-api-e91026,orbisapi.com,base,other,,false,1.0000,32,33,3,97,2026-07-12T06:11:42.234+00:00
https://orbisapi.com/proxy/speed-conversion-api-867a6d,orbisapi.com,base;solana:5eykt4usfv8p8njdtrepy1vzqkqzkvdp,other,,false,1.0000,42,43,3,97,2026-07-15T05:49:20.968+00:00
https://orbisapi.com/proxy/speed-converter-api-728e5d,orbisapi.com,base,other,,false,1.0000,71,79,3,96,2026-07-14T06:26:05.428+00:00
https://orbisapi.com/proxy/speed-of-sound-api-7600fe,orbisapi.com,base,other,,false,1.0000,52,59,3,97,2026-07-17T06:15:29.348+00:00
https://orbisapi.com/proxy/spend-categorizer-api-04e395,orbisapi.com,base;solana:5eykt4usfv8p8njdtrepy1vzqkqzkvdp,other,,false,1.0000,49,50,3,97,2026-07-11T06:14:05.511+00:00
https://orbisapi.com/proxy/spending-insight-score-api-75bdcf,orbisapi.com,base,other,,false,1.0000,29,32,3,97,2026-07-12T06:11:38.126+00:00
https://orbisapi.com/proxy/spice-chemistry-0f73a6,orbisapi.com,base;solana:5eykt4usfv8p8njdtrepy1vzqkqzkvdp,other,,false,1.0000,87,97,3,96,2026-07-16T06:36:11.775+00:00
https://orbisapi.com/proxy/spice-guide-api-2b6ab8,orbisapi.com,base;solana:5eykt4usfv8p8njdtrepy1vzqkqzkvdp,other,,false,1.0000,49,52,3,97,2026-07-17T06:15:16.661+00:00
https://orbisapi.com/proxy/spice-pairings-020804,orbisapi.com,base,other,,false,1.0000,81,87,3,96,2026-07-16T06:36:01.401+00:00
https://orbisapi.com/proxy/spike-detector-api-48ca0b,orbisapi.com,base;solana:5eykt4usfv8p8njdtrepy1vzqkqzkvdp,other,,false,1.0000,72,79,3,97,2026-07-14T06:21:29.764+00:00
https://orbisapi.com/proxy/spirits-guide-caa9af,orbisapi.com,base;solana:5eykt4usfv8p8njdtrepy1vzqkqzkvdp,other,,false,1.0000,87,98,3,96,2026-07-16T06:41:27.864+00:00
https://orbisapi.com/proxy/spirits-history-798e33,orbisapi.com,base;solana:5eykt4usfv8p8njdtrepy1vzqkqzkvdp,other,,false,1.0000,78,80,3,97,2026-07-16T06:35:57.994+00:00
https://orbisapi.com/proxy/spiritual-practices-442f21,orbisapi.com,base;solana:5eykt4usfv8p8njdtrepy1vzqkqzkvdp,other,,false,1.0000,80,81,3,97,2026-07-16T06:41:38.671+00:00
https://orbisapi.com/proxy/split-calculator-api-084e18,orbisapi.com,base,other,,false,1.0000,69,70,3,97,2026-07-14T06:24:42.175+00:00
https://orbisapi.com/proxy/spo2-interpreter-api-b35ef1,orbisapi.com,base,other,,false,1.0000,32,34,3,97,2026-07-12T06:10:38.131+00:00
https://orbisapi.com/proxy/sports-analytics-8c2784,orbisapi.com,base;solana:5eykt4usfv8p8njdtrepy1vzqkqzkvdp,other,,false,1.0000,76,81,3,97,2026-07-16T06:36:04.909+00:00
https://orbisapi.com/proxy/sports-data-quality-score-api-621965,orbisapi.com,base,other,,false,1.0000,48,49,3,97,2026-07-11T06:14:14.053+00:00
https://orbisapi.com/proxy/sports-equipment-api-716bf7,orbisapi.com,base;solana:5eykt4usfv8p8njdtrepy1vzqkqzkvdp,other,,false,1.0000,50,52,3,97,2026-07-17T06:15:09.292+00:00
https://orbisapi.com/proxy/sports-injury-predictor-api-3d1868,orbisapi.com,base,other,,false,1.0000,49,50,3,97,2026-07-11T06:14:05.271+00:00
https://orbisapi.com/proxy/sports-nutrition-3e85db,orbisapi.com,base;solana:5eykt4usfv8p8njdtrepy1vzqkqzkvdp,other,,false,1.0000,67,81,6,97,2026-07-17T06:12:38.67+00:00
https://orbisapi.com/proxy/sports-nutrition-timing-api-1db450,orbisapi.com,base;solana:5eykt4usfv8p8njdtrepy1vzqkqzkvdp,other,,false,1.0000,90,93,3,96,2026-07-13T07:37:07.156+00:00
https://orbisapi.com/proxy/sports-odds-converter-api-f73302,orbisapi.com,base;solana:5eykt4usfv8p8njdtrepy1vzqkqzkvdp,other,,false,1.0000,41,50,3,97,2026-07-15T05:57:15.152+00:00
https://orbisapi.com/proxy/sports-origins-495d1c,orbisapi.com,base;solana:5eykt4usfv8p8njdtrepy1vzqkqzkvdp,other,,false,1.0000,80,88,3,96,2026-07-16T06:41:16.919+00:00
https://orbisapi.com/proxy/sports-psychology-guide-c9abf3,orbisapi.com,base,other,,false,1.0000,77,84,3,96,2026-07-16T06:36:02.191+00:00
https://orbisapi.com/proxy/sports-records-api-04de07,orbisapi.com,base;solana:5eykt4usfv8p8njdtrepy1vzqkqzkvdp,other,,false,1.0000,59,138,3,95,2026-07-17T06:15:13.946+00:00
https://orbisapi.com/proxy/spotify-artist-albums-api-a0da30,orbisapi.com,base,other,,false,1.0000,51,56,3,97,2026-07-17T06:17:31.053+00:00
https://orbisapi.com/proxy/spread-cover-score-api-9c008d,orbisapi.com,base,other,,false,1.0000,42,47,3,97,2026-07-15T05:57:13.251+00:00
https://orbisapi.com/proxy/sprint-velocity-analyzer-api-8411c0,orbisapi.com,base;solana:5eykt4usfv8p8njdtrepy1vzqkqzkvdp,other,,false,1.0000,91,93,3,96,2026-07-13T07:35:55.34+00:00
https://orbisapi.com/proxy/sprint-velocity-api-6a7bf8,orbisapi.com,base;solana:5eykt4usfv8p8njdtrepy1vzqkqzkvdp,other,,false,1.0000,30,33,3,97,2026-07-12T06:12:40.629+00:00
https://orbisapi.com/proxy/sql-commands-guide-api-7be324,orbisapi.com,base;solana:5eykt4usfv8p8njdtrepy1vzqkqzkvdp,other,,false,1.0000,43,44,3,97,2026-07-15T05:50:24.944+00:00
https://orbisapi.com/proxy/sql-formatter-api-41f0c9/info,orbisapi.com,base;solana:5eykt4usfv8p8njdtrepy1vzqkqzkvdp,other,,false,1.0000,48,53,3,97,2026-07-17T06:14:58.304+00:00
https://orbisapi.com/proxy/sql-indexes-guide-api-6014d3,orbisapi.com,base;solana:5eykt4usfv8p8njdtrepy1vzqkqzkvdp,other,,false,1.0000,50,54,3,97,2026-07-15T05:50:19.146+00:00
https://orbisapi.com/proxy/sql-injection-guide-api-d1754e,orbisapi.com,base;solana:5eykt4usfv8p8njdtrepy1vzqkqzkvdp,other,,false,1.0000,43,47,3,97,2026-07-15T05:49:52.702+00:00
https://orbisapi.com/proxy/sql-joins-guide-api-2ef5ea,orbisapi.com,base;solana:5eykt4usfv8p8njdtrepy1vzqkqzkvdp,other,,false,1.0000,41,42,3,97,2026-07-15T05:50:12.976+00:00
https://orbisapi.com/proxy/sql-query-analyzer-api-cc4bb3,orbisapi.com,base,other,,false,1.0000,68,79,3,97,2026-07-14T06:19:46.236+00:00
https://orbisapi.com/proxy/ssh-guide-api-3fd108,orbisapi.com,base;solana:5eykt4usfv8p8njdtrepy1vzqkqzkvdp,other,,false,1.0000,43,44,3,97,2026-07-15T05:49:54.368+00:00
https://orbisapi.com/proxy/ssi-maturity-score-api-e31104,orbisapi.com,base,other,,false,1.0000,46,48,3,97,2026-07-11T06:14:09.808+00:00
https://orbisapi.com/proxy/ssl-cert-checker-api-4b8279,orbisapi.com,base,other,,false,1.0000,68,83,3,96,2026-07-14T06:19:20.64+00:00
https://orbisapi.com/proxy/ssl-certificate-checker-api-8af617/validate,orbisapi.com,base;solana:5eykt4usfv8p8njdtrepy1vzqkqzkvdp,other,,false,1.0000,49,54,3,97,2026-07-17T06:14:18.768+00:00
https://orbisapi.com/proxy/ssl-grade-calculator-api-01c076,orbisapi.com,base,other,,false,1.0000,30,34,3,97,2026-07-12T06:12:37.494+00:00
https://orbisapi.com/proxy/stable-depeg-monitor-api-27e9a1,orbisapi.com,base,other,,false,1.0000,71,95,6,97,2026-07-17T06:12:26.128+00:00
https://orbisapi.com/proxy/stablecoin-data-api-0fa7c8,orbisapi.com,base,other,,false,1.0000,44,49,3,97,2026-07-15T05:49:00.503+00:00
https://orbisapi.com/proxy/stablecoin-guide-api-8fb72d,orbisapi.com,base,other,,false,1.0000,42,42,3,97,2026-07-15T05:48:57.662+00:00
https://orbisapi.com/proxy/stablecoin-rates-fdee7a,orbisapi.com,base;solana:5eykt4usfv8p8njdtrepy1vzqkqzkvdp,other,,false,1.0000,50,52,3,97,2026-07-17T06:14:24.153+00:00
https://orbisapi.com/proxy/stack-trace-parser-api-a9160b,orbisapi.com,base,other,,false,1.0000,66,71,3,97,2026-07-14T06:19:33.955+00:00
https://orbisapi.com/proxy/stadium-safety-score-api-2f039f,orbisapi.com,base,other,,false,1.0000,45,46,3,97,2026-07-11T06:14:14.997+00:00
https://orbisapi.com/proxy/staffing-ratio-calculator-api-5f078c,orbisapi.com,base,other,,false,1.0000,32,32,3,97,2026-07-12T06:12:35.953+00:00
https://orbisapi.com/proxy/stakeholder-map-analyzer-api-f31a70,orbisapi.com,base;solana:5eykt4usfv8p8njdtrepy1vzqkqzkvdp,other,,false,1.0000,92,100,3,96,2026-07-13T07:34:42.197+00:00
https://orbisapi.com/proxy/staking-rewards-api-167950,orbisapi.com,base,other,,false,1.0000,63,73,3,97,2026-07-14T06:25:50.389+00:00
https://orbisapi.com/proxy/staking-tax-calculator-api-89df89,orbisapi.com,base,other,,false,1.0000,80,82,3,97,2026-07-16T06:39:26.033+00:00
https://orbisapi.com/proxy/staking-yield-calculator-api-57f16e,orbisapi.com,base,other,,false,1.0000,99,126,6,95,2026-07-14T06:18:07.624+00:00
https://orbisapi.com/proxy/stamp-collecting-facts-580bc1,orbisapi.com,base,other,,false,1.0000,113,156,3,95,2026-07-16T06:41:31.846+00:00
https://orbisapi.com/proxy/stance-detect-93b6ce,orbisapi.com,base,other,,false,1.0000,42,43,3,97,2026-07-15T05:52:01.657+00:00
https://orbisapi.com/proxy/standup-formatter-api-09abd9,orbisapi.com,base,other,,false,1.0000,48,52,3,97,2026-07-17T06:17:21.076+00:00
https://orbisapi.com/proxy/standup-parser-api-0fc1d4,orbisapi.com,base,other,,false,1.0000,31,33,3,97,2026-07-12T06:12:41.434+00:00
https://orbisapi.com/proxy/star-catalog-api-7bf277,orbisapi.com,base;solana:5eykt4usfv8p8njdtrepy1vzqkqzkvdp,other,,false,1.0000,33,33,3,97,2026-07-12T06:12:39.201+00:00
https://orbisapi.com/proxy/star-types-924e12,orbisapi.com,base,other,,false,1.0000,80,88,3,96,2026-07-16T06:41:32.654+00:00
https://orbisapi.com/proxy/startup-health-score-api-f85a54,orbisapi.com,base,other,,false,1.0000,49,50,3,97,2026-07-17T06:14:40.894+00:00
https://orbisapi.com/proxy/startup-pitch-scorer-api-f6385b,orbisapi.com,base,other,,false,1.0000,89,112,3,96,2026-07-13T07:38:18.477+00:00
https://orbisapi.com/proxy/startup-runway-optimizer-api-396b90,orbisapi.com,base,other,,false,1.0000,64,71,3,97,2026-07-14T06:19:36.971+00:00
https://orbisapi.com/proxy/startup-valuation-calculator-api-cfec7d,orbisapi.com,base,other,,false,1.0000,60,72,3,96,2026-07-17T06:16:29.909+00:00
https://orbisapi.com/proxy/state-persistence-api-36e695,orbisapi.com,base,other,,false,1.0000,41,42,3,97,2026-07-15T05:49:07.263+00:00
https://orbisapi.com/proxy/statistical-test-selector-api-0511ad,orbisapi.com,base,other,,false,1.0000,89,94,3,96,2026-07-13T07:40:09.097+00:00
https://orbisapi.com/proxy/statistics-calc-1a50cf,orbisapi.com,base,other,,false,1.0000,44,49,3,97,2026-07-15T05:51:58.218+00:00
https://orbisapi.com/proxy/stats-normalize-api-3e0740,orbisapi.com,base,other,,false,1.0000,50,51,3,97,2026-07-11T06:13:34.345+00:00
https://orbisapi.com/proxy/status-code-advisor-api-1f0456,orbisapi.com,base,other,,false,1.0000,64,71,3,97,2026-07-14T06:20:08.909+00:00
https://orbisapi.com/proxy/statute-lookup-api-1b4937,orbisapi.com,base,other,,false,1.0000,31,36,3,97,2026-07-12T06:12:38.371+00:00
https://orbisapi.com/proxy/stellar-luminosity-calculator-api-9ba219,orbisapi.com,base,other,,false,1.0000,33,35,3,97,2026-07-12T06:10:36.792+00:00
https://orbisapi.com/proxy/stellar-magnitude-converter-api-99d27b,orbisapi.com,base,other,,false,1.0000,32,33,3,97,2026-07-12T06:12:49.203+00:00
https://orbisapi.com/proxy/stem-problem-classifier-api-e8a68d,orbisapi.com,base,other,,false,1.0000,89,91,3,96,2026-07-13T07:37:59.854+00:00
https://orbisapi.com/proxy/step-accuracy-score-api-10399e,orbisapi.com,base,other,,false,1.0000,50,50,3,97,2026-07-11T06:14:08.885+00:00
https://orbisapi.com/proxy/step-goal-calculator-api-f8612b,orbisapi.com,base,other,,false,1.0000,34,34,3,97,2026-07-12T06:12:42.597+00:00
https://orbisapi.com/proxy/step-validator-api-fb531d,orbisapi.com,base,other,,false,1.0000,66,67,3,97,2026-07-14T06:21:17.596+00:00
https://orbisapi.com/proxy/stewardship-code-score-api-e695db,orbisapi.com,base,other,,false,1.0000,46,51,3,97,2026-07-11T06:14:05.977+00:00
https://orbisapi.com/proxy/stl-file-info-api-4a00ab,orbisapi.com,base,other,,false,1.0000,48,53,3,97,2026-07-11T06:13:38.092+00:00
https://orbisapi.com/proxy/stochastic-demand-calculator-api-ff7dbe,orbisapi.com,base,other,,false,1.0000,47,49,3,97,2026-07-11T06:14:15.696+00:00
https://orbisapi.com/proxy/stock-alert-api-638089,orbisapi.com,base,other,,false,1.0000,74,79,3,96,2026-07-14T06:21:57.74+00:00
https://orbisapi.com/proxy/stock-analyzer-api-0699a1,orbisapi.com,base,other,,false,1.0000,80,82,3,96,2026-07-16T06:35:11.121+00:00
https://orbisapi.com/proxy/stock-data-api-560c05,orbisapi.com,base,other,,false,1.0000,51,58,3,97,2026-07-17T06:16:47.927+00:00
https://orbisapi.com/proxy/stock-glossary-api-8e757e,orbisapi.com,base,other,,false,1.0000,87,87,3,96,2026-07-16T06:35:04.875+00:00
https://orbisapi.com/proxy/stock-market-basics-api-b61b1e,orbisapi.com,base,other,,false,1.0000,80,126,3,96,2026-07-16T06:40:43.83+00:00
https://orbisapi.com/proxy/stock-market-glossary-api-7d6ca4,orbisapi.com,base,other,,false,1.0000,53,54,3,97,2026-07-17T06:13:48.048+00:00
https://orbisapi.com/proxy/stock-options-calculator-api-5b9d78,orbisapi.com,base;solana:5eykt4usfv8p8njdtrepy1vzqkqzkvdp,other,,false,1.0000,89,94,3,96,2026-07-13T07:37:32.26+00:00
https://orbisapi.com/proxy/stock-return-calculator-api-2ea707,orbisapi.com,base,other,,false,1.0000,62,68,6,97,2026-07-15T05:48:37.807+00:00
https://orbisapi.com/proxy/stock-screener-api-a8da6a,orbisapi.com,base,other,,false,1.0000,92,222,3,95,2026-07-16T06:35:10.318+00:00
https://orbisapi.com/proxy/stock-screener-tools-api-d1b891,orbisapi.com,base,other,,false,1.0000,60,63,3,97,2026-07-14T06:26:23.944+00:00
https://orbisapi.com/proxy/stock-split-calculator-api-6c233c,orbisapi.com,base,other,,false,1.0000,72,81,3,96,2026-07-14T06:26:22.276+00:00
https://orbisapi.com/proxy/stock-valuation-api-12659d,orbisapi.com,base,other,,false,1.0000,80,84,3,97,2026-07-16T06:34:57.644+00:00
https://orbisapi.com/proxy/stoicism-guide-11d3e9,orbisapi.com,base,other,,false,1.0000,84,106,3,96,2026-07-16T06:41:32.259+00:00
https://orbisapi.com/proxy/store-traffic-calculator-api-555e6a,orbisapi.com,base,other,,false,1.0000,34,35,3,97,2026-07-12T06:12:36.103+00:00
https://orbisapi.com/proxy/storm-risk-api-9542e6,orbisapi.com,base,other,,false,1.0000,31,33,3,97,2026-07-12T06:10:38.791+00:00
https://orbisapi.com/proxy/storm-surge-calculator-api-471308,orbisapi.com,base,other,,false,1.0000,31,31,3,97,2026-07-12T06:10:29.127+00:00
https://orbisapi.com/proxy/storm-types-e0006f,orbisapi.com,base;solana:5eykt4usfv8p8njdtrepy1vzqkqzkvdp,other,,false,1.0000,85,85,3,96,2026-07-16T06:36:04.532+00:00
https://orbisapi.com/proxy/story-score-api-67c07e,orbisapi.com,base,other,,false,1.0000,32,38,3,97,2026-07-12T06:10:35.493+00:00
https://orbisapi.com/proxy/storytelling-guide-9f7c49,orbisapi.com,base;solana:5eykt4usfv8p8njdtrepy1vzqkqzkvdp,other,,false,1.0000,48,52,3,97,2026-07-17T06:15:00.027+00:00
https://orbisapi.com/proxy/stranded-asset-score-api-b4a2a0,orbisapi.com,base,other,,false,1.0000,47,48,3,97,2026-07-11T06:14:04.573+00:00
https://orbisapi.com/proxy/strategy-games-25a2ed,orbisapi.com,base,other,,false,1.0000,80,81,3,96,2026-07-16T06:35:51.099+00:00
https://orbisapi.com/proxy/strategy-pattern-guide-api-c3bd8a,orbisapi.com,base,other,,false,1.0000,44,53,3,97,2026-07-15T05:49:43.58+00:00
https://orbisapi.com/proxy/strategy-signal-api-16fca5,orbisapi.com,base;solana:5eykt4usfv8p8njdtrepy1vzqkqzkvdp,other,,false,1.0000,92,92,3,96,2026-07-13T07:33:31.862+00:00
https://orbisapi.com/proxy/stratigraphy-classifier-api-d36847,orbisapi.com,base,other,,false,1.0000,30,31,3,97,2026-07-12T06:10:36.646+00:00
https://orbisapi.com/proxy/stream-breakeven-calculator-api-fab2d8,orbisapi.com,base,other,,false,1.0000,32,32,3,97,2026-07-12T06:10:33.91+00:00
https://orbisapi.com/proxy/stream-url-parser-api-022ea2/openapi,orbisapi.com,base;solana:5eykt4usfv8p8njdtrepy1vzqkqzkvdp,other,,false,1.0000,48,53,3,97,2026-07-17T06:14:49.864+00:00
https://orbisapi.com/proxy/streaming-bitrate-calculator-api-45fe75,orbisapi.com,base,other,,false,1.0000,51,52,3,97,2026-07-11T06:14:13.817+00:00
https://orbisapi.com/proxy/streaming-royalty-calculator-api-73b25e,orbisapi.com,base,other,,false,1.0000,30,34,3,97,2026-07-12T06:10:33.614+00:00
https://orbisapi.com/proxy/street-art-history-a83097,orbisapi.com,base;solana:5eykt4usfv8p8njdtrepy1vzqkqzkvdp,other,,false,1.0000,80,89,3,96,2026-07-16T06:41:13.16+00:00
https://orbisapi.com/proxy/street-dance-styles-49bb74,orbisapi.com,base,other,,false,1.0000,97,98,3,96,2026-07-16T06:35:56.068+00:00
https://orbisapi.com/proxy/street-food-guide-api-c8d31c,orbisapi.com,base,other,,false,1.0000,78,82,3,97,2026-07-16T06:40:23.235+00:00
https://orbisapi.com/proxy/street-photography-4f63e1,orbisapi.com,base;solana:5eykt4usfv8p8njdtrepy1vzqkqzkvdp,other,,false,1.0000,82,87,3,96,2026-07-16T06:36:04.147+00:00
https://orbisapi.com/proxy/street-snacks-guide-bf5647,orbisapi.com,base;solana:5eykt4usfv8p8njdtrepy1vzqkqzkvdp,other,,false,1.0000,82,86,3,96,2026-07-16T06:41:50.692+00:00
https://orbisapi.com/proxy/streetwear-history-575cf9,orbisapi.com,base,other,,false,1.0000,79,82,3,97,2026-07-16T06:36:02.567+00:00
https://orbisapi.com/proxy/strength-asymmetry-score-api-e0b296,orbisapi.com,base,other,,false,1.0000,32,34,3,97,2026-07-12T06:10:38.273+00:00
https://orbisapi.com/proxy/strength-standards-api-92681c,orbisapi.com,base;solana:5eykt4usfv8p8njdtrepy1vzqkqzkvdp,other,,false,1.0000,91,91,3,96,2026-07-13T07:37:27.107+00:00
https://orbisapi.com/proxy/stress-detection-score-api-782f4c,orbisapi.com,base,other,,false,1.0000,49,50,3,97,2026-07-11T06:14:08.4+00:00
https://orbisapi.com/proxy/stress-level-calculator-api-68d840,orbisapi.com,base,other,,false,1.0000,32,33,3,97,2026-07-12T06:10:37.989+00:00
https://orbisapi.com/proxy/stress-management-api-f02e19,orbisapi.com,base;solana:5eykt4usfv8p8njdtrepy1vzqkqzkvdp,other,,false,1.0000,53,57,3,97,2026-07-17T06:15:00.934+00:00
https://orbisapi.com/proxy/stress-risk-scorer-api-b440e7,orbisapi.com,base,other,,false,1.0000,92,93,3,96,2026-07-13T07:39:18.958+00:00
https://orbisapi.com/proxy/stress-strain-calculator-api-fc657c,orbisapi.com,base,other,,false,1.0000,32,34,3,97,2026-07-12T06:12:41.302+00:00
https://orbisapi.com/proxy/string-distance-api-dc9e3c,orbisapi.com,base;solana:5eykt4usfv8p8njdtrepy1vzqkqzkvdp,other,,false,1.0000,70,79,3,97,2026-07-14T06:19:36.637+00:00
https://orbisapi.com/proxy/string-similarity-fuzzy-match-api-5011f5,orbisapi.com,base,other,,false,1.0000,53,57,3,97,2026-07-17T06:13:58.117+00:00
https://orbisapi.com/proxy/string-transformer-api-7aea4c,orbisapi.com,base,other,,false,1.0000,50,51,3,97,2026-07-17T06:13:28.963+00:00
https://orbisapi.com/proxy/string-utils-api-9abefa,orbisapi.com,base,other,,false,1.0000,66,68,3,97,2026-07-14T06:20:18.239+00:00
https://orbisapi.com/proxy/strip-ratio-calculator-api-b8f091,orbisapi.com,base,other,,false,1.0000,30,31,3,97,2026-07-12T06:10:30.98+00:00
https://orbisapi.com/proxy/structural-geology-score-api-86efbb,orbisapi.com,base,other,,false,1.0000,46,49,3,97,2026-07-11T06:14:05.741+00:00
https://orbisapi.com/proxy/structural-patterns-guide-api-9ce16c,orbisapi.com,base;solana:5eykt4usfv8p8njdtrepy1vzqkqzkvdp,other,,false,1.0000,43,44,3,97,2026-07-15T05:49:53.076+00:00
https://orbisapi.com/proxy/structured-data-extract-fe0238,orbisapi.com,base,other,,false,1.0000,49,49,3,97,2026-07-15T05:52:15.316+00:00
https://orbisapi.com/proxy/structured-data-extractor-api-56c96c,orbisapi.com,base,other,,false,1.0000,90,92,3,96,2026-07-13T07:34:12.435+00:00
https://orbisapi.com/proxy/structured-data-validator-api-087bdd,orbisapi.com,base,other,,false,1.0000,83,93,6,96,2026-07-14T06:19:01.844+00:00
https://orbisapi.com/proxy/structured-data-validator-api-087bdd/lookup,orbisapi.com,base;solana:5eykt4usfv8p8njdtrepy1vzqkqzkvdp,other,,false,1.0000,50,50,3,97,2026-07-11T06:11:36.982+00:00
https://orbisapi.com/proxy/structured-data-validator-api-cabf3e,orbisapi.com,base,other,,false,1.0000,51,54,3,97,2026-07-17T06:18:24.104+00:00
https://orbisapi.com/proxy/structured-data-validator-api-cabf3e/info,orbisapi.com,base;solana:5eykt4usfv8p8njdtrepy1vzqkqzkvdp,other,,false,1.0000,49,51,3,97,2026-07-11T06:11:43.16+00:00
https://orbisapi.com/proxy/structured-web-reader-api-b47d0a,orbisapi.com,base,other,,false,1.0000,48,49,3,97,2026-07-17T06:13:47.066+00:00
https://orbisapi.com/proxy/student-engagement-score-api-422022,orbisapi.com,base,other,,false,1.0000,32,33,3,97,2026-07-12T06:10:32.934+00:00
https://orbisapi.com/proxy/student-loan-calculator-api-571edb,orbisapi.com,base,other,,false,1.0000,63,93,3,96,2026-07-14T06:25:10.202+00:00
https://orbisapi.com/proxy/study-group-match-api-1ed329,orbisapi.com,base,other,,false,1.0000,30,32,3,97,2026-07-12T06:10:34.345+00:00
https://orbisapi.com/proxy/study-schedule-api-18f678,orbisapi.com,base,other,,false,1.0000,32,35,3,97,2026-07-12T06:12:40.206+00:00
https://orbisapi.com/proxy/study-schedule-optimizer-api-3568e0,orbisapi.com,base,other,,false,1.0000,90,90,3,96,2026-07-13T07:38:00.785+00:00
https://orbisapi.com/proxy/style-guides-481058,orbisapi.com,base,other,,false,1.0000,83,123,3,96,2026-07-16T06:35:44.83+00:00
https://orbisapi.com/proxy/style-transfer-score-api-36f363,orbisapi.com,base,other,,false,1.0000,47,49,3,97,2026-07-11T06:14:15.46+00:00
https://orbisapi.com/proxy/subcontractor-score-api-8c5ab4,orbisapi.com,base,other,,false,1.0000,49,49,3,97,2026-07-11T06:14:09.118+00:00
https://orbisapi.com/proxy/subdomain-scan-027ecd,orbisapi.com,base,other,,false,1.0000,45,58,3,97,2026-07-15T05:52:14.513+00:00
https://orbisapi.com/proxy/subject-coverage-score-api-e27973,orbisapi.com,base,other,,false,1.0000,49,49,3,97,2026-07-11T06:14:04.343+00:00
https://orbisapi.com/proxy/submittal-log-score-api-9a2299,orbisapi.com,base,other,,false,1.0000,46,50,3,97,2026-07-11T06:14:13.342+00:00
https://orbisapi.com/proxy/subnet-mask-info-api-a0f6cc,orbisapi.com,base,other,,false,1.0000,41,76,6,97,2026-07-12T06:09:35.023+00:00
https://orbisapi.com/proxy/subrogation-score-api-80856b,orbisapi.com,base,other,,false,1.0000,29,30,3,97,2026-07-12T06:10:37.404+00:00
https://orbisapi.com/proxy/subscriber-churn-score-api-c47a88,orbisapi.com,base,other,,false,1.0000,32,33,3,97,2026-07-12T06:10:33.075+00:00
https://orbisapi.com/proxy/subscription-box-designer-api-f07d7e,orbisapi.com,base,other,,false,1.0000,90,90,3,96,2026-07-13T07:37:53.13+00:00
https://orbisapi.com/proxy/subscription-churn-modeler-api-5fee92,orbisapi.com,base,other,,false,1.0000,90,93,3,96,2026-07-13T07:39:02.746+00:00
https://orbisapi.com/proxy/subscription-cost-tracker-api-721106,orbisapi.com,base,other,,false,1.0000,33,33,3,97,2026-07-12T06:12:38.651+00:00
https://orbisapi.com/proxy/subscription-pricing-optimizer-api-6d9546,orbisapi.com,base;solana:5eykt4usfv8p8njdtrepy1vzqkqzkvdp,other,,false,1.0000,90,92,3,96,2026-07-13T07:36:08.046+00:00
https://orbisapi.com/proxy/subscription-revenue-calculator-api-6d3919,orbisapi.com,base,other,,false,1.0000,30,33,3,97,2026-07-12T06:10:30.699+00:00
https://orbisapi.com/proxy/subsidence-risk-calculator-api-ab2b8b,orbisapi.com,base,other,,false,1.0000,50,59,3,97,2026-07-11T06:17:01.325+00:00
https://orbisapi.com/proxy/succession-planner-api-99de5e,orbisapi.com,base,other,,false,1.0000,90,94,3,96,2026-07-13T07:37:49.598+00:00
https://orbisapi.com/proxy/succession-readiness-score-api-bd9f4b,orbisapi.com,base,other,,false,1.0000,30,35,3,97,2026-07-12T06:10:33.757+00:00
https://orbisapi.com/proxy/succession-risk-scorer-api-778e8e,orbisapi.com,base,other,,false,1.0000,49,53,3,97,2026-07-17T06:18:27.224+00:00
https://orbisapi.com/proxy/succulent-guide-981aa2,orbisapi.com,base,other,,false,1.0000,77,86,3,96,2026-07-16T06:36:03.761+00:00
https://orbisapi.com/proxy/sulfite-dose-calculator-api-74f31e,orbisapi.com,base,other,,false,1.0000,48,50,3,97,2026-07-11T06:14:04.81+00:00
https://orbisapi.com/proxy/sun-times-calculator-api-deb200,orbisapi.com,base,other,,false,1.0000,48,52,3,97,2026-07-17T06:15:53.014+00:00
https://orbisapi.com/proxy/supplement-dose-calculator-api-296262,orbisapi.com,base,other,,false,1.0000,48,51,3,97,2026-07-17T06:16:01.401+00:00
https://orbisapi.com/proxy/supplement-efficacy-score-api-08f461,orbisapi.com,base,other,,false,1.0000,48,50,3,97,2026-07-11T06:14:09.351+00:00
https://orbisapi.com/proxy/supplier-concentration-score-api-d2ec80,orbisapi.com,base,other,,false,1.0000,31,31,3,97,2026-07-12T06:10:37.546+00:00
https://orbisapi.com/proxy/supplier-financial-health-score-api-08406c,orbisapi.com,base,other,,false,1.0000,47,48,3,97,2026-07-11T06:14:06.72+00:00
https://orbisapi.com/proxy/supplier-scorecard-api-7709fb,orbisapi.com,base,other,,false,1.0000,31,34,3,97,2026-07-12T06:12:37.363+00:00
https://orbisapi.com/proxy/supply-and-demand-c809a2,orbisapi.com,base,other,,false,1.0000,51,51,3,97,2026-07-17T06:16:54.653+00:00
https://orbisapi.com/proxy/supply-chain-emissions-api-6a7dec,orbisapi.com,base,other,,false,1.0000,31,37,3,97,2026-07-12T06:10:34.649+00:00
https://orbisapi.com/proxy/supply-chain-risk-api-d83d93,orbisapi.com,base,other,,false,1.0000,91,94,3,96,2026-07-13T07:39:00.882+00:00
https://orbisapi.com/proxy/supply-chain-risk-score-api-19a55a,orbisapi.com,base,other,,false,1.0000,32,33,3,97,2026-07-12T06:10:38.93+00:00
https://orbisapi.com/proxy/supply-chain-terms-api-e28d33,orbisapi.com,base,other,,false,1.0000,79,84,3,97,2026-07-16T06:40:52.931+00:00
https://orbisapi.com/proxy/supply-chain-transparency-scorer-api-7f5883/openapi,orbisapi.com,base;solana:5eykt4usfv8p8njdtrepy1vzqkqzkvdp,other,,false,1.0000,48,52,3,97,2026-07-17T06:14:10.027+00:00
https://orbisapi.com/proxy/supply-demand-balancer-api-8de800,orbisapi.com,base,other,,false,1.0000,88,94,3,96,2026-07-13T07:38:58.118+00:00
https://orbisapi.com/proxy/supply-disruption-score-api-02923f,orbisapi.com,base,other,,false,1.0000,32,36,3,97,2026-07-12T06:10:39.078+00:00
https://orbisapi.com/proxy/supply-prepositioning-calculator-api-96b029/validate,orbisapi.com,base;solana:5eykt4usfv8p8njdtrepy1vzqkqzkvdp,other,,false,1.0000,48,52,3,97,2026-07-17T06:14:47.261+00:00
https://orbisapi.com/proxy/supply-visibility-score-api-ee239d,orbisapi.com,base,other,,false,1.0000,31,31,3,97,2026-07-12T06:10:35.207+00:00
https://orbisapi.com/proxy/supported-languages-list-1c7777,orbisapi.com,base,other,,false,1.0000,41,43,3,97,2026-07-15T05:51:59.839+00:00
https://orbisapi.com/proxy/surf-wave-score-api-b4997c,orbisapi.com,base,other,,false,1.0000,48,52,3,97,2026-07-11T06:14:04.111+00:00
https://orbisapi.com/proxy/surface-area-calculator-api-605ac1,orbisapi.com,base,other,,false,1.0000,30,32,3,97,2026-07-12T06:10:32.794+00:00
https://orbisapi.com/proxy/surface-finish-score-api-b9a1d9,orbisapi.com,base,other,,false,1.0000,47,51,3,97,2026-07-11T06:14:01.971+00:00
https://orbisapi.com/proxy/surface-roughness-score-api-a2b1ef,orbisapi.com,base,other,,false,1.0000,34,36,3,97,2026-07-12T06:10:34.061+00:00
https://orbisapi.com/proxy/surname-origin-classifier-api-2ac5df,orbisapi.com,base,other,,false,1.0000,32,33,3,97,2026-07-12T06:10:37.248+00:00
https://orbisapi.com/proxy/surveillance-coverage-score-api-f1e1fa,orbisapi.com,base,other,,false,1.0000,31,35,3,97,2026-07-12T06:09:50.67+00:00
https://orbisapi.com/proxy/survey-question-designer-api-91342c,orbisapi.com,base,other,,false,1.0000,90,90,3,96,2026-07-13T07:38:24.427+00:00
https://orbisapi.com/proxy/sustainability-certification-score-api-082fe3,orbisapi.com,base,other,,false,1.0000,47,48,3,97,2026-07-11T06:14:01.02+00:00
https://orbisapi.com/proxy/sustainable-architecture-812f1c,orbisapi.com,base,other,,false,1.0000,80,83,3,96,2026-07-16T06:36:02.94+00:00
https://orbisapi.com/proxy/sustainable-architecture-812f1c/info,orbisapi.com,base;solana:5eykt4usfv8p8njdtrepy1vzqkqzkvdp,other,,false,1.0000,50,51,3,97,2026-07-11T06:11:48.422+00:00
https://orbisapi.com/proxy/swap-rate-calculator-api-67fffe,orbisapi.com,base,other,,false,1.0000,32,34,3,97,2026-07-12T06:10:38.651+00:00
https://orbisapi.com/proxy/swift-bic-code-validator-api-2fd3fc/bulk,orbisapi.com,base;solana:5eykt4usfv8p8njdtrepy1vzqkqzkvdp,other,,false,1.0000,51,51,3,97,2026-07-11T06:11:45.284+00:00
https://orbisapi.com/proxy/swift-code-lookup-api-2ed7a1,orbisapi.com,base;solana:5eykt4usfv8p8njdtrepy1vzqkqzkvdp,other,,false,1.0000,29,31,3,97,2026-07-12T06:12:42.321+00:00
https://orbisapi.com/proxy/swift-message-parser-api-9a05e3,orbisapi.com,base,other,,false,1.0000,46,51,3,97,2026-07-11T06:14:02.672+00:00
https://orbisapi.com/proxy/swift-validator-api-57bed5,orbisapi.com,base,other,,false,1.0000,47,47,3,97,2026-07-15T05:48:54.002+00:00
https://orbisapi.com/proxy/swimming-terms-api-a5bfd8,orbisapi.com,base;solana:5eykt4usfv8p8njdtrepy1vzqkqzkvdp,other,,false,1.0000,84,98,3,96,2026-07-16T06:40:14.054+00:00
https://orbisapi.com/proxy/syllable-counter-api-852065,orbisapi.com,base;solana:5eykt4usfv8p8njdtrepy1vzqkqzkvdp,other,,false,1.0000,52,53,3,97,2026-07-17T06:15:30.488+00:00
https://orbisapi.com/proxy/symbiosis-examples-6d5710,orbisapi.com,base;solana:5eykt4usfv8p8njdtrepy1vzqkqzkvdp,other,,false,1.0000,83,106,3,96,2026-07-16T06:41:27.456+00:00
https://orbisapi.com/proxy/symbolic-math-94dd45,orbisapi.com,base,other,,false,1.0000,49,52,3,97,2026-07-15T05:51:54.619+00:00
https://orbisapi.com/proxy/symptom-check-api-72273c,orbisapi.com,base,other,,false,1.0000,42,47,3,97,2026-07-15T05:52:03.307+00:00
https://orbisapi.com/proxy/sync-license-calculator-api-696c64,orbisapi.com,base,other,,false,1.0000,32,34,3,97,2026-07-12T06:10:33.473+00:00
https://orbisapi.com/proxy/synthetic-gems-c6a4a8,orbisapi.com,base,other,,false,1.0000,83,91,3,96,2026-07-16T06:35:48.394+00:00
https://orbisapi.com/proxy/synthetic-id-detect-9221e4,orbisapi.com,base,other,,false,1.0000,41,41,3,97,2026-07-15T05:51:59.667+00:00
https://orbisapi.com/proxy/system-prompt-library-api-83ae46,orbisapi.com,base,other,,false,1.0000,72,76,3,97,2026-07-14T06:26:13.631+00:00
https://orbisapi.com/proxy/system-prompts-guide-api-4b809e,orbisapi.com,base,other,,false,1.0000,91,92,3,96,2026-07-13T07:33:43.479+00:00
https://orbisapi.com/proxy/system-prompts-guide-api-4b809e/validate,orbisapi.com,base;solana:5eykt4usfv8p8njdtrepy1vzqkqzkvdp,other,,false,1.0000,49,53,3,97,2026-07-17T06:14:56.645+00:00
https://orbisapi.com/proxy/t-test-api-50897e,orbisapi.com,base,other,,false,1.0000,42,42,3,97,2026-07-15T05:51:56.763+00:00
https://orbisapi.com/proxy/table-extraction-score-api-9c8d98,orbisapi.com,base,other,,false,1.0000,28,29,3,97,2026-07-12T06:12:41.162+00:00
https://orbisapi.com/proxy/table-turn-calculator-api-89d6b0,orbisapi.com,base,other,,false,1.0000,47,50,3,97,2026-07-11T06:13:59.426+00:00
https://orbisapi.com/proxy/taboo-facts-api-d62348,orbisapi.com,base;solana:5eykt4usfv8p8njdtrepy1vzqkqzkvdp,other,,false,1.0000,81,82,3,97,2026-07-16T06:40:40.24+00:00
https://orbisapi.com/proxy/taekwondo-guide-664f2b,orbisapi.com,base,other,,false,1.0000,80,82,3,97,2026-07-16T06:35:42.936+00:00
https://orbisapi.com/proxy/tail-risk-calculator-api-ab19fe,orbisapi.com,base,other,,false,1.0000,47,49,3,97,2026-07-11T06:13:55.711+00:00
https://orbisapi.com/proxy/tailings-volume-calculator-api-32472d,orbisapi.com,base,other,,false,1.0000,31,36,3,97,2026-07-12T06:10:34.924+00:00
https://orbisapi.com/proxy/take-back-program-calculator-api-a143ff,orbisapi.com,base,other,,false,1.0000,64,69,3,97,2026-07-14T06:22:39.025+00:00
https://orbisapi.com/proxy/talent-density-score-api-db0996,orbisapi.com,base,other,,false,1.0000,49,83,3,96,2026-07-11T06:13:58.379+00:00
https://orbisapi.com/proxy/tam-sam-som-calculator-api-68482d,orbisapi.com,base,other,,false,1.0000,49,51,3,97,2026-07-17T06:17:59.871+00:00
https://orbisapi.com/proxy/tariff-code-lookup-api-ec3c7e,orbisapi.com,base;solana:5eykt4usfv8p8njdtrepy1vzqkqzkvdp,other,,false,1.0000,32,32,3,97,2026-07-12T06:12:37.63+00:00
https://orbisapi.com/proxy/tarot-minor-arcana-49c706,orbisapi.com,base,other,,false,1.0000,82,89,3,96,2026-07-16T06:35:55.63+00:00
https://orbisapi.com/proxy/task-completion-score-api-bce865,orbisapi.com,base,other,,false,1.0000,32,33,3,97,2026-07-12T06:11:30.597+00:00
https://orbisapi.com/proxy/task-complexity-scorer-api-9efd98,orbisapi.com,base,other,,false,1.0000,68,77,3,96,2026-07-14T06:20:54.558+00:00
https://orbisapi.com/proxy/task-decomposer-api-234ce7,orbisapi.com,base,other,,false,1.0000,32,33,3,97,2026-07-12T06:12:40.063+00:00
https://orbisapi.com/proxy/task-manager-api-e40c84,orbisapi.com,base,other,,false,1.0000,42,48,3,97,2026-07-15T05:49:12.646+00:00
https://orbisapi.com/proxy/task-planner-api-67d07b,orbisapi.com,base,other,,false,1.0000,81,88,3,96,2026-07-16T06:39:58.634+00:00
https://orbisapi.com/proxy/task-prioritization-engine-api-37f924,orbisapi.com,base,other,,false,1.0000,86,88,3,96,2026-07-16T06:41:12.775+00:00
https://orbisapi.com/proxy/task-priority-scorer-api-6d6a39,orbisapi.com,base,other,,false,1.0000,90,91,3,96,2026-07-13T07:33:44.389+00:00
https://orbisapi.com/proxy/task-state-tracker-api-c40d44,orbisapi.com,base,other,,false,1.0000,43,43,3,97,2026-07-15T05:49:07.927+00:00
https://orbisapi.com/proxy/tattoo-history-api-3fc0c6,orbisapi.com,base;solana:5eykt4usfv8p8njdtrepy1vzqkqzkvdp,other,,false,1.0000,84,95,3,96,2026-07-16T06:40:20.946+00:00
https://orbisapi.com/proxy/tax-bracket-api-84e54c,orbisapi.com,base,other,,false,1.0000,44,47,3,97,2026-07-15T05:48:54.182+00:00
https://orbisapi.com/proxy/tax-bracket-calculator-api-609ac4,orbisapi.com,base,other,,false,1.0000,91,91,3,96,2026-07-13T07:34:05.506+00:00
https://orbisapi.com/proxy/tax-bracket-calculator-api-86ae37,orbisapi.com,base;solana:5eykt4usfv8p8njdtrepy1vzqkqzkvdp,other,,false,1.0000,93,96,3,96,2026-07-13T07:37:00.788+00:00
https://orbisapi.com/proxy/tax-bracket-calculator-api-b950b6,orbisapi.com,base,other,,false,1.0000,51,52,3,97,2026-07-17T06:16:33.326+00:00
https://orbisapi.com/proxy/tax-bracket-calculator-api-e13426,orbisapi.com,base,other,,false,1.0000,51,53,3,97,2026-07-17T06:13:58.574+00:00
https://orbisapi.com/proxy/tax-calculator-api-cb75bb,orbisapi.com,base,other,,false,1.0000,57,75,3,96,2026-07-15T05:51:31.883+00:00
https://orbisapi.com/proxy/tax-concepts-api-d04642,orbisapi.com,base;solana:5eykt4usfv8p8njdtrepy1vzqkqzkvdp,other,,false,1.0000,81,127,3,96,2026-07-16T06:40:57.607+00:00
https://orbisapi.com/proxy/tax-efficiency-scorer-api-929ad0,orbisapi.com,base;solana:5eykt4usfv8p8njdtrepy1vzqkqzkvdp,other,,false,1.0000,91,92,3,96,2026-07-13T07:37:11.04+00:00
https://orbisapi.com/proxy/tax-events-guide-api-576a3c,orbisapi.com,base,other,,false,1.0000,90,97,3,96,2026-07-16T06:39:32.124+00:00
https://orbisapi.com/proxy/tax-exempt-status-checker-api-80f882,orbisapi.com,base,other,,false,1.0000,31,33,3,97,2026-07-12T06:10:37.844+00:00
https://orbisapi.com/proxy/tax-law-basics-bf7173,orbisapi.com,base;solana:5eykt4usfv8p8njdtrepy1vzqkqzkvdp,other,,false,1.0000,79,88,3,96,2026-07-16T06:41:33.041+00:00
https://orbisapi.com/proxy/tax-loss-harvesting-api-92b651/tax/capital-gains,orbisapi.com,base;solana:5eykt4usfv8p8njdtrepy1vzqkqzkvdp,other,,false,1.0000,47,48,3,97,2026-07-11T06:11:59.866+00:00
https://orbisapi.com/proxy/tax-loss-harvesting-calculator-api-0bb30d,orbisapi.com,base;solana:5eykt4usfv8p8njdtrepy1vzqkqzkvdp,other,,false,1.0000,88,91,3,96,2026-07-13T07:35:39.135+00:00
https://orbisapi.com/proxy/taxonomy-coverage-score-api-2686e2,orbisapi.com,base,other,,false,1.0000,32,32,3,97,2026-07-12T06:10:35.066+00:00
https://orbisapi.com/proxy/tcfd-alignment-score-api-014a15,orbisapi.com,base,other,,false,1.0000,57,60,3,97,2026-07-15T05:56:38.79+00:00
https://orbisapi.com/proxy/tcm-pattern-classifier-api-c78097,orbisapi.com,base,other,,false,1.0000,49,53,3,97,2026-07-11T06:14:01.491+00:00
https://orbisapi.com/proxy/tdd-guide-api-0dd444,orbisapi.com,base,other,,false,1.0000,43,47,3,97,2026-07-15T05:49:44.673+00:00
https://orbisapi.com/proxy/tdee-calculator-api-90e4d1,orbisapi.com,base,other,,false,1.0000,90,92,3,96,2026-07-13T07:39:21.284+00:00
https://orbisapi.com/proxy/tea-ceremonies-3e85f2,orbisapi.com,base,other,,false,1.0000,79,80,3,97,2026-07-16T06:35:53.392+00:00
https://orbisapi.com/proxy/tea-health-benefits-325e35,orbisapi.com,base,other,,false,1.0000,83,87,3,96,2026-07-16T06:36:08.138+00:00
https://orbisapi.com/proxy/tea-varieties-138eae,orbisapi.com,base,other,,false,1.0000,89,139,3,96,2026-07-16T06:41:36.339+00:00
https://orbisapi.com/proxy/team-cohesion-score-api-29f7c2,orbisapi.com,base,other,,false,1.0000,31,31,3,97,2026-07-12T06:10:34.785+00:00
https://orbisapi.com/proxy/team-composition-score-api-64e01c,orbisapi.com,base,other,,false,1.0000,31,32,3,97,2026-07-12T06:10:34.199+00:00
https://orbisapi.com/proxy/team-performance-analyzer-api-184788,orbisapi.com,base,other,,false,1.0000,90,91,3,96,2026-07-13T07:36:58.401+00:00
https://orbisapi.com/proxy/team-performance-index-api-923092,orbisapi.com,base;solana:5eykt4usfv8p8njdtrepy1vzqkqzkvdp,other,,false,1.0000,48,48,3,97,2026-07-11T06:13:54.359+00:00
https://orbisapi.com/proxy/team-roster-score-api-bb7e99,orbisapi.com,base,other,,false,1.0000,49,50,3,97,2026-07-11T06:13:57.356+00:00
https://orbisapi.com/proxy/team-velocity-tracker-api-d38874,orbisapi.com,base,other,,false,1.0000,94,109,3,96,2026-07-13T07:38:19.996+00:00
https://orbisapi.com/proxy/tech-debt-estimator-api-acd20e,orbisapi.com,base;solana:5eykt4usfv8p8njdtrepy1vzqkqzkvdp,other,,false,1.0000,90,93,3,96,2026-07-13T07:35:57.923+00:00
https://orbisapi.com/proxy/tech-transfer-score-api-f10a6a,orbisapi.com,base,other,,false,1.0000,32,37,3,97,2026-07-12T06:11:33.585+00:00
https://orbisapi.com/proxy/technical-debt-score-api-3a6947,orbisapi.com,base,other,,false,1.0000,32,33,3,97,2026-07-12T06:10:32.657+00:00
https://orbisapi.com/proxy/technical-indicators-api-15a468,orbisapi.com,base,other,,false,1.0000,51,52,3,97,2026-07-17T06:13:29.203+00:00
https://orbisapi.com/proxy/technical-interview-scorer-api-17bf63,orbisapi.com,base,other,,false,1.0000,90,91,3,96,2026-07-13T07:39:03.97+00:00
https://orbisapi.com/proxy/technical-order-parser-api-bf0923,orbisapi.com,base,other,,false,1.0000,51,56,3,97,2026-07-11T06:14:01.733+00:00
https://orbisapi.com/proxy/technical-writing-a9bbcf,orbisapi.com,base,other,,false,1.0000,88,93,3,96,2026-07-16T06:36:01.813+00:00
https://orbisapi.com/proxy/technology-ethics-ce45d1,orbisapi.com,base,other,,false,1.0000,79,81,3,97,2026-07-16T06:36:08.925+00:00
https://orbisapi.com/proxy/technology-ethics-ce45d1/parse,orbisapi.com,base;solana:5eykt4usfv8p8njdtrepy1vzqkqzkvdp,other,,false,1.0000,50,51,3,97,2026-07-17T06:14:47.49+00:00
https://orbisapi.com/proxy/telecom-cost-calculator-api-ad5be1,orbisapi.com,base,other,,false,1.0000,32,51,3,97,2026-07-12T06:11:32.721+00:00
https://orbisapi.com/proxy/teleconsult-wait-calculator-api-da06b6,orbisapi.com,base,other,,false,1.0000,49,49,3,97,2026-07-11T06:13:57.872+00:00
https://orbisapi.com/proxy/telemetry-anomaly-api-b64ff0,orbisapi.com,base,other,,false,1.0000,93,94,3,96,2026-07-13T07:34:08.857+00:00
https://orbisapi.com/proxy/telescope-calculator-api-74c0ac,orbisapi.com,base,other,,false,1.0000,30,31,3,97,2026-07-12T06:12:37.003+00:00
https://orbisapi.com/proxy/temperature-anomaly-api-97fff5,orbisapi.com,base,other,,false,1.0000,46,48,3,97,2026-07-15T05:49:26.347+00:00
https://orbisapi.com/proxy/tenant-score-api-963edd,orbisapi.com,base,other,,false,1.0000,41,42,3,97,2026-07-15T05:49:28.517+00:00
https://orbisapi.com/proxy/tennis-history-f7db24,orbisapi.com,base,other,,false,1.0000,79,80,3,97,2026-07-16T06:41:36.722+00:00
https://orbisapi.com/proxy/tennis-rankings-api-1d46ab,orbisapi.com,base,other,,false,1.0000,47,47,3,97,2026-07-17T06:16:27.136+00:00
https://orbisapi.com/proxy/tennis-terms-api-fe4165,orbisapi.com,base;solana:5eykt4usfv8p8njdtrepy1vzqkqzkvdp,other,,false,1.0000,96,110,3,96,2026-07-16T06:40:25.619+00:00
https://orbisapi.com/proxy/term-sheet-decoder-api-0fc03e,orbisapi.com,base,other,,false,1.0000,63,64,3,97,2026-07-14T06:19:28.333+00:00
https://orbisapi.com/proxy/termination-value-calculator-api-336d2a,orbisapi.com,base,other,,false,1.0000,47,49,3,97,2026-07-11T06:13:51.347+00:00
https://orbisapi.com/proxy/terms-of-service-grader-api-c9d698,orbisapi.com,base,other,,false,1.0000,89,92,3,96,2026-07-13T07:39:14.747+00:00
https://orbisapi.com/proxy/terms-of-service-guide-api-e4c107,orbisapi.com,base,other,,false,1.0000,78,81,3,97,2026-07-16T06:34:54.08+00:00
https://orbisapi.com/proxy/terraform-module-advisor-api-2d703b,orbisapi.com,base,other,,false,1.0000,94,95,3,96,2026-07-13T07:39:36.461+00:00
https://orbisapi.com/proxy/terraform-resource-counter-api-4ddeaf,orbisapi.com,base,other,,false,1.0000,88,92,3,96,2026-07-13T07:33:44.841+00:00
https://orbisapi.com/proxy/territory-balance-score-api-af695a,orbisapi.com,base;solana:5eykt4usfv8p8njdtrepy1vzqkqzkvdp,other,,false,1.0000,31,32,3,97,2026-07-12T06:10:32.478+00:00
https://orbisapi.com/proxy/territory-planner-api-eecb6d,orbisapi.com,base,other,,false,1.0000,90,93,3,96,2026-07-13T07:35:16.411+00:00
https://orbisapi.com/proxy/territory-size-calculator-api-b32d96,orbisapi.com,base,other,,false,1.0000,48,52,3,97,2026-07-11T06:13:51.115+00:00
https://orbisapi.com/proxy/territory-value-calculator-api-353858,orbisapi.com,base,other,,false,1.0000,49,51,3,97,2026-07-11T06:14:01.254+00:00
https://orbisapi.com/proxy/terroir-classifier-api-28e158,orbisapi.com,base,other,,false,1.0000,50,51,3,97,2026-07-11T06:13:55.955+00:00
https://orbisapi.com/proxy/test-automation-roi-api-116fb7,orbisapi.com,base;solana:5eykt4usfv8p8njdtrepy1vzqkqzkvdp,other,,false,1.0000,89,90,3,96,2026-07-13T07:33:21.443+00:00
https://orbisapi.com/proxy/test-case-generator-api-e6459e,orbisapi.com,base,other,,false,1.0000,65,68,3,97,2026-07-14T06:19:48.535+00:00
https://orbisapi.com/proxy/test-coverage-guide-api-5472a4,orbisapi.com,base,other,,false,1.0000,43,46,3,97,2026-07-15T05:49:43.755+00:00
https://orbisapi.com/proxy/test-coverage-intel-api-11b566,orbisapi.com,base;solana:5eykt4usfv8p8njdtrepy1vzqkqzkvdp,other,,false,1.0000,48,49,3,97,2026-07-11T06:14:59.302+00:00
https://orbisapi.com/proxy/test-coverage-roi-calculator-api-ca7a8c,orbisapi.com,base;solana:5eykt4usfv8p8njdtrepy1vzqkqzkvdp,other,,false,1.0000,88,93,3,96,2026-07-13T07:35:45.536+00:00
https://orbisapi.com/proxy/test-coverage-score-api-c262e0,orbisapi.com,base,other,,false,1.0000,90,95,3,96,2026-07-13T07:33:56.039+00:00
https://orbisapi.com/proxy/test-fixtures-guide-api-665ac3,orbisapi.com,base;solana:5eykt4usfv8p8njdtrepy1vzqkqzkvdp,other,,false,1.0000,42,47,3,97,2026-07-15T05:49:53.251+00:00
https://orbisapi.com/proxy/test-pyramid-score-api-7c9b8a,orbisapi.com,base,other,,false,1.0000,32,33,3,97,2026-07-12T06:11:31.44+00:00
https://orbisapi.com/proxy/text-case-converter-api-724286,orbisapi.com,base,other,,false,1.0000,50,50,3,97,2026-07-17T06:15:40.027+00:00
https://orbisapi.com/proxy/text-case-converter-api-d28f30/validate,orbisapi.com,base;solana:5eykt4usfv8p8njdtrepy1vzqkqzkvdp,other,,false,1.0000,48,49,3,97,2026-07-11T06:11:46.245+00:00
https://orbisapi.com/proxy/text-chunker-api-ee9bef,orbisapi.com,base,other,,false,1.0000,89,94,3,96,2026-07-13T07:34:14.51+00:00
https://orbisapi.com/proxy/text-chunker-rag-splitter-api-1df0ea,orbisapi.com,base,other,,false,1.0000,44,49,3,97,2026-07-15T05:48:57.846+00:00
https://orbisapi.com/proxy/text-chunking-strategies-api-3892bd,orbisapi.com,base,other,,false,1.0000,68,70,3,97,2026-07-14T06:20:50.081+00:00
https://orbisapi.com/proxy/text-cleaner-api-b05b4a,orbisapi.com,base,other,,false,1.0000,89,113,3,96,2026-07-13T07:34:28.437+00:00
https://orbisapi.com/proxy/text-complexity-analyzer-api-e51633,orbisapi.com,base,other,,false,1.0000,51,51,3,97,2026-07-17T06:14:45.795+00:00
https://orbisapi.com/proxy/text-deduplicator-api-014347,orbisapi.com,base,other,,false,1.0000,89,129,6,96,2026-07-14T06:18:06.65+00:00
https://orbisapi.com/proxy/text-diff-api-983f42,orbisapi.com,base,other,,false,1.0000,47,49,3,97,2026-07-17T06:15:39.561+00:00
https://orbisapi.com/proxy/text-diff-comparison-api-f9e465,orbisapi.com,base,other,,false,1.0000,51,55,3,97,2026-07-17T06:13:44.859+00:00
https://orbisapi.com/proxy/text-embedding-search-578063,orbisapi.com,base,other,,false,1.0000,42,45,3,97,2026-07-15T05:51:58.003+00:00
https://orbisapi.com/proxy/text-encoder-api-c7406d,orbisapi.com,base,other,,false,1.0000,61,62,3,97,2026-07-14T06:26:18.021+00:00
https://orbisapi.com/proxy/text-encoding-converter-api-9f772e,orbisapi.com,base,other,,false,1.0000,51,51,3,97,2026-07-17T06:13:48.282+00:00
https://orbisapi.com/proxy/text-format-converter-api-f087cd,orbisapi.com,base,other,,false,1.0000,82,83,3,97,2026-07-16T06:39:51.581+00:00
https://orbisapi.com/proxy/text-language-identify-92bbea,orbisapi.com,base,other,,false,1.0000,42,44,3,97,2026-07-15T05:52:14.918+00:00
https://orbisapi.com/proxy/text-normalizer-api-e02018,orbisapi.com,base;solana:5eykt4usfv8p8njdtrepy1vzqkqzkvdp,other,,false,1.0000,31,33,3,97,2026-07-12T06:12:35.015+00:00
https://orbisapi.com/proxy/text-readability-scorer-api-f12b5f,orbisapi.com,base,other,,false,1.0000,47,49,3,97,2026-07-17T06:13:56.92+00:00
https://orbisapi.com/proxy/text-repeater-api-a7b873,orbisapi.com,base;solana:5eykt4usfv8p8njdtrepy1vzqkqzkvdp,other,,false,1.0000,49,50,3,97,2026-07-17T06:15:30.714+00:00
https://orbisapi.com/proxy/text-romanize-82c332,orbisapi.com,base;solana:5eykt4usfv8p8njdtrepy1vzqkqzkvdp,other,,false,1.0000,48,63,3,97,2026-07-15T05:52:01.861+00:00
https://orbisapi.com/proxy/text-similarity-api-adb5e6,orbisapi.com,base,other,,false,1.0000,50,56,3,97,2026-07-17T06:16:25.318+00:00
https://orbisapi.com/proxy/text-similarity-calculator-api-3f2691,orbisapi.com,base,other,,false,1.0000,42,56,3,97,2026-07-15T05:56:18.588+00:00
https://orbisapi.com/proxy/text-statistics-api-063517,orbisapi.com,base,other,,false,1.0000,47,52,3,97,2026-07-17T06:13:45.892+00:00
https://orbisapi.com/proxy/text-stats-api-581aef,orbisapi.com,base,other,,false,1.0000,72,75,3,96,2026-07-14T06:24:53.746+00:00
https://orbisapi.com/proxy/text-stats-api-c8e203,orbisapi.com,base,other,,false,1.0000,63,68,3,97,2026-07-14T06:19:54.082+00:00
https://orbisapi.com/proxy/text-stats-calculator-api-371da6,orbisapi.com,base,other,,false,1.0000,50,53,3,97,2026-07-17T06:18:45.905+00:00
https://orbisapi.com/proxy/text-summarize-dbf7f1,orbisapi.com,base;solana:5eykt4usfv8p8njdtrepy1vzqkqzkvdp,other,,false,1.0000,45,50,3,97,2026-07-15T05:52:02.046+00:00
https://orbisapi.com/proxy/text-summarizer-api-4a36f9,orbisapi.com,base,other,,false,1.0000,48,50,3,97,2026-07-17T06:13:56.222+00:00
https://orbisapi.com/proxy/text-summarizer-scorer-api-aadc63,orbisapi.com,base,other,,false,1.0000,91,93,3,96,2026-07-13T07:41:08.513+00:00
https://orbisapi.com/proxy/text-to-structured-data-api-286b2d,orbisapi.com,base,other,,false,1.0000,45,50,3,97,2026-07-17T06:16:33.085+00:00
https://orbisapi.com/proxy/text-tone-detector-api-a1bb7e,orbisapi.com,base,other,,false,1.0000,90,95,3,96,2026-07-13T07:40:36.856+00:00
https://orbisapi.com/proxy/text-translate-e12c39,orbisapi.com,base,other,,false,1.0000,43,47,3,97,2026-07-15T05:52:12.636+00:00
https://orbisapi.com/proxy/text-truncator-api-692bde,orbisapi.com,base,other,,false,1.0000,69,69,3,97,2026-07-14T06:19:53.743+00:00
https://orbisapi.com/proxy/text-truncator-api-caae31,orbisapi.com,base;solana:5eykt4usfv8p8njdtrepy1vzqkqzkvdp,other,,false,1.0000,41,45,3,97,2026-07-15T05:51:39.37+00:00
https://orbisapi.com/proxy/text-word-frequency-api-5af2fc/parse,orbisapi.com,base;solana:5eykt4usfv8p8njdtrepy1vzqkqzkvdp,other,,false,1.0000,50,51,3,97,2026-07-11T06:11:46.002+00:00
https://orbisapi.com/proxy/textile-compliance-score-api-253374,orbisapi.com,base,other,,false,1.0000,49,49,3,97,2026-07-11T06:13:48.921+00:00
https://orbisapi.com/proxy/theater-terms-api-2f183d,orbisapi.com,base,other,,false,1.0000,94,121,3,96,2026-07-16T06:40:43.406+00:00
https://orbisapi.com/proxy/theory-of-impact-score-api-dd2fea/score,orbisapi.com,base;solana:5eykt4usfv8p8njdtrepy1vzqkqzkvdp,other,,false,1.0000,48,51,3,97,2026-07-17T06:14:39.968+00:00
https://orbisapi.com/proxy/therapeutic-index-calculator-api-d4c44d,orbisapi.com,base,other,,false,1.0000,30,33,3,97,2026-07-12T06:10:29.424+00:00
https://orbisapi.com/proxy/thermal-junction-calculator-api-9d0b38,orbisapi.com,base,other,,false,1.0000,48,51,3,97,2026-07-11T06:13:50.22+00:00
https://orbisapi.com/proxy/thermal-profile-score-api-0db490,orbisapi.com,base,other,,false,1.0000,48,51,3,97,2026-07-11T06:13:54.126+00:00
https://orbisapi.com/proxy/thin-film-thickness-api-09404c,orbisapi.com,base;solana:5eykt4usfv8p8njdtrepy1vzqkqzkvdp,other,,false,1.0000,54,62,3,97,2026-07-15T05:56:05.13+00:00
https://orbisapi.com/proxy/third-party-risk-score-api-09e5d2,orbisapi.com,base,other,,false,1.0000,48,49,3,97,2026-07-11T06:13:48.421+00:00
https://orbisapi.com/proxy/thread-density-calculator-api-9d7472,orbisapi.com,base,other,,false,1.0000,47,48,3,97,2026-07-11T06:14:02.433+00:00
https://orbisapi.com/proxy/threat-intelligence-api-054edb,orbisapi.com,base,other,,false,1.0000,42,44,3,97,2026-07-15T05:49:11.005+00:00
https://orbisapi.com/proxy/threat-model-builder-api-4c9eae,orbisapi.com,base;solana:5eykt4usfv8p8njdtrepy1vzqkqzkvdp,other,,false,1.0000,55,55,3,97,2026-07-17T06:16:56.88+00:00
https://orbisapi.com/proxy/threat-scorer-api-7c9774,orbisapi.com,base,other,,false,1.0000,81,95,6,96,2026-07-14T06:19:07.204+00:00
https://orbisapi.com/proxy/thumbnail-score-api-4ae16b,orbisapi.com,base,other,,false,1.0000,32,34,3,97,2026-07-12T06:12:24.037+00:00
https://orbisapi.com/proxy/ticket-priority-scorer-api-498840/info,orbisapi.com,base;solana:5eykt4usfv8p8njdtrepy1vzqkqzkvdp,other,,false,1.0000,50,51,3,97,2026-07-17T06:14:51.008+00:00
https://orbisapi.com/proxy/tiktok-profile-videos-api-b2b9d2,orbisapi.com,base,other,,false,1.0000,51,51,3,97,2026-07-17T06:17:36.262+00:00
https://orbisapi.com/proxy/tile-count-calculator-api-b5b75d,orbisapi.com,base,other,,false,1.0000,31,36,3,97,2026-07-12T06:10:29.68+00:00
https://orbisapi.com/proxy/tillage-practice-score-api-619d49,orbisapi.com,base,other,,false,1.0000,75,75,3,96,2026-07-14T06:22:33.87+00:00
https://orbisapi.com/proxy/time-allocation-calculator-api-c33801,orbisapi.com,base,other,,false,1.0000,32,37,3,97,2026-07-12T06:10:28.29+00:00
https://orbisapi.com/proxy/time-block-calculator-api-6731cf,orbisapi.com,base,other,,false,1.0000,32,33,3,97,2026-07-12T06:12:29.99+00:00
https://orbisapi.com/proxy/time-difference-calculator-api-d55b2c,orbisapi.com,base,other,,false,1.0000,63,73,3,97,2026-07-14T06:25:49.01+00:00
https://orbisapi.com/proxy/time-format-converter-api-650fa3,orbisapi.com,base,other,,false,1.0000,51,56,3,97,2026-07-17T06:15:55.963+00:00
https://orbisapi.com/proxy/time-of-death-calculator-api-70c52b,orbisapi.com,base,other,,false,1.0000,50,51,3,97,2026-07-11T06:13:56.191+00:00
https://orbisapi.com/proxy/time-of-use-calculator-api-01fdb8,orbisapi.com,base,other,,false,1.0000,49,52,3,97,2026-07-11T06:13:47.904+00:00
https://orbisapi.com/proxy/time-off-calculator-api-2a745f,orbisapi.com,base,other,,false,1.0000,80,92,6,97,2026-07-14T06:18:38.84+00:00
https://orbisapi.com/proxy/time-overlap-calculator-api-be57cd,orbisapi.com,base,other,,false,1.0000,33,46,3,97,2026-07-12T06:12:33.095+00:00
https://orbisapi.com/proxy/time-series-format-013a24,orbisapi.com,base;solana:5eykt4usfv8p8njdtrepy1vzqkqzkvdp,other,,false,1.0000,45,60,3,97,2026-07-15T05:52:14.114+00:00
https://orbisapi.com/proxy/time-series-smoother-api-7081e5,orbisapi.com,base,other,,false,1.0000,91,92,3,96,2026-07-13T07:39:46.057+00:00
https://orbisapi.com/proxy/time-to-hire-estimator-api-1915ad,orbisapi.com,base,other,,false,1.0000,49,49,3,97,2026-07-17T06:18:14.693+00:00
https://orbisapi.com/proxy/time-unit-conversion-api-4eee01,orbisapi.com,base;solana:5eykt4usfv8p8njdtrepy1vzqkqzkvdp,other,,false,1.0000,42,47,3,97,2026-07-15T05:49:27.652+00:00
https://orbisapi.com/proxy/time-until-event-193753,orbisapi.com,base;solana:5eykt4usfv8p8njdtrepy1vzqkqzkvdp,other,,false,1.0000,41,43,3,97,2026-07-15T05:52:03.481+00:00
https://orbisapi.com/proxy/time-zone-overlap-api-402465,orbisapi.com,base;solana:5eykt4usfv8p8njdtrepy1vzqkqzkvdp,other,,false,1.0000,34,37,3,97,2026-07-12T06:12:35.817+00:00
https://orbisapi.com/proxy/time-zone-tools-api-20c1d3,orbisapi.com,base,other,,false,1.0000,64,70,3,97,2026-07-14T06:26:12.903+00:00
https://orbisapi.com/proxy/time-zones-api-73784e,orbisapi.com,base,other,,false,1.0000,53,55,3,97,2026-07-17T06:15:15.251+00:00
https://orbisapi.com/proxy/timestamp-converter-api-0407c9,orbisapi.com,base,other,,false,1.0000,60,72,3,97,2026-07-14T06:19:58.377+00:00
https://orbisapi.com/proxy/timezone-converter-api-15bdb5,orbisapi.com,base,other,,false,1.0000,55,59,3,97,2026-07-17T06:17:02.021+00:00
https://orbisapi.com/proxy/timezone-converter-api-8e67fd,orbisapi.com,base,other,,false,1.0000,78,107,3,96,2026-07-16T06:34:56.498+00:00
https://orbisapi.com/proxy/timezone-converter-api-a37fdc,orbisapi.com,base,other,,false,1.0000,44,49,3,97,2026-07-15T05:51:08.054+00:00
https://orbisapi.com/proxy/timezone-from-address-578701,orbisapi.com,base,other,,false,1.0000,42,49,3,97,2026-07-15T05:51:58.961+00:00
https://orbisapi.com/proxy/timezone-list-api-137cf2,orbisapi.com,base,other,,false,1.0000,48,52,3,97,2026-07-17T06:18:46.366+00:00
https://orbisapi.com/proxy/timezone-list-api-62e4f5,orbisapi.com,base,other,,false,1.0000,41,44,3,97,2026-07-15T05:51:02.191+00:00
https://orbisapi.com/proxy/timezone-map-api-cd7753,orbisapi.com,base;solana:5eykt4usfv8p8njdtrepy1vzqkqzkvdp,other,,false,1.0000,52,54,3,97,2026-07-17T06:16:03.361+00:00
https://orbisapi.com/proxy/timezone-offset-api-0d0cf9,orbisapi.com,base,other,,false,1.0000,42,53,3,97,2026-07-15T05:51:11.144+00:00
https://orbisapi.com/proxy/timezone-recommender-api-9d36bd,orbisapi.com,base,other,,false,1.0000,31,33,3,97,2026-07-12T06:12:31.233+00:00
https://orbisapi.com/proxy/tip-splitter-api-24c5f1,orbisapi.com,base,other,,false,1.0000,49,50,3,97,2026-07-17T06:15:42.399+00:00
https://orbisapi.com/proxy/tipping-point-risk-score-api-ec034b,orbisapi.com,base,other,,false,1.0000,49,53,3,97,2026-07-11T06:13:49.974+00:00
https://orbisapi.com/proxy/tissue-scaffold-score-api-05aca7,orbisapi.com,base,other,,false,1.0000,47,47,3,97,2026-07-11T06:13:53.411+00:00
https://orbisapi.com/proxy/title-tag-optimizer-api-6f1710,orbisapi.com,base,other,,false,1.0000,85,93,6,96,2026-07-14T06:19:02.203+00:00
https://orbisapi.com/proxy/tldr-api-b16114,orbisapi.com,base;solana:5eykt4usfv8p8njdtrepy1vzqkqzkvdp,other,,false,1.0000,42,43,3,97,2026-07-15T05:52:01.481+00:00
https://orbisapi.com/proxy/tls-version-checker-api-8e0d81,orbisapi.com,base,other,,false,1.0000,32,32,3,97,2026-07-12T06:12:31.101+00:00
https://orbisapi.com/proxy/tmj-dysfunction-score-api-35e2b6,orbisapi.com,base,other,,false,1.0000,47,52,3,97,2026-07-11T06:14:02.207+00:00
https://orbisapi.com/proxy/tms-dose-calculator-api-0457ae,orbisapi.com,base,other,,false,1.0000,50,55,3,97,2026-07-11T06:13:58.108+00:00
https://orbisapi.com/proxy/to-slug-api-6bf337,orbisapi.com,base;solana:5eykt4usfv8p8njdtrepy1vzqkqzkvdp,other,,false,1.0000,90,112,6,96,2026-07-13T07:31:43.253+00:00
https://orbisapi.com/proxy/token-amount-format-570424,orbisapi.com,base,other,,false,1.0000,43,45,3,97,2026-07-15T05:51:56.413+00:00
https://orbisapi.com/proxy/token-audit-api-09a2e2,orbisapi.com,base,other,,false,1.0000,44,44,3,97,2026-07-15T05:49:18.086+00:00
https://orbisapi.com/proxy/token-budget-planner-api-13f454,orbisapi.com,base;solana:5eykt4usfv8p8njdtrepy1vzqkqzkvdp,other,,false,1.0000,92,95,3,96,2026-07-13T07:35:53.535+00:00
https://orbisapi.com/proxy/token-cost-calc-c3fa68,orbisapi.com,base,other,,false,1.0000,44,44,3,97,2026-07-15T05:51:54.811+00:00
https://orbisapi.com/proxy/token-counter-api-0efb10,orbisapi.com,base,other,,false,1.0000,64,68,3,97,2026-07-14T06:26:21.219+00:00
https://orbisapi.com/proxy/token-counter-api-ceef8a,orbisapi.com,base;solana:5eykt4usfv8p8njdtrepy1vzqkqzkvdp,other,,false,1.0000,89,92,3,96,2026-07-13T07:37:43.661+00:00
https://orbisapi.com/proxy/token-distribution-api-d22daf,orbisapi.com,base,other,,false,1.0000,54,78,6,97,2026-07-15T05:48:44.09+00:00
https://orbisapi.com/proxy/token-distribution-score-api-e483d7,orbisapi.com,base,other,,false,1.0000,31,37,3,97,2026-07-12T06:10:27.262+00:00
https://orbisapi.com/proxy/token-entropy-api-3a2cfc,orbisapi.com,base,other,,false,1.0000,31,31,3,97,2026-07-12T06:12:30.685+00:00
https://orbisapi.com/proxy/token-holdings-api-6aaf28,orbisapi.com,base;solana:5eykt4usfv8p8njdtrepy1vzqkqzkvdp,other,,false,1.0000,47,48,3,97,2026-07-11T06:17:57.483+00:00
https://orbisapi.com/proxy/token-metadata-api-1bb1fc/token-metadata/openapi.json,orbisapi.com,base,other,,false,1.0000,46,49,3,97,2026-07-11T06:15:04.971+00:00
https://orbisapi.com/proxy/token-patterns-api-b17726,orbisapi.com,base,other,,false,1.0000,62,64,3,97,2026-07-14T06:19:51.239+00:00
https://orbisapi.com/proxy/token-price-lookup-23c862,orbisapi.com,base,other,,false,1.0000,48,49,3,97,2026-07-11T06:15:13.921+00:00
https://orbisapi.com/proxy/token-risk-analyzer-api-cafee6,orbisapi.com,base,other,,false,1.0000,43,51,3,97,2026-07-15T05:49:13.217+00:00
https://orbisapi.com/proxy/token-screener-api-3b9d88,orbisapi.com,base;solana:5eykt4usfv8p8njdtrepy1vzqkqzkvdp,other,,false,1.0000,47,47,3,97,2026-07-11T06:14:03.138+00:00
https://orbisapi.com/proxy/token-unlock-api-963d9f,orbisapi.com,base;solana:5eykt4usfv8p8njdtrepy1vzqkqzkvdp,other,,false,1.0000,90,91,3,96,2026-07-13T07:38:14.926+00:00
https://orbisapi.com/proxy/token-unlock-calculator-api-cc401e,orbisapi.com,base,other,,false,1.0000,33,33,3,97,2026-07-12T06:12:35.529+00:00
https://orbisapi.com/proxy/token-unlock-schedule-api-bf786a,orbisapi.com,base,other,,false,1.0000,49,50,3,97,2026-07-17T06:14:07.725+00:00
https://orbisapi.com/proxy/token-unlock-schedule-api-d7f71d,orbisapi.com,base,other,,false,1.0000,90,90,3,96,2026-07-13T07:40:35+00:00
https://orbisapi.com/proxy/token-unlock-tracker-api-f88741,orbisapi.com,base,other,,false,1.0000,53,71,6,97,2026-07-15T05:48:41.238+00:00
https://orbisapi.com/proxy/token-velocity-calculator-api-a50a68,orbisapi.com,base,other,,false,1.0000,30,32,3,97,2026-07-12T06:10:28.724+00:00
https://orbisapi.com/proxy/token-vesting-api-817fda,orbisapi.com,base,other,,false,1.0000,56,77,6,97,2026-07-15T05:48:46.443+00:00
https://orbisapi.com/proxy/token-vesting-calculator-api-10caa5,orbisapi.com,base;solana:5eykt4usfv8p8njdtrepy1vzqkqzkvdp,other,,false,1.0000,48,51,3,97,2026-07-17T06:15:04.319+00:00
https://orbisapi.com/proxy/tokenization-guide-api-9e45f9,orbisapi.com,base,other,,false,1.0000,60,76,3,97,2026-07-14T06:20:44.531+00:00
https://orbisapi.com/proxy/tokenomics-analyzer-api-3dbff4,orbisapi.com,base,other,,false,1.0000,59,69,6,97,2026-07-15T05:48:42.731+00:00
https://orbisapi.com/proxy/tokenomics-explainer-056903,orbisapi.com,base,other,,false,1.0000,51,51,3,97,2026-07-17T06:15:05.165+00:00
https://orbisapi.com/proxy/tokenomics-score-api-9a27e4,orbisapi.com,base,other,,false,1.0000,82,83,3,97,2026-07-16T06:37:57.878+00:00
https://orbisapi.com/proxy/tolerance-stack-score-api-a23747,orbisapi.com,base,other,,false,1.0000,47,53,3,97,2026-07-11T06:16:45.26+00:00
https://orbisapi.com/proxy/toml-basics-api-9aca0d,orbisapi.com,base;solana:5eykt4usfv8p8njdtrepy1vzqkqzkvdp,other,,false,1.0000,45,49,3,97,2026-07-15T05:50:38.504+00:00
https://orbisapi.com/proxy/tone-analyzer-api-d8c5f4,orbisapi.com,base,other,,false,1.0000,68,79,3,96,2026-07-14T06:21:06.498+00:00
https://orbisapi.com/proxy/tone-detector-api-350fd6,orbisapi.com,base,other,,false,1.0000,51,53,3,97,2026-07-17T06:13:56.689+00:00
https://orbisapi.com/proxy/tone-detector-api-fec6a5,orbisapi.com,base;solana:5eykt4usfv8p8njdtrepy1vzqkqzkvdp,other,,false,1.0000,33,33,3,97,2026-07-12T06:12:28.757+00:00
https://orbisapi.com/proxy/tool-call-parser-api-f40541,orbisapi.com,base,other,,false,1.0000,32,32,3,97,2026-07-12T06:12:30.408+00:00
https://orbisapi.com/proxy/tool-call-validator-api-ab86ae,orbisapi.com,base;solana:5eykt4usfv8p8njdtrepy1vzqkqzkvdp,other,,false,1.0000,91,94,3,96,2026-07-13T07:34:13.796+00:00
https://orbisapi.com/proxy/tool-redundancy-detector-api-4020f3,orbisapi.com,base,other,,false,1.0000,48,50,3,97,2026-07-11T06:13:55.215+00:00
https://orbisapi.com/proxy/tool-selection-score-api-7c7a9f,orbisapi.com,base,other,,false,1.0000,32,33,3,97,2026-07-12T06:09:48.789+00:00
https://orbisapi.com/proxy/topic-clusterer-api-de7efb,orbisapi.com,base,other,,false,1.0000,75,80,3,97,2026-07-16T06:41:07.693+00:00
https://orbisapi.com/proxy/topic-modeler-api-04d26a,orbisapi.com,base,other,,false,1.0000,90,92,3,96,2026-07-13T07:40:41.953+00:00
https://orbisapi.com/proxy/topological-code-score-api-771971,orbisapi.com,base,other,,false,1.0000,34,36,3,97,2026-07-12T06:10:29.969+00:00
https://orbisapi.com/proxy/topology-basics-a5913f,orbisapi.com,base,other,,false,1.0000,80,83,3,96,2026-07-16T06:41:30.96+00:00
https://orbisapi.com/proxy/toponyms-guide-c9209c,orbisapi.com,base,other,,false,1.0000,83,86,3,96,2026-07-16T06:35:53.781+00:00
https://orbisapi.com/proxy/tornado-facts-ad4bd7,orbisapi.com,base;solana:5eykt4usfv8p8njdtrepy1vzqkqzkvdp,other,,false,1.0000,85,88,3,96,2026-07-16T06:35:52.631+00:00
https://orbisapi.com/proxy/tos-readability-scorer-api-443b5a,orbisapi.com,base,other,,false,1.0000,90,92,3,96,2026-07-13T07:36:25.112+00:00
https://orbisapi.com/proxy/tos-readability-scorer-api-99c095,orbisapi.com,base,other,,false,1.0000,51,52,3,97,2026-07-17T06:17:36.033+00:00
https://orbisapi.com/proxy/total-cost-of-ownership-api-a2b171,orbisapi.com,base,other,,false,1.0000,49,50,3,97,2026-07-11T06:13:55.464+00:00
https://orbisapi.com/proxy/touch-target-checker-api-ced9c3,orbisapi.com,base,other,,false,1.0000,32,32,3,97,2026-07-12T06:12:35.675+00:00
https://orbisapi.com/proxy/tour-profit-calculator-api-8aeeca,orbisapi.com,base;solana:5eykt4usfv8p8njdtrepy1vzqkqzkvdp,other,,false,1.0000,31,33,3,97,2026-07-12T06:10:22.967+00:00
https://orbisapi.com/proxy/tournament-bracket-api-9c5333,orbisapi.com,base,other,,false,1.0000,31,33,3,97,2026-07-12T06:12:32.474+00:00
https://orbisapi.com/proxy/tower-coverage-calculator-api-cc2927,orbisapi.com,base,other,,false,1.0000,45,50,3,97,2026-07-11T06:13:49.145+00:00
https://orbisapi.com/proxy/toxicity-grade-classifier-api-5a9978,orbisapi.com,base,other,,false,1.0000,49,50,3,97,2026-07-11T06:13:53.642+00:00
https://orbisapi.com/proxy/toxicity-score-a197ad,orbisapi.com,base,other,,false,1.0000,41,49,3,97,2026-07-15T05:52:14.721+00:00
https://orbisapi.com/proxy/toxicity-scorer-api-816604,orbisapi.com,base,other,,false,1.0000,66,88,3,96,2026-07-14T06:21:11.748+00:00
https://orbisapi.com/proxy/toxicology-interpreter-api-0f798e,orbisapi.com,base;solana:5eykt4usfv8p8njdtrepy1vzqkqzkvdp,other,,false,1.0000,40,48,6,97,2026-07-12T06:09:45.506+00:00
https://orbisapi.com/proxy/trace-evidence-classifier-api-90b956,orbisapi.com,base,other,,false,1.0000,64,70,3,97,2026-07-14T06:22:14.053+00:00
https://orbisapi.com/proxy/track-and-trace-score-api-794835,orbisapi.com,base,other,,false,1.0000,30,32,3,97,2026-07-12T06:10:28.863+00:00
https://orbisapi.com/proxy/trade-compliance-score-api-692147,orbisapi.com,base,other,,false,1.0000,32,32,3,97,2026-07-12T06:10:26.08+00:00
https://orbisapi.com/proxy/trade-credit-score-api-af2d06,orbisapi.com,base,other,,false,1.0000,32,33,3,97,2026-07-12T06:10:27.406+00:00
https://orbisapi.com/proxy/trade-policy-guide-8cfb3d,orbisapi.com,base,other,,false,1.0000,83,97,3,96,2026-07-16T06:35:45.266+00:00
https://orbisapi.com/proxy/trademark-class-identifier-api-3fb4b1,orbisapi.com,base,other,,false,1.0000,52,52,3,97,2026-07-17T06:17:41.687+00:00
https://orbisapi.com/proxy/trademark-lookup-596893,orbisapi.com,base,other,,false,1.0000,44,44,3,97,2026-07-15T05:51:56.94+00:00
https://orbisapi.com/proxy/trademark-risk-score-api-5ac9b4,orbisapi.com,base,other,,false,1.0000,31,32,3,97,2026-07-12T06:10:23.122+00:00
https://orbisapi.com/proxy/trading-dashboard-api-0628ef,orbisapi.com,base,other,,false,1.0000,51,51,3,97,2026-07-17T06:13:38.631+00:00
https://orbisapi.com/proxy/traffic-conversion-calculator-api-7fadd0,orbisapi.com,base,other,,false,1.0000,34,43,3,97,2026-07-12T06:10:28.445+00:00
https://orbisapi.com/proxy/traffic-flow-calculator-api-c8923a,orbisapi.com,base,other,,false,1.0000,33,46,3,97,2026-07-12T06:10:30.262+00:00
https://orbisapi.com/proxy/trail-difficulty-classifier-api-4fc89e,orbisapi.com,base,other,,false,1.0000,47,48,3,97,2026-07-11T06:13:50.469+00:00
https://orbisapi.com/proxy/train-speed-calculator-api-26b5a4,orbisapi.com,base,other,,false,1.0000,30,42,3,97,2026-07-12T06:12:31.375+00:00
https://orbisapi.com/proxy/train-test-split-calculator-api-1006b6,orbisapi.com,base,other,,false,1.0000,48,49,3,97,2026-07-17T06:18:33.855+00:00
https://orbisapi.com/proxy/training-epoch-estimator-api-e1b7a3,orbisapi.com,base,other,,false,1.0000,45,46,3,97,2026-07-15T05:51:21.937+00:00
https://orbisapi.com/proxy/training-roi-calculator-api-1be1c9/bulk,orbisapi.com,base;solana:5eykt4usfv8p8njdtrepy1vzqkqzkvdp,other,,false,1.0000,48,52,3,97,2026-07-11T06:11:57.463+00:00
https://orbisapi.com/proxy/training-roi-calculator-api-9cc7d2,orbisapi.com,base,other,,false,1.0000,33,41,3,97,2026-07-12T06:10:30.414+00:00
https://orbisapi.com/proxy/transaction-categorizer-api-86ebbc,orbisapi.com,base;solana:5eykt4usfv8p8njdtrepy1vzqkqzkvdp,other,,false,1.0000,29,31,3,97,2026-07-12T06:10:26.771+00:00
https://orbisapi.com/proxy/transaction-monitoring-score-api-52b699,orbisapi.com,base,other,,false,1.0000,32,33,3,97,2026-07-12T06:10:25.94+00:00
https://orbisapi.com/proxy/transaction-throughput-api-fc4e83,orbisapi.com,base,other,,false,1.0000,47,49,3,97,2026-07-11T06:16:14.161+00:00
https://orbisapi.com/proxy/transaction-throughput-api-fc4e83/analyze,orbisapi.com,base;solana:5eykt4usfv8p8njdtrepy1vzqkqzkvdp,other,,false,1.0000,48,50,3,97,2026-07-17T06:14:56.892+00:00
https://orbisapi.com/proxy/transcript-quality-score-api-d9ab4a,orbisapi.com,base,other,,false,1.0000,30,31,3,97,2026-07-12T06:10:23.261+00:00
https://orbisapi.com/proxy/transfer-pricing-calculator-api-afb2f1,orbisapi.com,base,other,,false,1.0000,91,92,3,96,2026-07-13T07:35:29.368+00:00
https://orbisapi.com/proxy/transit-score-api-b34fc4,orbisapi.com,base,other,,false,1.0000,33,36,3,97,2026-07-12T06:10:28.133+00:00
https://orbisapi.com/proxy/transit-status-classifier-api-c1388b,orbisapi.com,base,other,,false,1.0000,31,32,3,97,2026-07-12T06:10:26.494+00:00
https://orbisapi.com/proxy/transition-finance-score-api-ddb242,orbisapi.com,base,other,,false,1.0000,41,49,6,97,2026-07-12T06:09:40.848+00:00
https://orbisapi.com/proxy/translation-cost-calculator-api-50d46b,orbisapi.com,base,other,,false,1.0000,31,33,3,97,2026-07-12T06:10:30.552+00:00
https://orbisapi.com/proxy/translation-quality-score-d79998,orbisapi.com,base,other,,false,1.0000,43,47,3,97,2026-07-15T05:52:12.836+00:00
https://orbisapi.com/proxy/translation-reference-api-eb2e6b,orbisapi.com,base,other,,false,1.0000,91,94,3,96,2026-07-13T07:37:40.847+00:00
https://orbisapi.com/proxy/transmission-constraint-watch-api-5f4507,orbisapi.com,base,other,,false,1.0000,52,53,3,97,2026-07-11T06:13:00.823+00:00
https://orbisapi.com/proxy/transponder-code-lookup-api-105d92,orbisapi.com,base;solana:5eykt4usfv8p8njdtrepy1vzqkqzkvdp,other,,false,1.0000,31,32,3,97,2026-07-12T06:10:27.566+00:00
https://orbisapi.com/proxy/transportation-inventions-433ebb,orbisapi.com,base,other,,false,1.0000,76,88,3,96,2026-07-16T06:35:57.624+00:00
https://orbisapi.com/proxy/travel-advisory-check-cf7022,orbisapi.com,base,other,,false,1.0000,45,45,3,97,2026-07-15T05:52:01.307+00:00
https://orbisapi.com/proxy/travel-budget-calculator-api-700157,orbisapi.com,base;solana:5eykt4usfv8p8njdtrepy1vzqkqzkvdp,other,,false,1.0000,31,36,3,97,2026-07-12T06:10:23.406+00:00
https://orbisapi.com/proxy/travel-budget-calculator-api-700157/info,orbisapi.com,base;solana:5eykt4usfv8p8njdtrepy1vzqkqzkvdp,other,,false,1.0000,48,50,3,97,2026-07-17T06:14:36.339+00:00
https://orbisapi.com/proxy/travel-budget-optimizer-api-a22839,orbisapi.com,base;solana:5eykt4usfv8p8njdtrepy1vzqkqzkvdp,other,,false,1.0000,90,92,3,96,2026-07-13T07:37:52.181+00:00
https://orbisapi.com/proxy/travel-currency-calculator-api-46183e,orbisapi.com,base,other,,false,1.0000,31,33,3,97,2026-07-12T06:10:30.107+00:00
https://orbisapi.com/proxy/travel-distance-api-27fe09,orbisapi.com,base,other,,false,1.0000,42,43,3,97,2026-07-15T05:51:59.133+00:00
https://orbisapi.com/proxy/travel-health-advisor-api-909022,orbisapi.com,base,other,,false,1.0000,87,90,3,96,2026-07-13T07:37:52.641+00:00
https://orbisapi.com/proxy/travel-health-score-api-512baa,orbisapi.com,base,other,,false,1.0000,34,35,3,97,2026-07-12T06:10:24.422+00:00
https://orbisapi.com/proxy/travel-insurance-calculator-api-06a048,orbisapi.com,base,other,,false,1.0000,31,34,3,97,2026-07-12T06:12:29.84+00:00
https://orbisapi.com/proxy/travel-planner-api-bb67bc,orbisapi.com,base,other,,false,1.0000,78,80,3,97,2026-07-16T06:35:41.361+00:00
https://orbisapi.com/proxy/travel-tools-api-b41c6c,orbisapi.com,base,other,,false,1.0000,87,89,3,96,2026-07-16T06:34:53.712+00:00
https://orbisapi.com/proxy/treaties-api-5fd56a,orbisapi.com,base;solana:5eykt4usfv8p8njdtrepy1vzqkqzkvdp,other,,false,1.0000,97,105,3,96,2026-07-16T06:40:31.395+00:00
https://orbisapi.com/proxy/treatment-adherence-score-api-1235fd,orbisapi.com,base,other,,false,1.0000,49,50,3,97,2026-07-11T06:14:10.525+00:00
https://orbisapi.com/proxy/tree-database-api-87236e,orbisapi.com,base,other,,false,1.0000,48,50,3,97,2026-07-17T06:16:01.624+00:00
https://orbisapi.com/proxy/tree-database-api-87236e/info,orbisapi.com,base;solana:5eykt4usfv8p8njdtrepy1vzqkqzkvdp,other,,false,1.0000,51,52,3,97,2026-07-11T06:12:01.724+00:00
https://orbisapi.com/proxy/tree-species-80d6ce,orbisapi.com,base,other,,false,1.0000,84,85,3,96,2026-07-16T06:35:48.776+00:00
https://orbisapi.com/proxy/trees-guide-api-c7b90b,orbisapi.com,base;solana:5eykt4usfv8p8njdtrepy1vzqkqzkvdp,other,,false,1.0000,43,44,3,97,2026-07-15T05:49:44.852+00:00
https://orbisapi.com/proxy/trend-alert-score-api-fe25d8,orbisapi.com,base,other,,false,1.0000,38,49,6,97,2026-07-12T06:09:44.537+00:00
https://orbisapi.com/proxy/trial-conversion-score-api-ce4d0f,orbisapi.com,base,other,,false,1.0000,47,55,3,97,2026-07-11T06:13:40.416+00:00
https://orbisapi.com/proxy/tries-guide-api-588a53,orbisapi.com,base;solana:5eykt4usfv8p8njdtrepy1vzqkqzkvdp,other,,false,1.0000,43,48,3,97,2026-07-15T05:49:48.698+00:00
https://orbisapi.com/proxy/trip-budget-planner-api-b99cfe,orbisapi.com,base,other,,false,1.0000,90,92,3,96,2026-07-13T07:38:25.817+00:00
https://orbisapi.com/proxy/trip-insurance-score-api-4e81e1,orbisapi.com,base;solana:5eykt4usfv8p8njdtrepy1vzqkqzkvdp,other,,false,1.0000,31,35,3,97,2026-07-12T06:10:23.548+00:00
https://orbisapi.com/proxy/trip-itinerary-scorer-api-9f3135,orbisapi.com,base;solana:5eykt4usfv8p8njdtrepy1vzqkqzkvdp,other,,false,1.0000,88,91,3,96,2026-07-13T07:37:38.162+00:00
https://orbisapi.com/proxy/trivia-api-538fd9,orbisapi.com,base,other,,false,1.0000,48,53,3,97,2026-07-17T06:17:01.762+00:00
https://orbisapi.com/proxy/trivia-fact-api-720ef9,orbisapi.com,base,other,,false,1.0000,44,46,3,97,2026-07-15T05:51:56.591+00:00
https://orbisapi.com/proxy/trophic-level-calculator-api-a1b05b,orbisapi.com,base,other,,false,1.0000,31,33,3,97,2026-07-12T06:10:27.989+00:00
https://orbisapi.com/proxy/tsp-score-api-ef1383,orbisapi.com,base,other,,false,1.0000,45,47,3,97,2026-07-11T06:14:18.1+00:00
https://orbisapi.com/proxy/tuition-roi-calculator-api-3b432b,orbisapi.com,base,other,,false,1.0000,31,32,3,97,2026-07-12T06:10:24.273+00:00
https://orbisapi.com/proxy/tumor-mutational-burden-api-32ed53,orbisapi.com,base,other,,false,1.0000,49,50,3,97,2026-07-11T06:14:18.568+00:00
https://orbisapi.com/proxy/turnover-cost-calculator-api-1136e0,orbisapi.com,base,other,,false,1.0000,31,34,3,97,2026-07-12T06:11:31.716+00:00
https://orbisapi.com/proxy/turnover-risk-predictor-api-cab2f8,orbisapi.com,base,other,,false,1.0000,93,94,3,96,2026-07-13T07:40:34.342+00:00
https://orbisapi.com/proxy/tutor-match-score-api-2d1072,orbisapi.com,base,other,,false,1.0000,48,53,3,97,2026-07-11T06:13:45.818+00:00
https://orbisapi.com/proxy/tutoring-session-planner-api-e338df,orbisapi.com,base,other,,false,1.0000,103,111,3,96,2026-07-13T07:38:15.922+00:00
https://orbisapi.com/proxy/tweet-thread-generator-api-91ca1a,orbisapi.com,base,other,,false,1.0000,53,56,3,97,2026-07-17T06:16:15.11+00:00
https://orbisapi.com/proxy/twin-coverage-score-api-3e4fe7,orbisapi.com,base,other,,false,1.0000,51,53,3,97,2026-07-11T06:13:45.584+00:00
https://orbisapi.com/proxy/twin-sync-score-api-990a21,orbisapi.com,base,other,,false,1.0000,46,48,3,97,2026-07-11T06:13:41.106+00:00
https://orbisapi.com/proxy/type-coercer-api-b17940,orbisapi.com,base,other,,false,1.0000,73,78,3,96,2026-07-14T06:20:11.684+00:00
https://orbisapi.com/proxy/type-inferencer-api-11f113,orbisapi.com,base,other,,false,1.0000,64,65,3,97,2026-07-14T06:19:42.387+00:00
https://orbisapi.com/proxy/type-scale-calculator-api-152ac5,orbisapi.com,base,other,,false,1.0000,29,29,3,97,2026-07-12T06:10:24.116+00:00
https://orbisapi.com/proxy/umbrella-insurance-api-17b75b,orbisapi.com,base,other,,false,1.0000,60,71,3,97,2026-07-14T06:24:40.115+00:00
https://orbisapi.com/proxy/unicode-lookup-api-79836f,orbisapi.com,base,other,,false,1.0000,45,48,3,97,2026-07-17T06:15:48.075+00:00
https://orbisapi.com/proxy/unit-analysis-api-9ae61e,orbisapi.com,base;solana:5eykt4usfv8p8njdtrepy1vzqkqzkvdp,other,,false,1.0000,31,31,3,97,2026-07-12T06:12:31.676+00:00
https://orbisapi.com/proxy/unit-cohort-economics-api-97908a,orbisapi.com,base,other,,false,1.0000,89,90,3,96,2026-07-13T07:39:32.69+00:00
https://orbisapi.com/proxy/unit-converter-api-20192a,orbisapi.com,base;solana:5eykt4usfv8p8njdtrepy1vzqkqzkvdp,other,,false,1.0000,47,51,3,97,2026-07-17T06:16:08.781+00:00
https://orbisapi.com/proxy/unit-converter-api-9e285b,orbisapi.com,base,other,,false,1.0000,71,71,3,97,2026-07-14T06:26:00.568+00:00
https://orbisapi.com/proxy/unit-converter-api-ed98b3,orbisapi.com,base;solana:5eykt4usfv8p8njdtrepy1vzqkqzkvdp,other,,false,1.0000,82,108,3,96,2026-07-16T06:41:25.421+00:00
https://orbisapi.com/proxy/unit-converter-pro-api-f6bd00,orbisapi.com,base,other,,false,1.0000,78,88,3,96,2026-07-16T06:40:00.964+00:00
https://orbisapi.com/proxy/unit-economics-api-2a328f,orbisapi.com,base,other,,false,1.0000,69,74,3,97,2026-07-14T06:24:48.556+00:00
https://orbisapi.com/proxy/unit-economics-api-aec090,orbisapi.com,base,other,,false,1.0000,79,83,3,96,2026-07-16T06:34:44.213+00:00
https://orbisapi.com/proxy/unit-expression-eval-0ff434,orbisapi.com,base,other,,false,1.0000,42,42,3,97,2026-07-15T05:51:58.781+00:00
https://orbisapi.com/proxy/unit-harmonizer-api-97dfef,orbisapi.com,base,other,,false,1.0000,50,52,3,97,2026-07-11T06:13:40.877+00:00
https://orbisapi.com/proxy/unit-testing-guide-api-f9ed42,orbisapi.com,base;solana:5eykt4usfv8p8njdtrepy1vzqkqzkvdp,other,,false,1.0000,41,46,3,97,2026-07-15T05:49:43.393+00:00
https://orbisapi.com/proxy/unix-timestamp-api-15136e,orbisapi.com,base,other,,false,1.0000,47,48,3,97,2026-07-17T06:15:51.375+00:00
https://orbisapi.com/proxy/unsupervised-learning-guide-api-15a8d6/info,orbisapi.com,base;solana:5eykt4usfv8p8njdtrepy1vzqkqzkvdp,other,,false,1.0000,47,52,3,97,2026-07-17T06:14:43.585+00:00
https://orbisapi.com/proxy/upsell-opportunity-scorer-api-03005b,orbisapi.com,base,other,,false,1.0000,91,91,3,96,2026-07-13T07:36:18.926+00:00
https://orbisapi.com/proxy/upsell-recommender-api-c4d918,orbisapi.com,base,other,,false,1.0000,91,93,6,96,2026-07-14T06:18:19.917+00:00
https://orbisapi.com/proxy/upstream-scale-calculator-api-963454,orbisapi.com,base,other,,false,1.0000,29,31,3,97,2026-07-12T06:10:27.851+00:00
https://orbisapi.com/proxy/uptime-calculator-api-f5f2b1,orbisapi.com,base,other,,false,1.0000,30,31,3,97,2026-07-12T06:12:23.875+00:00
https://orbisapi.com/proxy/urban-heat-island-score-api-aceeed,orbisapi.com,base,other,,false,1.0000,78,92,3,96,2026-07-16T06:39:06.422+00:00
https://orbisapi.com/proxy/urban-mining-calculator-api-79d6e1,orbisapi.com,base,other,,false,1.0000,49,50,3,97,2026-07-11T06:13:41.576+00:00
https://orbisapi.com/proxy/urban-planning-93899f,orbisapi.com,base;solana:5eykt4usfv8p8njdtrepy1vzqkqzkvdp,other,,false,1.0000,80,81,3,97,2026-07-16T06:35:43.7+00:00
https://orbisapi.com/proxy/urban-slang-api-f7093b,orbisapi.com,base,other,,false,1.0000,47,48,3,97,2026-07-17T06:17:05.896+00:00
https://orbisapi.com/proxy/urbanization-facts-cccde1,orbisapi.com,base,other,,false,1.0000,50,148,3,95,2026-07-11T06:15:00.861+00:00
https://orbisapi.com/proxy/urbanization-score-api-f07807,orbisapi.com,base,other,,false,1.0000,32,34,3,97,2026-07-12T06:12:35.39+00:00
https://orbisapi.com/proxy/urinary-system-d418f7,orbisapi.com,base,other,,false,1.0000,86,88,3,96,2026-07-16T06:35:53.024+00:00
https://orbisapi.com/proxy/url-builder-api-aac4f6,orbisapi.com,base,other,,false,1.0000,103,113,3,95,2026-07-14T06:20:16.098+00:00
https://orbisapi.com/proxy/url-decoder-api-07bcc6,orbisapi.com,base,other,,false,1.0000,30,31,3,97,2026-07-12T06:12:43.012+00:00
https://orbisapi.com/proxy/url-domain-extractor-api-929644/format,orbisapi.com,base;solana:5eykt4usfv8p8njdtrepy1vzqkqzkvdp,other,,false,1.0000,52,53,3,97,2026-07-11T06:11:49.135+00:00
https://orbisapi.com/proxy/url-encoder-api-1e66ad,orbisapi.com,base;solana:5eykt4usfv8p8njdtrepy1vzqkqzkvdp,other,,false,1.0000,43,46,3,97,2026-07-15T05:51:27.047+00:00
https://orbisapi.com/proxy/url-parse-detailed-api-534f53/info,orbisapi.com,base;solana:5eykt4usfv8p8njdtrepy1vzqkqzkvdp,other,,false,1.0000,49,51,3,97,2026-07-11T06:11:56.363+00:00
https://orbisapi.com/proxy/url-parser-api-4de726,orbisapi.com,base;solana:5eykt4usfv8p8njdtrepy1vzqkqzkvdp,other,,false,1.0000,47,51,3,97,2026-07-17T06:15:24.757+00:00
https://orbisapi.com/proxy/url-parser-api-a246e4,orbisapi.com,base;solana:5eykt4usfv8p8njdtrepy1vzqkqzkvdp,other,,false,1.0000,43,50,6,97,2026-07-12T06:09:38.948+00:00
https://orbisapi.com/proxy/url-parser-api-d8c0c7,orbisapi.com,base,other,,false,1.0000,67,72,3,97,2026-07-14T06:26:06.439+00:00
https://orbisapi.com/proxy/url-regex-pattern-2a2813,orbisapi.com,base,other,,false,1.0000,42,47,3,97,2026-07-15T05:52:15.691+00:00
https://orbisapi.com/proxy/url-slug-formatter-api-70d7ce,orbisapi.com,base,other,,false,1.0000,50,54,3,97,2026-07-17T06:18:14.468+00:00
https://orbisapi.com/proxy/url-slug-optimizer-api-10574a,orbisapi.com,base,other,,false,1.0000,81,94,6,97,2026-07-14T06:18:53.285+00:00
https://orbisapi.com/proxy/url-summarizer-api-f7cc33,orbisapi.com,base,other,,false,1.0000,48,51,3,97,2026-07-17T06:16:33.552+00:00
https://orbisapi.com/proxy/url-to-text-adb3ed,orbisapi.com,base;solana:5eykt4usfv8p8njdtrepy1vzqkqzkvdp,other,,false,1.0000,42,43,3,97,2026-07-15T05:51:54.423+00:00
https://orbisapi.com/proxy/url-validator-api-036aba,orbisapi.com,base,other,,false,1.0000,49,49,3,97,2026-07-17T06:13:43.892+00:00
https://orbisapi.com/proxy/url-validator-api-81e3ff,orbisapi.com,base,other,,false,1.0000,63,73,3,97,2026-07-14T06:25:02.015+00:00
https://orbisapi.com/proxy/us-national-parks-api-c31479,orbisapi.com,base,other,,false,1.0000,49,49,3,97,2026-07-17T06:15:22.818+00:00
https://orbisapi.com/proxy/us-state-facts-api-b61a51,orbisapi.com,base,other,,false,1.0000,71,77,3,97,2026-07-14T06:21:02.043+00:00
https://orbisapi.com/proxy/us-states-api-e8ec35,orbisapi.com,base,other,,false,1.0000,50,53,3,97,2026-07-17T06:15:41.932+00:00
https://orbisapi.com/proxy/us-zip-code-lookup-api-e2ecdc,orbisapi.com,base;solana:5eykt4usfv8p8njdtrepy1vzqkqzkvdp,other,,false,1.0000,50,50,3,97,2026-07-17T06:16:55.115+00:00
https://orbisapi.com/proxy/usd-to-eur-rate-180b2d,orbisapi.com,base,other,,false,1.0000,42,49,3,97,2026-07-15T05:52:15.119+00:00
https://orbisapi.com/proxy/usdc-amount-format-bba934,orbisapi.com,base,other,,false,1.0000,50,60,3,97,2026-07-15T05:51:58.607+00:00
https://orbisapi.com/proxy/use-of-force-score-api-2d8124,orbisapi.com,base,other,,false,1.0000,49,50,3,97,2026-07-11T06:13:32.454+00:00
https://orbisapi.com/proxy/user-agent-parser-api-0ad499,orbisapi.com,base,other,,false,1.0000,48,53,3,97,2026-07-17T06:16:33.779+00:00
https://orbisapi.com/proxy/user-agent-parser-api-b417bf/validate,orbisapi.com,base;solana:5eykt4usfv8p8njdtrepy1vzqkqzkvdp,other,,false,1.0000,52,55,3,97,2026-07-17T06:14:35.639+00:00
https://orbisapi.com/proxy/user-growth-accounting-api-126f28,orbisapi.com,base,other,,false,1.0000,79,92,6,97,2026-07-14T06:18:38.527+00:00
https://orbisapi.com/proxy/user-intent-classifier-api-8ac68e,orbisapi.com,base,other,,false,1.0000,91,94,3,96,2026-07-13T07:40:39.22+00:00
https://orbisapi.com/proxy/user-research-planner-api-57b483,orbisapi.com,base,other,,false,1.0000,93,95,3,96,2026-07-13T07:37:00.318+00:00
https://orbisapi.com/proxy/user-risk-api-07f7aa,orbisapi.com,base;solana:5eykt4usfv8p8njdtrepy1vzqkqzkvdp,other,,false,1.0000,48,53,3,97,2026-07-17T06:16:18.154+00:00
https://orbisapi.com/proxy/user-story-score-api-a271f7,orbisapi.com,base,other,,false,1.0000,30,31,3,97,2026-07-12T06:10:26.636+00:00
https://orbisapi.com/proxy/utm-builder-api-be1827,orbisapi.com,base,other,,false,1.0000,34,36,3,97,2026-07-12T06:12:33.534+00:00
https://orbisapi.com/proxy/uuid-generator-api-90427a,orbisapi.com,base,other,,false,1.0000,66,70,3,97,2026-07-14T06:26:12.25+00:00
https://orbisapi.com/proxy/uuid-v1-info-api-2e8105,orbisapi.com,base;solana:5eykt4usfv8p8njdtrepy1vzqkqzkvdp,other,,false,1.0000,42,42,3,97,2026-07-15T05:51:07.65+00:00
https://orbisapi.com/proxy/uv-index-calculator-api-81ab49,orbisapi.com,base,other,,false,1.0000,81,81,3,96,2026-07-15T05:55:35.999+00:00
https://orbisapi.com/proxy/vaccination-coverage-score-api-b6cfb3,orbisapi.com,base,other,,false,1.0000,52,53,3,97,2026-07-11T06:13:31.623+00:00
https://orbisapi.com/proxy/vaccine-efficacy-calculator-api-202453,orbisapi.com,base,other,,false,1.0000,32,32,3,97,2026-07-12T06:10:23.981+00:00
https://orbisapi.com/proxy/valuation-calculator-api-8a5dd4,orbisapi.com,base,other,,false,1.0000,47,52,3,97,2026-07-17T06:17:21.301+00:00
https://orbisapi.com/proxy/value-alignment-score-api-6df613,orbisapi.com,base,other,,false,1.0000,43,43,3,97,2026-07-15T05:55:18.502+00:00
https://orbisapi.com/proxy/value-congruence-score-api-a1c823,orbisapi.com,base,other,,false,1.0000,33,33,3,97,2026-07-12T06:10:27.715+00:00
https://orbisapi.com/proxy/value-extractor-api-cca623,orbisapi.com,base,other,,false,1.0000,64,73,3,97,2026-07-14T06:20:12.029+00:00
https://orbisapi.com/proxy/value-investing-api-deaa5b,orbisapi.com,base,other,,false,1.0000,65,69,3,97,2026-07-14T06:26:23.273+00:00
https://orbisapi.com/proxy/variable-name-suggester-api-ff231d,orbisapi.com,base,other,,false,1.0000,69,84,3,96,2026-07-14T06:19:37.313+00:00
https://orbisapi.com/proxy/variable-rate-application-api-bccc1c,orbisapi.com,base,other,,false,1.0000,50,51,3,97,2026-07-11T06:13:37.858+00:00
https://orbisapi.com/proxy/variant-pathogenicity-score-api-1adbd8,orbisapi.com,base,other,,false,1.0000,71,84,3,96,2026-07-14T06:22:07.981+00:00
https://orbisapi.com/proxy/vasicek-model-calculator-api-4dec61,orbisapi.com,base,other,,false,1.0000,49,50,3,97,2026-07-11T06:13:41.343+00:00
https://orbisapi.com/proxy/vat-number-api-b10f53,orbisapi.com,base,other,,false,1.0000,69,72,3,97,2026-07-14T06:21:03.925+00:00
https://orbisapi.com/proxy/vat-number-validation-api-421cc5,orbisapi.com,base;solana:5eykt4usfv8p8njdtrepy1vzqkqzkvdp,other,,false,1.0000,79,88,3,96,2026-07-16T06:34:35.851+00:00
https://orbisapi.com/proxy/vat-number-validator-api-350a19,orbisapi.com,base,other,,false,1.0000,49,54,3,97,2026-07-17T06:13:41.317+00:00
https://orbisapi.com/proxy/vc-return-calculator-api-feb4cf,orbisapi.com,base,other,,false,1.0000,30,34,3,97,2026-07-12T06:10:23.838+00:00
https://orbisapi.com/proxy/vector-databases-guide-api-f075b8,orbisapi.com,base,other,,false,1.0000,64,69,3,97,2026-07-14T06:20:24.726+00:00
https://orbisapi.com/proxy/vector-indexing-guide-api-799796,orbisapi.com,base;solana:5eykt4usfv8p8njdtrepy1vzqkqzkvdp,other,,false,1.0000,42,45,3,97,2026-07-15T05:49:36.254+00:00
https://orbisapi.com/proxy/vector-operations-guide-api-fadafe,orbisapi.com,base;solana:5eykt4usfv8p8njdtrepy1vzqkqzkvdp,other,,false,1.0000,66,73,3,97,2026-07-14T06:20:50.408+00:00
https://orbisapi.com/proxy/vector-similarity-score-3520c4,orbisapi.com,base,other,,false,1.0000,43,48,3,97,2026-07-15T05:52:12.421+00:00
https://orbisapi.com/proxy/vehicle-emissions-score-api-cc1461,orbisapi.com,base;solana:5eykt4usfv8p8njdtrepy1vzqkqzkvdp,other,,false,1.0000,32,35,3,97,2026-07-12T06:10:27.1+00:00
https://orbisapi.com/proxy/vendor-risk-scorer-api-1c7df0,orbisapi.com,base,other,,false,1.0000,31,32,3,97,2026-07-12T06:12:30.827+00:00
https://orbisapi.com/proxy/vendor-risk-scorer-api-bc155b,orbisapi.com,base,other,,false,1.0000,49,52,3,97,2026-07-17T06:17:44.736+00:00
https://orbisapi.com/proxy/vendor-risk-scorer-api-c63806,orbisapi.com,base,other,,false,1.0000,91,112,3,96,2026-07-13T07:36:45.993+00:00
https://orbisapi.com/proxy/vendor-risk-tier-api-062ad1,orbisapi.com,base,other,,false,1.0000,32,32,3,97,2026-07-12T06:12:33.233+00:00
https://orbisapi.com/proxy/vendor-scorecard-api-51e4f3,orbisapi.com,base,other,,false,1.0000,33,34,3,97,2026-07-12T06:11:29.176+00:00
https://orbisapi.com/proxy/vendor-security-score-api-d6a8d9,orbisapi.com,base,other,,false,1.0000,48,49,3,97,2026-07-11T06:13:36.441+00:00
https://orbisapi.com/proxy/venue-capacity-lookup-api-f141d6,orbisapi.com,base,other,,false,1.0000,32,35,3,97,2026-07-12T06:11:26.815+00:00
https://orbisapi.com/proxy/vessel-ais-parser-api-e4bf47,orbisapi.com,base,other,,false,1.0000,31,59,3,96,2026-07-12T06:10:22.658+00:00
https://orbisapi.com/proxy/vet-anesthesia-risk-score-api-efb349,orbisapi.com,base,other,,false,1.0000,32,34,3,97,2026-07-12T06:10:08.02+00:00
https://orbisapi.com/proxy/vet-blood-panel-interpreter-api-6694fc,orbisapi.com,base;solana:5eykt4usfv8p8njdtrepy1vzqkqzkvdp,other,,false,1.0000,29,50,3,97,2026-07-12T06:09:50.53+00:00
https://orbisapi.com/proxy/vet-imaging-quality-score-api-6ccb6b,orbisapi.com,base,other,,false,1.0000,63,67,3,97,2026-07-14T06:25:15.999+00:00
https://orbisapi.com/proxy/vet-urinalysis-score-api-975cc3,orbisapi.com,base,other,,false,1.0000,48,48,3,97,2026-07-11T06:13:38.581+00:00
https://orbisapi.com/proxy/veterinary-nutrition-score-api-eb2f78,orbisapi.com,base,other,,false,1.0000,49,51,3,97,2026-07-11T06:15:23.926+00:00
https://orbisapi.com/proxy/veterinary-pain-scale-api-9d3522,orbisapi.com,base,other,,false,1.0000,49,50,3,97,2026-07-11T06:15:16.313+00:00
https://orbisapi.com/proxy/veterinary-reproduction-calculator-api-d7933c,orbisapi.com,base,other,,false,1.0000,69,88,3,96,2026-07-14T06:22:52.895+00:00
https://orbisapi.com/proxy/veterinary-wound-classifier-api-61b2e4,orbisapi.com,base,other,,false,1.0000,46,47,3,97,2026-07-11T06:13:25.14+00:00
https://orbisapi.com/proxy/vfx-bid-calculator-api-54d65a,orbisapi.com,base,other,,false,1.0000,31,33,3,97,2026-07-12T06:10:17.543+00:00
https://orbisapi.com/proxy/via-current-calculator-api-72fa11,orbisapi.com,base,other,,false,1.0000,50,51,3,97,2026-07-11T06:13:28.653+00:00
https://orbisapi.com/proxy/vibration-fft-score-api-135e9e,orbisapi.com,base,other,,false,1.0000,48,49,3,97,2026-07-11T06:13:41.807+00:00
https://orbisapi.com/proxy/video-analysis-score-api-4e89e9,orbisapi.com,base,other,,false,1.0000,47,49,3,97,2026-07-11T06:13:32.687+00:00
https://orbisapi.com/proxy/viewership-roi-calculator-api-69a3b4,orbisapi.com,base,other,,false,1.0000,40,49,6,97,2026-07-12T06:09:38.79+00:00
https://orbisapi.com/proxy/vigilance-task-score-api-da7906,orbisapi.com,base,other,,false,1.0000,46,47,3,97,2026-07-11T06:13:37.626+00:00
https://orbisapi.com/proxy/viking-age-82c7a6,orbisapi.com,base,other,,false,1.0000,85,88,3,96,2026-07-16T06:35:56.841+00:00
https://orbisapi.com/proxy/vin-decoder-api-4f5f29,orbisapi.com,base,other,,false,1.0000,31,36,3,97,2026-07-12T06:10:22.821+00:00
https://orbisapi.com/proxy/vintage-score-api-5b1801,orbisapi.com,base;solana:5eykt4usfv8p8njdtrepy1vzqkqzkvdp,other,,false,1.0000,49,50,3,97,2026-07-11T06:13:27.315+00:00
https://orbisapi.com/proxy/vinyl-records-7907b2,orbisapi.com,base,other,,false,1.0000,82,83,3,96,2026-07-16T06:35:47.618+00:00
https://orbisapi.com/proxy/viral-content-score-87fc35,orbisapi.com,base,other,,false,1.0000,43,49,3,97,2026-07-15T05:51:56.231+00:00
https://orbisapi.com/proxy/virality-coefficient-api-dcc518,orbisapi.com,base,other,,false,1.0000,89,91,3,96,2026-07-13T07:38:20.461+00:00
https://orbisapi.com/proxy/virality-score-api-0774bf,orbisapi.com,base,other,,false,1.0000,31,32,3,97,2026-07-12T06:12:29.367+00:00
https://orbisapi.com/proxy/virtual-try-on-score-api-64e224,orbisapi.com,base,other,,false,1.0000,51,51,3,97,2026-07-11T06:13:38.819+00:00
https://orbisapi.com/proxy/virtue-ethics-cc601f,orbisapi.com,base,other,,false,1.0000,80,82,3,97,2026-07-16T06:35:40.991+00:00
https://orbisapi.com/proxy/visa-requirement-checker-api-fbdf65,orbisapi.com,base,other,,false,1.0000,91,92,3,96,2026-07-13T07:37:45.081+00:00
https://orbisapi.com/proxy/visa-requirement-lookup-87d140,orbisapi.com,base;solana:5eykt4usfv8p8njdtrepy1vzqkqzkvdp,other,,false,1.0000,44,49,3,97,2026-07-15T05:51:59.49+00:00
https://orbisapi.com/proxy/visa-requirements-api-252573,orbisapi.com,base,other,,false,1.0000,80,81,3,96,2026-07-16T06:35:04.106+00:00
https://orbisapi.com/proxy/vision-score-calculator-api-655cb3,orbisapi.com,base,other,,false,1.0000,31,62,3,96,2026-07-12T06:10:21.131+00:00
https://orbisapi.com/proxy/visitor-engagement-score-api-d7ff4d,orbisapi.com,base,other,,false,1.0000,49,51,3,97,2026-07-11T06:13:45.334+00:00
https://orbisapi.com/proxy/visual-acuity-score-api-dbbb62,orbisapi.com,base,other,,false,1.0000,48,49,3,97,2026-07-11T06:13:34.593+00:00
https://orbisapi.com/proxy/visual-field-score-api-0ee725,orbisapi.com,base,other,,false,1.0000,49,50,3,97,2026-07-11T06:13:28.883+00:00
https://orbisapi.com/proxy/vital-record-classifier-api-7c898f,orbisapi.com,base,other,,false,1.0000,30,47,3,97,2026-07-12T06:10:17.703+00:00
https://orbisapi.com/proxy/vital-signs-api-8c665a/bulk,orbisapi.com,base;solana:5eykt4usfv8p8njdtrepy1vzqkqzkvdp,other,,false,1.0000,50,52,3,97,2026-07-11T06:11:46.486+00:00
https://orbisapi.com/proxy/vitamin-guide-api-32f88f,orbisapi.com,base,other,,false,1.0000,51,53,3,97,2026-07-17T06:16:29.422+00:00
https://orbisapi.com/proxy/viticulture-stress-score-api-6734f1,orbisapi.com,base,other,,false,1.0000,47,58,3,97,2026-07-11T06:13:32.219+00:00
https://orbisapi.com/proxy/vo2-max-estimator-api-414595,orbisapi.com,base,other,,false,1.0000,91,93,3,96,2026-07-13T07:39:23.827+00:00
https://orbisapi.com/proxy/vo2-max-estimator-api-898b2c,orbisapi.com,base;solana:5eykt4usfv8p8njdtrepy1vzqkqzkvdp,other,,false,1.0000,31,32,3,97,2026-07-12T06:12:29.222+00:00
https://orbisapi.com/proxy/vocabulary-complexity-api-5f4ec3,orbisapi.com,base,other,,false,1.0000,90,91,3,96,2026-07-13T07:38:13.992+00:00
https://orbisapi.com/proxy/vocabulary-level-api-49327f,orbisapi.com,base,other,,false,1.0000,32,35,3,97,2026-07-12T06:12:32.104+00:00
https://orbisapi.com/proxy/void-fill-calculator-api-f7b7cb,orbisapi.com,base,other,,false,1.0000,52,52,3,97,2026-07-11T06:16:13.26+00:00
https://orbisapi.com/proxy/voip-quality-score-api-f5859c,orbisapi.com,base,other,,false,1.0000,32,39,3,97,2026-07-12T06:10:21.291+00:00
https://orbisapi.com/proxy/volume-converter-api-d7ff57,orbisapi.com,base,other,,false,1.0000,65,69,3,97,2026-07-14T06:25:57.663+00:00
https://orbisapi.com/proxy/volunteer-hour-calculator-api-cd6a0d,orbisapi.com,base,other,,false,1.0000,31,37,3,97,2026-07-12T06:12:31.822+00:00
https://orbisapi.com/proxy/volunteer-match-scorer-api-081b89,orbisapi.com,base;solana:5eykt4usfv8p8njdtrepy1vzqkqzkvdp,other,,false,1.0000,90,93,3,96,2026-07-13T07:37:28.038+00:00
https://orbisapi.com/proxy/volunteer-score-api-e0c848,orbisapi.com,base,other,,false,1.0000,31,33,3,97,2026-07-12T06:10:22.172+00:00
https://orbisapi.com/proxy/vpn-split-tunnel-score-api-5e2434,orbisapi.com,base,other,,false,1.0000,48,50,3,97,2026-07-11T06:13:36.679+00:00
https://orbisapi.com/proxy/vr-comfort-score-api-71c9c0,orbisapi.com,base,other,,false,1.0000,47,49,3,97,2026-07-11T06:13:40.646+00:00
https://orbisapi.com/proxy/vr-sickness-predictor-api-de8770,orbisapi.com,base,other,,false,1.0000,47,51,3,97,2026-07-11T06:13:29.133+00:00
https://orbisapi.com/proxy/vulnerability-scanner-api-6932f0,orbisapi.com,base,other,,false,1.0000,78,89,6,97,2026-07-14T06:19:06.541+00:00
https://orbisapi.com/proxy/w2-vs-1099-tax-calculator-api-f56fa1,orbisapi.com,base,other,,false,1.0000,92,93,3,96,2026-07-13T07:35:11.139+00:00
https://orbisapi.com/proxy/wacc-calculator-api-44650d,orbisapi.com,base,other,,false,1.0000,48,49,3,97,2026-07-17T06:17:57.023+00:00
https://orbisapi.com/proxy/wake-turbulence-calculator-api-4bc25c,orbisapi.com,base,other,,false,1.0000,50,51,3,97,2026-07-11T06:14:44.667+00:00
https://orbisapi.com/proxy/walkability-score-api-f154ae,orbisapi.com,base,other,,false,1.0000,31,35,3,97,2026-07-12T06:12:29.075+00:00
https://orbisapi.com/proxy/wallet-age-analyzer-api-8185d2,orbisapi.com,base,other,,false,1.0000,88,89,3,96,2026-07-13T07:41:08.972+00:00
https://orbisapi.com/proxy/wallet-age-calculator-api-b20659,orbisapi.com,base,other,,false,1.0000,47,49,3,97,2026-07-17T06:13:48.973+00:00
https://orbisapi.com/proxy/wallet-backup-guide-api-225401,orbisapi.com,base,other,,false,1.0000,82,134,6,95,2026-07-15T05:48:36.903+00:00
https://orbisapi.com/proxy/wallet-balance-check-59999b,orbisapi.com,base,other,,false,1.0000,48,51,3,97,2026-07-11T06:15:07.311+00:00
https://orbisapi.com/proxy/wallet-cluster-score-api-32f2cb,orbisapi.com,base,other,,false,1.0000,42,42,3,97,2026-07-12T06:10:13.943+00:00
https://orbisapi.com/proxy/wallet-comparison-api-1549ae,orbisapi.com,base,other,,false,1.0000,68,73,3,97,2026-07-14T06:26:37.465+00:00
https://orbisapi.com/proxy/wallet-network-detector-api-70bf82,orbisapi.com,base,other,,false,1.0000,47,47,3,97,2026-07-17T06:13:53.593+00:00
https://orbisapi.com/proxy/wallet-portability-score-api-9008a7,orbisapi.com,base,other,,false,1.0000,40,52,6,97,2026-07-12T06:09:37.058+00:00
https://orbisapi.com/proxy/wallet-portfolio-api-931628,orbisapi.com,base;solana:5eykt4usfv8p8njdtrepy1vzqkqzkvdp,other,,false,1.0000,91,95,3,96,2026-07-13T07:33:53.283+00:00
https://orbisapi.com/proxy/wallet-risk-scorer-api-98a4d9,orbisapi.com,base,other,,false,1.0000,69,119,6,96,2026-07-15T05:48:37.389+00:00
https://orbisapi.com/proxy/wallet-security-checker-api-73e784,orbisapi.com,base,other,,false,1.0000,56,65,6,97,2026-07-15T05:48:41.053+00:00
https://orbisapi.com/proxy/wallet-setup-guide-api-46400c,orbisapi.com,base,other,,false,1.0000,71,74,3,97,2026-07-14T06:26:22.618+00:00
https://orbisapi.com/proxy/wallet-threat-scanner-api-d10ca9,orbisapi.com,base,other,,false,1.0000,42,45,3,97,2026-07-15T05:49:17.176+00:00
https://orbisapi.com/proxy/wallet-tx-history-257e1a,orbisapi.com,base,other,,false,1.0000,42,43,3,97,2026-07-15T05:51:53.672+00:00
https://orbisapi.com/proxy/war-and-peace-guide-5bc485,orbisapi.com,base;solana:5eykt4usfv8p8njdtrepy1vzqkqzkvdp,other,,false,1.0000,81,87,3,96,2026-07-16T06:35:51.852+00:00
https://orbisapi.com/proxy/warehouse-location-api-93460e,orbisapi.com,base,other,,false,1.0000,78,94,6,97,2026-07-14T06:18:36.075+00:00
https://orbisapi.com/proxy/warehouse-utilization-api-4e6991,orbisapi.com,base,other,,false,1.0000,65,103,3,95,2026-07-12T06:10:17.395+00:00
https://orbisapi.com/proxy/warranty-claim-rate-api-3b9b55,orbisapi.com,base,other,,false,1.0000,30,30,3,97,2026-07-12T06:10:12.715+00:00
https://orbisapi.com/proxy/wash-sale-detector-api-d371e6,orbisapi.com,base,other,,false,1.0000,40,105,3,95,2026-07-12T06:10:15.487+00:00
https://orbisapi.com/proxy/waste-audit-calculator-api-eb7a73,orbisapi.com,base,other,,false,1.0000,33,33,3,97,2026-07-12T06:10:22.025+00:00
https://orbisapi.com/proxy/waste-to-energy-calculator-api-268053,orbisapi.com,base,other,,false,1.0000,32,104,3,95,2026-07-12T06:10:19.48+00:00
https://orbisapi.com/proxy/watchdog-config-score-api-492604,orbisapi.com,base,other,,false,1.0000,47,47,3,97,2026-07-11T06:15:26.512+00:00
https://orbisapi.com/proxy/water-balance-calculator-api-f1e91f,orbisapi.com,base,other,,false,1.0000,48,49,3,97,2026-07-11T06:15:21.794+00:00
https://orbisapi.com/proxy/water-intake-calculator-api-147372,orbisapi.com,base,other,,false,1.0000,51,51,3,97,2026-07-17T06:16:57.805+00:00
https://orbisapi.com/proxy/water-intake-calculator-api-27e23a,orbisapi.com,base,other,,false,1.0000,49,51,3,97,2026-07-17T06:15:45.991+00:00
https://orbisapi.com/proxy/water-intake-calculator-api-f2d4ec,orbisapi.com,base,other,,false,1.0000,85,92,3,96,2026-07-16T06:40:13.63+00:00
https://orbisapi.com/proxy/water-iot-score-api-a47f55,orbisapi.com,base,other,,false,1.0000,49,50,3,97,2026-07-11T06:13:29.367+00:00
https://orbisapi.com/proxy/water-quality-api-1c1f10,orbisapi.com,base,other,,false,1.0000,42,44,3,97,2026-07-15T05:51:50.143+00:00
https://orbisapi.com/proxy/water-stress-score-api-016864,orbisapi.com,base,other,,false,1.0000,30,33,3,97,2026-07-12T06:10:20.955+00:00
https://orbisapi.com/proxy/water-table-trend-api-2a8247/bulk,orbisapi.com,base;solana:5eykt4usfv8p8njdtrepy1vzqkqzkvdp,other,,false,1.0000,50,50,3,97,2026-07-17T06:14:41.825+00:00
https://orbisapi.com/proxy/wave-force-calculator-api-2230a1,orbisapi.com,base,other,,false,1.0000,48,56,3,97,2026-07-11T06:13:18.196+00:00
https://orbisapi.com/proxy/wave-height-score-api-bbf50b,orbisapi.com,base,other,,false,1.0000,33,37,3,97,2026-07-12T06:10:21.884+00:00
https://orbisapi.com/proxy/wcag-contrast-checker-api-5ede50,orbisapi.com,base,other,,false,1.0000,33,35,3,97,2026-07-12T06:10:10.215+00:00
https://orbisapi.com/proxy/wealth-building-api-ff2505,orbisapi.com,base,other,,false,1.0000,48,49,3,97,2026-07-17T06:18:34.082+00:00
https://orbisapi.com/proxy/wealth-gap-calculator-api-9cbcb8,orbisapi.com,base,other,,false,1.0000,51,53,3,97,2026-07-11T06:13:25.383+00:00
https://orbisapi.com/proxy/weather-alert-parser-api-2bac11,orbisapi.com,base;solana:5eykt4usfv8p8njdtrepy1vzqkqzkvdp,other,,false,1.0000,31,34,3,97,2026-07-12T06:10:18.964+00:00
https://orbisapi.com/proxy/weather-alerts-api-164302,orbisapi.com,base,other,,false,1.0000,57,71,3,96,2026-07-15T05:51:45.416+00:00
https://orbisapi.com/proxy/weather-alerts-api-1c9f02,orbisapi.com,base,other,,false,1.0000,50,50,3,97,2026-07-17T06:16:47.103+00:00
https://orbisapi.com/proxy/weather-alerts-api-1c9f02/validate,orbisapi.com,base;solana:5eykt4usfv8p8njdtrepy1vzqkqzkvdp,other,,false,1.0000,49,49,3,97,2026-07-11T06:13:13.811+00:00
https://orbisapi.com/proxy/weather-astronomical-a1aac3,orbisapi.com,base;solana:5eykt4usfv8p8njdtrepy1vzqkqzkvdp,other,,false,1.0000,43,44,3,97,2026-07-15T05:51:40.016+00:00
https://orbisapi.com/proxy/weather-climate-normal-2d34e8,orbisapi.com,base;solana:5eykt4usfv8p8njdtrepy1vzqkqzkvdp,other,,false,1.0000,42,42,3,97,2026-07-15T05:51:37.475+00:00
https://orbisapi.com/proxy/weather-forecast-7day-503cf1,orbisapi.com,base;solana:5eykt4usfv8p8njdtrepy1vzqkqzkvdp,other,,false,1.0000,44,51,3,97,2026-07-15T05:51:47.511+00:00
https://orbisapi.com/proxy/weather-forecasting-343576,orbisapi.com,base;solana:5eykt4usfv8p8njdtrepy1vzqkqzkvdp,other,,false,1.0000,83,86,3,96,2026-07-16T06:35:07.82+00:00
https://orbisapi.com/proxy/weather-historical-f031d5,orbisapi.com,base,other,,false,1.0000,40,54,3,97,2026-07-15T05:51:45.195+00:00
https://orbisapi.com/proxy/weather-index-api-95b2aa,orbisapi.com,base;solana:5eykt4usfv8p8njdtrepy1vzqkqzkvdp,other,,false,1.0000,32,47,3,97,2026-07-12T06:10:15.66+00:00
https://orbisapi.com/proxy/weather-instruments-26ad80,orbisapi.com,base,other,,false,1.0000,79,80,3,97,2026-07-16T06:35:47.242+00:00
https://orbisapi.com/proxy/weather-marine-64f530,orbisapi.com,base,other,,false,1.0000,43,47,3,97,2026-07-15T05:51:39.825+00:00
https://orbisapi.com/proxy/weather-phenomena-api-efea5c,orbisapi.com,base;solana:5eykt4usfv8p8njdtrepy1vzqkqzkvdp,other,,false,1.0000,100,145,3,95,2026-07-16T06:40:50.59+00:00
https://orbisapi.com/proxy/weather-pollen-count-591e95,orbisapi.com,base;solana:5eykt4usfv8p8njdtrepy1vzqkqzkvdp,other,,false,1.0000,43,44,3,97,2026-07-15T05:51:48.882+00:00
https://orbisapi.com/proxy/weather-routing-score-api-18c3db,orbisapi.com,base,other,,false,1.0000,48,49,3,97,2026-07-11T06:13:16.034+00:00
https://orbisapi.com/proxy/weather-uv-index-165a4b,orbisapi.com,base;solana:5eykt4usfv8p8njdtrepy1vzqkqzkvdp,other,,false,1.0000,42,45,3,97,2026-07-15T05:51:51.286+00:00
https://orbisapi.com/proxy/weave-pattern-classifier-api-a5181a,orbisapi.com,base,other,,false,1.0000,50,54,3,97,2026-07-11T06:13:22.251+00:00
https://orbisapi.com/proxy/web-dev-tools-api-94fe42,orbisapi.com,base,other,,false,1.0000,79,80,3,96,2026-07-16T06:39:55.905+00:00
https://orbisapi.com/proxy/web-fonts-guide-api-685bd5,orbisapi.com,base,other,,false,1.0000,90,92,3,96,2026-07-13T07:33:55.107+00:00
https://orbisapi.com/proxy/web-frameworks-api-79de06/info,orbisapi.com,base;solana:5eykt4usfv8p8njdtrepy1vzqkqzkvdp,other,,false,1.0000,48,48,3,97,2026-07-11T06:12:04.093+00:00
https://orbisapi.com/proxy/web-intelligence-api-6ffe79/competitive_analysis,orbisapi.com,base;solana:5eykt4usfv8p8njdtrepy1vzqkqzkvdp,other,,false,1.0000,49,54,3,97,2026-07-17T06:14:43.12+00:00
https://orbisapi.com/proxy/web-page-fetch-3f7d13,orbisapi.com,base,other,,false,1.0000,44,45,3,97,2026-07-15T05:51:37.675+00:00
https://orbisapi.com/proxy/web-page-fetch-3f7d13/bulk,orbisapi.com,base;solana:5eykt4usfv8p8njdtrepy1vzqkqzkvdp,other,,false,1.0000,48,50,3,97,2026-07-11T06:11:40.743+00:00
https://orbisapi.com/proxy/web-page-fetch-3f7d13/info,orbisapi.com,base;solana:5eykt4usfv8p8njdtrepy1vzqkqzkvdp,other,,false,1.0000,49,50,3,97,2026-07-11T06:11:41.731+00:00
https://orbisapi.com/proxy/web-performance-metrics-api-3cfad3,orbisapi.com,base,other,,false,1.0000,68,72,3,97,2026-07-14T06:20:26.317+00:00
https://orbisapi.com/proxy/web-performance-metrics-api-3cfad3/format,orbisapi.com,base;solana:5eykt4usfv8p8njdtrepy1vzqkqzkvdp,other,,false,1.0000,49,52,3,97,2026-07-11T06:11:40.27+00:00
https://orbisapi.com/proxy/web-scrape-planner-api-e5a1eb,orbisapi.com,base,other,,false,1.0000,88,89,3,96,2026-07-13T07:33:41.188+00:00
https://orbisapi.com/proxy/web-search-query-799138,orbisapi.com,base,other,,false,1.0000,41,44,3,97,2026-07-15T05:51:45.802+00:00
https://orbisapi.com/proxy/web-search-query-799138/bulk,orbisapi.com,base;solana:5eykt4usfv8p8njdtrepy1vzqkqzkvdp,other,,false,1.0000,51,54,3,97,2026-07-11T06:11:32.125+00:00
https://orbisapi.com/proxy/web-security-headers-guide-api-26ea37,orbisapi.com,base,other,,false,1.0000,66,68,3,97,2026-07-14T06:20:27.268+00:00
https://orbisapi.com/proxy/web3-careers-api-c3799b,orbisapi.com,base,other,,false,1.0000,48,49,3,97,2026-07-11T06:11:29.831+00:00
https://orbisapi.com/proxy/web3-community-guide-api-12be3c,orbisapi.com,base,other,,false,1.0000,70,72,3,97,2026-07-14T06:24:31.828+00:00
https://orbisapi.com/proxy/web3-companies-api-4d359e,orbisapi.com,base,other,,false,1.0000,58,73,6,97,2026-07-15T05:48:42.931+00:00
https://orbisapi.com/proxy/web3-developer-guide-api-5b3cfc,orbisapi.com,base,other,,false,1.0000,56,72,6,97,2026-07-15T05:48:39.886+00:00
https://orbisapi.com/proxy/web3-developer-tools-api-345978,orbisapi.com,base,other,,false,1.0000,83,134,3,96,2026-07-16T06:34:55.709+00:00
https://orbisapi.com/proxy/web3-developer-tools-api-v2-7bb5b1,orbisapi.com,base,other,,false,1.0000,68,70,3,97,2026-07-14T06:26:36.141+00:00
https://orbisapi.com/proxy/web3-due-diligence-api-194439,orbisapi.com,base,other,,false,1.0000,92,95,3,96,2026-07-13T07:34:13.346+00:00
https://orbisapi.com/proxy/web3-entry-level-api-00ceb1,orbisapi.com,base,other,,false,1.0000,60,84,6,97,2026-07-15T05:48:46.263+00:00
https://orbisapi.com/proxy/web3-glossary-0b27a1/analyze,orbisapi.com,base;solana:5eykt4usfv8p8njdtrepy1vzqkqzkvdp,other,,false,1.0000,48,48,3,97,2026-07-11T06:11:37.224+00:00
https://orbisapi.com/proxy/web3-glossary-0b27a1/openapi,orbisapi.com,base;solana:5eykt4usfv8p8njdtrepy1vzqkqzkvdp,other,,false,1.0000,48,50,3,97,2026-07-11T06:12:03.102+00:00
https://orbisapi.com/proxy/web3-grant-finder-cf18f7/,orbisapi.com,base;solana:5eykt4usfv8p8njdtrepy1vzqkqzkvdp,other,,false,1.0000,51,52,3,97,2026-07-11T06:11:35.79+00:00
https://orbisapi.com/proxy/web3-hiring-trends-api-e08825,orbisapi.com,base,other,,false,1.0000,64,71,6,97,2026-07-15T05:48:49.343+00:00
https://orbisapi.com/proxy/web3-infrastructure-api-48c36a,orbisapi.com,base,other,,false,1.0000,73,78,3,96,2026-07-14T06:26:31.336+00:00
https://orbisapi.com/proxy/web3-integration-api-709107/web3/integration-patterns,orbisapi.com,base;solana:5eykt4usfv8p8njdtrepy1vzqkqzkvdp,other,,false,1.0000,49,57,3,97,2026-07-11T06:11:32.368+00:00
https://orbisapi.com/proxy/web3-interview-prep-api-163540,orbisapi.com,base,other,,false,1.0000,103,147,3,95,2026-07-11T06:11:30.227+00:00
https://orbisapi.com/proxy/web3-job-market-api-f44c1c/stats,orbisapi.com,base;solana:5eykt4usfv8p8njdtrepy1vzqkqzkvdp,other,,false,1.0000,50,51,3,97,2026-07-11T06:11:36.498+00:00
https://orbisapi.com/proxy/web3-job-roles-e8f243/analyze,orbisapi.com,base;solana:5eykt4usfv8p8njdtrepy1vzqkqzkvdp,other,,false,1.0000,47,51,3,97,2026-07-11T06:12:07.716+00:00
https://orbisapi.com/proxy/web3-jobs-api-ae22f3,orbisapi.com,base,other,,false,1.0000,52,64,6,97,2026-07-15T05:48:50.204+00:00
https://orbisapi.com/proxy/web3-learning-paths-api-c6af3c,orbisapi.com,base,other,,false,1.0000,51,58,3,97,2026-07-17T06:18:26.771+00:00
https://orbisapi.com/proxy/web3-mentorship-guide-api-4a7b5c,orbisapi.com,base,other,,false,1.0000,63,68,3,97,2026-07-14T06:24:30.466+00:00
https://orbisapi.com/proxy/web3-portfolio-guide-api-e25930,orbisapi.com,base,other,,false,1.0000,42,50,6,97,2026-07-12T06:09:33.647+00:00
https://orbisapi.com/proxy/web3-recruiter-api-58ca28,orbisapi.com,base,other,,false,1.0000,50,77,6,97,2026-07-15T05:48:50.38+00:00
https://orbisapi.com/proxy/web3-remote-jobs-api-0127e0,orbisapi.com,base,other,,false,1.0000,56,73,6,97,2026-07-15T05:48:42.511+00:00
https://orbisapi.com/proxy/web3-risk-scorer-api-5bbe47,orbisapi.com,base,other,,false,1.0000,41,48,3,97,2026-07-15T05:49:19.723+00:00
https://orbisapi.com/proxy/web3-rpc-guide-api-742928,orbisapi.com,base,other,,false,1.0000,48,50,3,97,2026-07-11T06:11:43.406+00:00
https://orbisapi.com/proxy/web3-salaries-api-266721,orbisapi.com,base,other,,false,1.0000,51,73,6,97,2026-07-15T05:48:45.846+00:00
https://orbisapi.com/proxy/web3-security-audit-api-eb9f8a,orbisapi.com,base,other,,false,1.0000,44,46,3,97,2026-07-15T05:49:21.499+00:00
https://orbisapi.com/proxy/web3-security-audit-firms-api-a46836/firms,orbisapi.com,base;solana:5eykt4usfv8p8njdtrepy1vzqkqzkvdp,other,,false,1.0000,48,49,3,97,2026-07-11T06:12:03.336+00:00
https://orbisapi.com/proxy/web3-security-pro-api-74800a,orbisapi.com,base,other,,false,1.0000,48,48,3,97,2026-07-11T06:12:14.742+00:00
https://orbisapi.com/proxy/web3-senior-roles-api-ecd165,orbisapi.com,base,other,,false,1.0000,57,69,6,97,2026-07-15T05:48:43.912+00:00
https://orbisapi.com/proxy/web3-skills-api-15a673,orbisapi.com,base,other,,false,1.0000,43,46,3,97,2026-07-15T05:48:52.008+00:00
https://orbisapi.com/proxy/web3-tooling-guide-36ddaf/analyze,orbisapi.com,base;solana:5eykt4usfv8p8njdtrepy1vzqkqzkvdp,other,,false,1.0000,45,46,3,97,2026-07-11T06:11:41.957+00:00
https://orbisapi.com/proxy/web3-tools-guide-api-0c4742/parse,orbisapi.com,base;solana:5eykt4usfv8p8njdtrepy1vzqkqzkvdp,other,,false,1.0000,50,51,3,97,2026-07-11T06:11:31.594+00:00
https://orbisapi.com/proxy/web3-wallet-analyzer-api-3c557c,orbisapi.com,base,other,,false,1.0000,52,66,3,97,2026-07-17T06:13:57.167+00:00
https://orbisapi.com/proxy/webhook-delivery-7c10b1,orbisapi.com,base,other,,false,1.0000,41,44,3,97,2026-07-15T05:51:43.245+00:00
https://orbisapi.com/proxy/webhook-delivery-7c10b1/info,orbisapi.com,base;solana:5eykt4usfv8p8njdtrepy1vzqkqzkvdp,other,,false,1.0000,151,160,3,95,2026-07-11T06:11:27.351+00:00
https://orbisapi.com/proxy/webhook-payload-builder-api-8b51f7,orbisapi.com,base,other,,false,1.0000,71,89,6,97,2026-07-17T06:12:18.856+00:00
https://orbisapi.com/proxy/webhook-payload-formatter-api-e4f97c/api/detect,orbisapi.com,base;solana:5eykt4usfv8p8njdtrepy1vzqkqzkvdp,other,,false,1.0000,49,53,3,97,2026-07-11T06:11:42.194+00:00
https://orbisapi.com/proxy/webhook-reliability-score-api-2a6f10,orbisapi.com,base,other,,false,1.0000,30,32,3,97,2026-07-12T06:10:22.479+00:00
https://orbisapi.com/proxy/webhook-reliability-scorer-api-ab26ea,orbisapi.com,base,other,,false,1.0000,90,93,3,96,2026-07-13T07:35:41.646+00:00
https://orbisapi.com/proxy/webhook-signature-api-2714db,orbisapi.com,base,other,,false,1.0000,30,32,3,97,2026-07-12T06:12:30.123+00:00
https://orbisapi.com/proxy/webhook-validator-api-6ab45b,orbisapi.com,base,other,,false,1.0000,91,96,3,96,2026-07-13T07:39:48.324+00:00
https://orbisapi.com/proxy/webpage-to-markdown-api-9c72ce,orbisapi.com,base,other,,false,1.0000,50,50,3,97,2026-07-17T06:16:18.853+00:00
https://orbisapi.com/proxy/website-monitor-api-16a720,orbisapi.com,base;solana:5eykt4usfv8p8njdtrepy1vzqkqzkvdp,other,,false,1.0000,48,51,3,97,2026-07-17T06:13:27.439+00:00
https://orbisapi.com/proxy/website-uptime-checker-api-2af501/validate,orbisapi.com,base;solana:5eykt4usfv8p8njdtrepy1vzqkqzkvdp,other,,false,1.0000,49,49,3,97,2026-07-11T06:12:14.509+00:00
https://orbisapi.com/proxy/websocket-guide-api-e69a90,orbisapi.com,base,other,,false,1.0000,44,45,3,97,2026-07-15T05:50:24.766+00:00
https://orbisapi.com/proxy/wedding-traditions-api-091210,orbisapi.com,base;solana:5eykt4usfv8p8njdtrepy1vzqkqzkvdp,other,,false,1.0000,95,147,3,95,2026-07-16T06:40:34.942+00:00
https://orbisapi.com/proxy/week-number-api-337c11,orbisapi.com,base;solana:5eykt4usfv8p8njdtrepy1vzqkqzkvdp,other,,false,1.0000,43,44,3,97,2026-07-15T05:51:11.982+00:00
https://orbisapi.com/proxy/weight-balance-calculator-api-c31af5,orbisapi.com,base,other,,false,1.0000,43,59,3,96,2026-07-12T06:10:17.119+00:00
https://orbisapi.com/proxy/weight-converter-api-16f7f0,orbisapi.com,base,other,,false,1.0000,64,71,3,97,2026-07-14T06:26:01.895+00:00
https://orbisapi.com/proxy/weighted-grade-calculator-api-3e6e33,orbisapi.com,base,other,,false,1.0000,36,38,3,97,2026-07-12T06:10:12.417+00:00
https://orbisapi.com/proxy/wellbeing-index-calculator-api-662f51,orbisapi.com,base,other,,false,1.0000,39,106,3,96,2026-07-12T06:10:14.732+00:00
https://orbisapi.com/proxy/wellness-program-designer-api-5e6e7b,orbisapi.com,base,other,,false,1.0000,91,94,3,96,2026-07-13T07:39:24.56+00:00
https://orbisapi.com/proxy/whistleblower-classification-api-f24b2a,orbisapi.com,base,other,,false,1.0000,49,50,3,97,2026-07-11T06:13:18.662+00:00
https://orbisapi.com/proxy/whistleblower-policy-checker-api-541388,orbisapi.com,base,other,,false,1.0000,90,95,3,96,2026-07-13T07:36:31.541+00:00
https://orbisapi.com/proxy/whistleblower-policy-scorer-api-149002,orbisapi.com,base,other,,false,1.0000,49,50,3,97,2026-07-17T06:17:48.43+00:00
https://orbisapi.com/proxy/whitewater-class-classifier-api-b9bd2a,orbisapi.com,base,other,,false,1.0000,46,48,3,97,2026-07-11T06:13:25.84+00:00
https://orbisapi.com/proxy/whodas-score-calculator-api-6ad430,orbisapi.com,base,other,,false,1.0000,49,54,3,97,2026-07-11T06:13:14.342+00:00
https://orbisapi.com/proxy/wholesale-retail-calculator-api-9f7ffc,orbisapi.com,base,other,,false,1.0000,55,57,3,97,2026-07-17T06:18:33.618+00:00
https://orbisapi.com/proxy/wholesale-retail-calculator-api-9f7ffc/bulk,orbisapi.com,base;solana:5eykt4usfv8p8njdtrepy1vzqkqzkvdp,other,,false,1.0000,47,48,3,97,2026-07-11T06:12:01.242+00:00
https://orbisapi.com/proxy/wiki-quality-score-api-b5cecc,orbisapi.com,base,other,,false,1.0000,30,32,3,97,2026-07-12T06:10:20.807+00:00
https://orbisapi.com/proxy/wikipedia-search-908926,orbisapi.com,base;solana:5eykt4usfv8p8njdtrepy1vzqkqzkvdp,other,,false,1.0000,49,141,3,95,2026-07-15T05:51:48.692+00:00
https://orbisapi.com/proxy/wikipedia-summary-3ff178,orbisapi.com,base;solana:5eykt4usfv8p8njdtrepy1vzqkqzkvdp,other,,false,1.0000,41,43,3,97,2026-07-15T05:51:51.461+00:00
https://orbisapi.com/proxy/wildfire-facts-debe05,orbisapi.com,base;solana:5eykt4usfv8p8njdtrepy1vzqkqzkvdp,other,,false,1.0000,78,94,3,96,2026-07-16T06:35:52.245+00:00
https://orbisapi.com/proxy/wildlife-health-index-api-9f8a07,orbisapi.com,base,other,,false,1.0000,32,34,3,97,2026-07-12T06:10:21.742+00:00
https://orbisapi.com/proxy/willingness-to-pay-score-api-f6ff84,orbisapi.com,base,other,,false,1.0000,48,52,3,97,2026-07-11T06:13:23.425+00:00
https://orbisapi.com/proxy/win-rate-calculator-api-5656b7,orbisapi.com,base,other,,false,1.0000,33,41,3,97,2026-07-12T06:10:21.588+00:00
https://orbisapi.com/proxy/win-rate-predictor-api-7ecd97,orbisapi.com,base,other,,false,1.0000,91,91,3,96,2026-07-13T07:34:48.697+00:00
https://orbisapi.com/proxy/wind-beaufort-scale-api-52ed64,orbisapi.com,base;solana:5eykt4usfv8p8njdtrepy1vzqkqzkvdp,other,,false,1.0000,62,67,3,96,2026-07-12T06:10:14.172+00:00
https://orbisapi.com/proxy/wind-power-calculator-api-a69dc5,orbisapi.com,base,other,,false,1.0000,30,34,3,97,2026-07-12T06:10:18.825+00:00
https://orbisapi.com/proxy/window-u-factor-calculator-api-bc19cf,orbisapi.com,base,other,,false,1.0000,33,38,3,97,2026-07-12T06:10:19.115+00:00
https://orbisapi.com/proxy/wine-blend-calculator-api-829990,orbisapi.com,base,other,,false,1.0000,31,34,3,97,2026-07-12T06:09:58.335+00:00
https://orbisapi.com/proxy/wine-grapes-614638,orbisapi.com,base;solana:5eykt4usfv8p8njdtrepy1vzqkqzkvdp,other,,false,1.0000,85,357,3,94,2026-07-16T06:35:44.394+00:00
https://orbisapi.com/proxy/wine-pairing-score-api-1415ef,orbisapi.com,base,other,,false,1.0000,33,40,3,97,2026-07-12T06:12:33.379+00:00
https://orbisapi.com/proxy/wine-pairing-scorer-api-be7e16,orbisapi.com,base,other,,false,1.0000,92,92,3,96,2026-07-13T07:37:46.472+00:00
https://orbisapi.com/proxy/wine-regions-bcb38a,orbisapi.com,base,other,,false,1.0000,83,91,3,96,2026-07-16T06:35:42.558+00:00
https://orbisapi.com/proxy/wine-tasting-terms-8dcb3e,orbisapi.com,base,other,,false,1.0000,81,164,3,95,2026-07-16T06:35:07.065+00:00
https://orbisapi.com/proxy/wine-yield-calculator-api-b453a1,orbisapi.com,base,other,,false,1.0000,46,47,3,97,2026-07-11T06:13:22.721+00:00
https://orbisapi.com/proxy/wire-transfer-validator-api-b4b981,orbisapi.com,base,other,,false,1.0000,66,83,6,97,2026-07-17T06:12:32.239+00:00
https://orbisapi.com/proxy/wishlist-abandonment-score-api-9a140f,orbisapi.com,base,other,,false,1.0000,49,52,3,97,2026-07-11T06:13:14.821+00:00
https://orbisapi.com/proxy/wkt-parser-api-4127ec,orbisapi.com,base;solana:5eykt4usfv8p8njdtrepy1vzqkqzkvdp,other,,false,1.0000,31,32,3,97,2026-07-12T06:10:10.357+00:00
https://orbisapi.com/proxy/word-count-api-9048ab,orbisapi.com,base,other,,false,1.0000,46,51,3,97,2026-07-15T05:51:50.332+00:00
https://orbisapi.com/proxy/word-counter-api-f9b54f,orbisapi.com,base,other,,false,1.0000,48,50,3,97,2026-07-17T06:15:29.8+00:00
https://orbisapi.com/proxy/word-frequency-analyzer-api-4a3a52,orbisapi.com,base,other,,false,1.0000,50,50,3,97,2026-07-17T06:18:41.503+00:00
https://orbisapi.com/proxy/word-frequency-analyzer-api-5ae975,orbisapi.com,base,other,,false,1.0000,91,92,3,96,2026-07-13T07:38:57.657+00:00
https://orbisapi.com/proxy/word-frequency-analyzer-api-a843fa,orbisapi.com,base,other,,false,1.0000,48,53,3,97,2026-07-17T06:16:13.661+00:00
https://orbisapi.com/proxy/word-frequency-api-e32e86,orbisapi.com,base,other,,false,1.0000,68,71,3,97,2026-07-14T06:25:02.686+00:00
https://orbisapi.com/proxy/word-frequency-calculator-api-f107b9,orbisapi.com,base,other,,false,1.0000,49,53,3,97,2026-07-11T06:13:12.929+00:00
https://orbisapi.com/proxy/word-origins-api-8c2068,orbisapi.com,base;solana:5eykt4usfv8p8njdtrepy1vzqkqzkvdp,other,,false,1.0000,52,53,3,97,2026-07-17T06:15:06.587+00:00
https://orbisapi.com/proxy/word-phrase-counter-api-eb1f4a,orbisapi.com,base,other,,false,1.0000,91,93,3,96,2026-07-13T07:38:12.583+00:00
https://orbisapi.com/proxy/word-scramble-api-3c0014,orbisapi.com,base,other,,false,1.0000,48,53,3,97,2026-07-17T06:15:34.916+00:00
https://orbisapi.com/proxy/wordle-api-188865,orbisapi.com,base,other,,false,1.0000,49,50,3,97,2026-07-17T06:17:11.694+00:00
https://orbisapi.com/proxy/work-life-balance-score-api-5c6e62,orbisapi.com,base,other,,false,1.0000,32,103,3,95,2026-07-12T06:10:15.886+00:00
https://orbisapi.com/proxy/workflow-state-api-568539,orbisapi.com,base,other,,false,1.0000,43,45,3,97,2026-07-15T05:49:08.655+00:00
https://orbisapi.com/proxy/workflow-state-tracker-api-b850f1,orbisapi.com,base,other,,false,1.0000,90,91,3,96,2026-07-13T07:37:50.528+00:00
https://orbisapi.com/proxy/workforce-diversity-index-api-3e49ea,orbisapi.com,base,other,,false,1.0000,33,34,3,97,2026-07-12T06:11:25.585+00:00
https://orbisapi.com/proxy/workforce-planning-score-api-8c44ad,orbisapi.com,base,other,,false,1.0000,48,53,3,97,2026-07-11T06:13:18.91+00:00
https://orbisapi.com/proxy/workforce-skills-mapper-api-be63c2,orbisapi.com,base;solana:5eykt4usfv8p8njdtrepy1vzqkqzkvdp,other,,false,1.0000,66,86,6,97,2026-07-17T06:11:51.451+00:00
https://orbisapi.com/proxy/working-capital-calculator-api-19b2d2,orbisapi.com,base,other,,false,1.0000,32,40,3,97,2026-07-12T06:12:28.921+00:00
https://orbisapi.com/proxy/working-capital-calculator-api-35feae,orbisapi.com,base,other,,false,1.0000,49,49,3,97,2026-07-17T06:17:57.472+00:00
https://orbisapi.com/proxy/working-capital-optimizer-api-c69d95,orbisapi.com,base,other,,false,1.0000,90,90,3,96,2026-07-13T07:39:12.267+00:00
https://orbisapi.com/proxy/working-days-api-2880f2,orbisapi.com,base,other,,false,1.0000,53,58,3,97,2026-07-15T05:51:37.281+00:00
https://orbisapi.com/proxy/working-days-calculator-api-5ef82f,orbisapi.com,base,other,,false,1.0000,47,52,3,97,2026-07-17T06:15:52.295+00:00
https://orbisapi.com/proxy/working-hours-calculator-api-0bf07e,orbisapi.com,base,other,,false,1.0000,90,93,3,96,2026-07-13T07:33:36.727+00:00
https://orbisapi.com/proxy/working-memory-load-api-5d06fa,orbisapi.com,base,other,,false,1.0000,46,48,3,97,2026-07-15T05:54:42.153+00:00
https://orbisapi.com/proxy/working-memory-score-api-b8d5ea,orbisapi.com,base,other,,false,1.0000,47,48,3,97,2026-07-11T06:13:25.608+00:00
https://orbisapi.com/proxy/workload-index-calculator-api-bde1ca,orbisapi.com,base,other,,false,1.0000,49,52,3,97,2026-07-11T06:13:22.49+00:00
https://orbisapi.com/proxy/workout-load-calculator-api-ae528e,orbisapi.com,base,other,,false,1.0000,31,34,3,97,2026-07-12T06:12:31.967+00:00
https://orbisapi.com/proxy/workout-planner-api-951642,orbisapi.com,base,other,,false,1.0000,93,94,3,96,2026-07-16T06:40:03.688+00:00
https://orbisapi.com/proxy/workout-planner-api-9530f8,orbisapi.com,base,other,,false,1.0000,50,50,3,97,2026-07-17T06:16:53.96+00:00
https://orbisapi.com/proxy/world-capitals-api-18deb4,orbisapi.com,base,other,,false,1.0000,49,247,3,95,2026-07-17T06:15:25.431+00:00
https://orbisapi.com/proxy/world-capitals-api-430819,orbisapi.com,base,other,,false,1.0000,50,54,3,97,2026-07-17T06:16:00.258+00:00
https://orbisapi.com/proxy/world-cheese-facts-f0803c,orbisapi.com,base,other,,false,1.0000,80,81,3,97,2026-07-16T06:41:08.854+00:00
https://orbisapi.com/proxy/world-currencies-api-7bb971,orbisapi.com,base,other,,false,1.0000,44,49,3,97,2026-07-15T05:49:04.13+00:00
https://orbisapi.com/proxy/world-holidays-api-954464,orbisapi.com,base,other,,false,1.0000,85,87,3,96,2026-07-16T06:40:42.574+00:00
https://orbisapi.com/proxy/world-landmarks-api-81d89d,orbisapi.com,base;solana:5eykt4usfv8p8njdtrepy1vzqkqzkvdp,other,,false,1.0000,51,147,3,95,2026-07-17T06:15:18.713+00:00
https://orbisapi.com/proxy/world-languages-api-aa1d3c,orbisapi.com,base,other,,false,1.0000,50,51,3,97,2026-07-17T06:15:59.314+00:00
https://orbisapi.com/proxy/world-mythology-api-980f0b,orbisapi.com,base,other,,false,1.0000,48,49,3,97,2026-07-17T06:16:06.955+00:00
https://orbisapi.com/proxy/world-records-api-f3d33b,orbisapi.com,base,other,,false,1.0000,51,51,3,97,2026-07-17T06:15:52.569+00:00
https://orbisapi.com/proxy/world-religions-data-api-7b34bf,orbisapi.com,base,other,,false,1.0000,49,49,3,97,2026-07-17T06:15:30.025+00:00
https://orbisapi.com/proxy/would-you-rather-api-e461b3,orbisapi.com,base,other,,false,1.0000,50,51,3,97,2026-07-17T06:15:47.636+00:00
https://orbisapi.com/proxy/wrestling-styles-375a3d,orbisapi.com,base,other,,false,1.0000,85,127,3,96,2026-07-16T06:35:10.753+00:00
https://orbisapi.com/proxy/writing-scorer-api-f8d745,orbisapi.com,base,other,,false,1.0000,50,50,3,97,2026-07-17T06:13:46.596+00:00
https://orbisapi.com/proxy/writing-style-analyzer-api-a6ab63,orbisapi.com,base,other,,false,1.0000,91,91,3,96,2026-07-13T07:40:40.542+00:00
https://orbisapi.com/proxy/x-content-intelligence-api-a240e0,orbisapi.com,base,other,,false,1.0000,49,51,3,97,2026-07-11T06:17:16.89+00:00
https://orbisapi.com/proxy/x-content-intelligence-api-a240e0/:endpoint,orbisapi.com,base,other,,false,1.0000,50,54,3,97,2026-07-11T06:13:09.727+00:00
https://orbisapi.com/proxy/x402-header-decode-01e60c,orbisapi.com,base,other,,false,1.0000,49,120,3,96,2026-07-15T05:51:39.197+00:00
https://orbisapi.com/proxy/x402-payment-verify-f3ac49,orbisapi.com,base,other,,false,1.0000,44,49,3,97,2026-07-15T05:51:44.066+00:00
https://orbisapi.com/proxy/x402-rate-lookup-9584e6,orbisapi.com,base,other,,false,1.0000,42,43,3,97,2026-07-15T05:51:44.656+00:00
https://orbisapi.com/proxy/xlsx-data-extract-8b2ca1,orbisapi.com,base,other,,false,1.0000,89,89,3,96,2026-07-13T07:36:10.967+00:00
https://orbisapi.com/proxy/xml-parse-guide-api-470f04,orbisapi.com,base,other,,false,1.0000,43,43,3,97,2026-07-15T05:50:26.215+00:00
https://orbisapi.com/proxy/xml-parser-api-71a999,orbisapi.com,base,other,,false,1.0000,65,72,3,97,2026-07-14T06:26:21.574+00:00
https://orbisapi.com/proxy/xml-sitemap-generator-api-0d3599,orbisapi.com,base,other,,false,1.0000,86,93,6,96,2026-07-14T06:19:00.846+00:00
https://orbisapi.com/proxy/xml-to-json-api-dc4d17,orbisapi.com,base,other,,false,1.0000,52,57,3,97,2026-07-17T06:16:25.081+00:00
https://orbisapi.com/proxy/xml-to-json-guide-api-d6b203,orbisapi.com,base,other,,false,1.0000,43,44,3,97,2026-07-15T05:50:31.232+00:00
https://orbisapi.com/proxy/xml-validate-guide-api-482248,orbisapi.com,base,other,,false,1.0000,45,45,3,97,2026-07-15T05:50:35.662+00:00
https://orbisapi.com/proxy/xr-latency-score-api-99e0df,orbisapi.com,base,other,,false,1.0000,48,49,3,97,2026-07-11T06:13:15.559+00:00
https://orbisapi.com/proxy/xrp-price-tracker-api-554cca,orbisapi.com,base,other,,false,1.0000,54,61,3,97,2026-07-17T06:13:50.713+00:00
https://orbisapi.com/proxy/xss-guide-api-75f4e2,orbisapi.com,base,other,,false,1.0000,44,70,3,96,2026-07-15T05:49:48.516+00:00
https://orbisapi.com/proxy/xva-calculator-api-29ec38,orbisapi.com,base,other,,false,1.0000,48,48,3,97,2026-07-11T06:13:22.95+00:00
https://orbisapi.com/proxy/yaml-schema-guide-api-5652ff,orbisapi.com,base;solana:5eykt4usfv8p8njdtrepy1vzqkqzkvdp,other,,false,1.0000,41,44,3,97,2026-07-15T05:50:37.907+00:00
https://orbisapi.com/proxy/yaml-to-json-guide-api-3ef1c8,orbisapi.com,base;solana:5eykt4usfv8p8njdtrepy1vzqkqzkvdp,other,,false,1.0000,42,43,3,97,2026-07-15T05:50:39.744+00:00
https://orbisapi.com/proxy/yaml-validate-guide-api-2d8fba,orbisapi.com,base,other,,false,1.0000,45,51,3,97,2026-07-15T05:50:26.403+00:00
https://orbisapi.com/proxy/yarn-count-converter-api-96735a,orbisapi.com,base;solana:5eykt4usfv8p8njdtrepy1vzqkqzkvdp,other,,false,1.0000,47,54,3,97,2026-07-11T06:13:09.984+00:00
https://orbisapi.com/proxy/yield-farm-apy-calculator-api-55b6bc,orbisapi.com,base,other,,false,1.0000,32,34,3,97,2026-07-12T06:10:22.318+00:00
https://orbisapi.com/proxy/yield-monitor-score-api-5540fd,orbisapi.com,base,other,,false,1.0000,48,48,3,97,2026-07-11T06:13:26.621+00:00
https://orbisapi.com/proxy/yield-optimizer-api-1b1254,orbisapi.com,base,other,,false,1.0000,64,66,3,97,2026-07-14T06:25:53.243+00:00
https://orbisapi.com/proxy/yield-rate-calculator-api-9cbbc6,orbisapi.com,base,other,,false,1.0000,30,31,3,97,2026-07-12T06:12:31.532+00:00
https://orbisapi.com/proxy/yoga-poses-api-7a0325,orbisapi.com,base,other,,false,1.0000,54,156,3,95,2026-07-17T06:15:16.073+00:00
https://orbisapi.com/proxy/youtube-channel-stats-api-ffdd53,orbisapi.com,base,other,,false,1.0000,48,51,3,97,2026-07-17T06:17:27.862+00:00
https://orbisapi.com/proxy/youtube-video-search-api-f843d4,orbisapi.com,base,other,,false,1.0000,49,50,3,97,2026-07-17T06:17:32.556+00:00
https://orbisapi.com/proxy/zero-day-risk-score-api-8294df,orbisapi.com,base,other,,false,1.0000,50,52,3,97,2026-07-11T06:13:14.581+00:00
https://orbisapi.com/proxy/zero-trust-score-api-553554,orbisapi.com,base,other,,false,1.0000,34,38,3,97,2026-07-12T06:10:12.567+00:00
https://orbisapi.com/proxy/zeta-potential-interpreter-api-24c155,orbisapi.com,base,other,,false,1.0000,30,30,3,97,2026-07-12T06:11:13.827+00:00
https://orbisapi.com/proxy/zip-code-validator-api-79b001,orbisapi.com,base,other,,false,1.0000,63,64,3,97,2026-07-14T06:25:02.996+00:00
https://orbisapi.com/proxy/zipcode-info-api-155aeb,orbisapi.com,base,other,,false,1.0000,71,74,3,96,2026-07-14T06:21:23.445+00:00
https://orbisapi.com/proxy/zk-jobs-api-078214,orbisapi.com,base,other,,false,1.0000,56,71,6,97,2026-07-15T05:48:39.309+00:00
https://orbisapi.com/proxy/zk-learning-path-api-36a608,orbisapi.com,base,other,,false,1.0000,69,71,3,97,2026-07-14T06:24:51.501+00:00
https://orbisapi.com/proxy/zkp-validity-score-api-70fa68,orbisapi.com,base,other,,false,1.0000,47,52,3,97,2026-07-11T06:13:18.426+00:00
https://orbisapi.com/proxy/zodiac-signs-5f3ea2,orbisapi.com,base,other,,false,1.0000,82,88,3,96,2026-07-16T06:35:40.605+00:00
https://orbisapi.com/proxy/zone-of-proximal-development-api-8c8366,orbisapi.com,base,other,,false,1.0000,47,50,3,97,2026-07-11T06:13:23.183+00:00
https://orbisapi.com/proxy/zoning-code-lookup-api-281566,orbisapi.com,base,other,,false,1.0000,32,32,3,97,2026-07-12T06:12:30.546+00:00
https://orbisapi.com/proxy/zoonotic-control-score-api-3228d5/describe,orbisapi.com,base;solana:5eykt4usfv8p8njdtrepy1vzqkqzkvdp,other,,false,1.0000,50,52,3,97,2026-07-17T06:14:18.997+00:00
https://orbisapi.com/proxy/zoonotic-risk-score-api-03cb89,orbisapi.com,base,other,,false,1.0000,30,33,3,97,2026-07-12T06:11:22.971+00:00
https://orbisapi.com/proxy/zoonotic-spillover-score-api-b3bfbc,orbisapi.com,base,other,,false,1.0000,52,53,3,97,2026-07-11T06:13:12.692+00:00
https://orderbook-liquidity.hergertsynthora.com/service,orderbook-liquidity.hergertsynthora.com,base,other,,false,1.0000,501,539,3,89,2026-07-16T06:36:45.367+00:00
https://orionkr.xyz/v1/base/agentic-commerce-api,orionkr.xyz,base,other,,false,1.0000,465,470,3,90,2026-07-11T06:18:09.672+00:00
https://orionkr.xyz/v1/base/quote-risk,orionkr.xyz,base,other,,false,1.0000,509,550,3,89,2026-07-12T06:11:54.707+00:00
https://orionkr.xyz/v1/scan/paid,orionkr.xyz,base,other,,false,1.0000,451,499,3,90,2026-07-11T06:18:11.816+00:00
https://oyapicks.app/api/x402/arbitrage,oyapicks.app,base,other,,false,1.0000,351,455,3,91,2026-07-14T06:22:38.351+00:00
https://oyapicks.app/api/x402/new-markets,oyapicks.app,base,other,,false,1.0000,304,387,3,92,2026-07-14T06:22:36.068+00:00
https://parentpulse-delta.vercel.app/api/parent/nutrition,parentpulse-delta.vercel.app,base;solana:5eykt4usfv8p8njdtrepy1vzqkqzkvdp,other,,false,1.0000,69,145,3,95,2026-07-12T06:12:46.772+00:00
https://polymarketeer.vercel.app/api/x402/polymarket/events/specific,polymarketeer.vercel.app,base,other,,false,1.0000,195,927,3,92,2026-07-14T06:25:14.067+00:00
https://polymarketeer.vercel.app/api/x402/polymarket/tags,polymarketeer.vercel.app,base,other,,false,1.0000,138,139,3,96,2026-07-11T06:14:45.869+00:00
https://postwall.0000402.xyz/replies,postwall.0000402.xyz,base,other,,false,1.0000,1915,2051,3,64,2026-07-11T06:16:52.72+00:00
https://pplx.x402.paysponge.com/v1/agent,pplx.x402.paysponge.com,base,search,3P,false,1.0000,600,958,3,86,2026-07-11T06:14:42.744+00:00
https://property.payapi.market/yield-estimate,property.payapi.market,base,other,,false,1.0000,170,408,3,94,2026-07-11T06:17:24.825+00:00
https://proppulse-gules.vercel.app/api/prop/valuate,proppulse-gules.vercel.app,base;solana:5eykt4usfv8p8njdtrepy1vzqkqzkvdp,other,,false,1.0000,123,132,3,95,2026-07-12T06:12:39.867+00:00
https://proxy.suverse.io/v1/data/solana-tx-simulator,proxy.suverse.io,base,other,,false,1.0000,467,929,3,89,2026-07-15T05:51:17.723+00:00
https://proxy.suverse.io/v1/data/spl-token-safety-check,proxy.suverse.io,base,other,,false,1.0000,303,374,3,92,2026-07-15T05:51:22.973+00:00
https://proxy.suverse.io/v1/swap/base/__publish,proxy.suverse.io,base,other,,false,1.0000,373,487,3,91,2026-07-15T05:51:36.467+00:00
https://qr.camelai.io/,qr.camelai.io,base,other,,false,1.0000,236,348,3,93,2026-07-17T06:13:40.849+00:00
https://racingpulse.vercel.app/api/form,racingpulse.vercel.app,base;solana:5eykt4usfv8p8njdtrepy1vzqkqzkvdp,other,,false,1.0000,86,110,3,96,2026-07-12T06:12:41.895+00:00
https://render-api-paulo.fly.dev/render,render-api-paulo.fly.dev,base,other,,false,0.0000,155,155,3,40,2026-07-11T06:15:14.936+00:00
https://researcher.now/v1/x402/entities/paul-graham/chat,researcher.now,base,other,,false,1.0000,330,386,3,91,2026-07-13T07:35:28.278+00:00
https://researcher.now/v1/x402/entities/paul-graham/retrieve,researcher.now,base,other,,false,1.0000,407,422,3,89,2026-07-13T07:35:41.194+00:00
https://resources.x402scan.com/find-tool,resources.x402scan.com,base,other,,false,0.0000,122,139,6,40,2026-07-13T07:31:40.725+00:00
https://royal-ruby-x402.fly.dev/api/law-lookup,royal-ruby-x402.fly.dev,base,other,,false,1.0000,75,109,3,96,2026-07-12T06:11:43.476+00:00
https://rpc-balance.hergertsynthora.com/service,rpc-balance.hergertsynthora.com,base,other,,false,1.0000,395,443,3,91,2026-07-11T06:14:12.842+00:00
https://rpc-contract.hergertsynthora.com/service,rpc-contract.hergertsynthora.com,base,other,,false,1.0000,386,485,3,91,2026-07-11T06:14:00.781+00:00
https://rpc-tx.hergertsynthora.com/service,rpc-tx.hergertsynthora.com,base,other,,false,1.0000,487,653,3,89,2026-07-11T06:13:53.183+00:00
https://rpc.nodeflare.app/arb/x402,rpc.nodeflare.app,base;polygon;eip155:42161,other,,false,1.0000,28,91,3,96,2026-07-17T06:14:35.168+00:00
https://scentpulse-xi.vercel.app/api/scent/reformulation-check,scentpulse-xi.vercel.app,base;solana:5eykt4usfv8p8njdtrepy1vzqkqzkvdp,other,,false,1.0000,261,352,3,93,2026-07-14T06:24:35.249+00:00
https://scholarpulse-bice.vercel.app/api/fafsa,scholarpulse-bice.vercel.app,base;solana:5eykt4usfv8p8njdtrepy1vzqkqzkvdp,other,,false,1.0000,115,120,3,96,2026-07-13T07:34:27.467+00:00
https://scholarpulse-bice.vercel.app/api/roi,scholarpulse-bice.vercel.app,base;solana:5eykt4usfv8p8njdtrepy1vzqkqzkvdp,other,,false,1.0000,110,157,3,95,2026-07-13T07:34:40.363+00:00
https://search.reversesandbox.com/web/search,search.reversesandbox.com,base;polygon;eip155:42161;solana:5eykt4usfv8p8njdtrepy1vzqkqzkvdp,other,,false,1.0000,255,332,3,93,2026-07-12T06:12:08.464+00:00
https://sendquotenow.com/v1/x402/quote/email,sendquotenow.com,base,other,,false,1.0000,686,1081,3,85,2026-07-14T06:23:12.227+00:00
https://shieldform.waltsoft.net/verify,shieldform.waltsoft.net,base;solana:5eykt4usfv8p8njdtrepy1vzqkqzkvdp,other,,false,1.0000,79,200,3,95,2026-07-12T06:11:27.598+00:00
https://sibyl-x402.x402-aero-scan.workers.dev/sibyl,sibyl-x402.x402-aero-scan.workers.dev,base,other,,false,1.0000,202,318,6,93,2026-07-12T06:09:28.57+00:00
https://signal-engine-production-d88d.up.railway.app/v1/arena/ema_5_breakout/DOGE,signal-engine-production-d88d.up.railway.app,base,other,,false,1.0000,253,320,6,93,2026-07-17T06:17:40.983+00:00
https://signal-engine-production-d88d.up.railway.app/v1/arena/rsi_reversion_swing/SOL,signal-engine-production-d88d.up.railway.app,base,other,,false,1.0000,279,329,3,93,2026-07-11T06:16:20.449+00:00
https://signal-engine-production-d88d.up.railway.app/v1/arena/vwap_reversion/BTC,signal-engine-production-d88d.up.railway.app,base,other,,false,1.0000,251,310,3,93,2026-07-11T06:16:38.507+00:00
https://signal-engine-production-d88d.up.railway.app/v1/arena/vwap_reversion/SOL,signal-engine-production-d88d.up.railway.app,base,other,,false,1.0000,293,398,3,92,2026-07-11T06:16:54.976+00:00
https://signalpulse-peach.vercel.app/api/scan/compare,signalpulse-peach.vercel.app,base;solana:5eykt4usfv8p8njdtrepy1vzqkqzkvdp,other,,false,1.0000,312,313,3,92,2026-07-16T06:36:22.68+00:00
https://simple-x-api.com/api/2/users/1354829999522672648/tweets,simple-x-api.com,base,other,,false,1.0000,139,177,3,95,2026-07-15T05:49:24.875+00:00
https://slippage.hergertsynthora.com/service,slippage.hergertsynthora.com,base,other,,false,1.0000,504,3424,3,86,2026-07-13T07:35:34.322+00:00
https://socialintel.dev/v1/search,socialintel.dev,base;polygon;eip155:42161;solana:5eykt4usfv8p8njdtrepy1vzqkqzkvdp,other,,false,1.0000,1158,1265,3,77,2026-07-11T06:16:31.498+00:00
https://solopreneur.402box.io/cto_advisor,solopreneur.402box.io,base,other,,false,0.0000,8000,8000,6,40,2026-07-14T06:18:55.942+00:00
https://solopreneur.402box.io/hr_manager,solopreneur.402box.io,base,other,,false,0.0000,8000,8000,6,40,2026-07-14T06:19:00.179+00:00
https://sourcecheck-news.d-mueller.workers.dev/api/verify,sourcecheck-news.d-mueller.workers.dev,base,other,,false,1.0000,65,151,3,95,2026-07-14T06:22:40.93+00:00
https://spyfu.x402.paysponge.com/apis/competitors_api/v2/combined/getCombinedTopCompetitors,spyfu.x402.paysponge.com,base,data,3P,false,1.0000,156,292,3,94,2026-07-11T06:17:53.571+00:00
https://spyfu.x402.paysponge.com/apis/competitors_api/v2/ppc/getTopCompetitors,spyfu.x402.paysponge.com,base,data,3P,false,1.0000,117,256,3,94,2026-07-11T06:17:55.588+00:00
https://spyfu.x402.paysponge.com/apis/serp_api/v2/ppc/getPaidSerps,spyfu.x402.paysponge.com,base,data,3P,false,1.0000,220,398,3,93,2026-07-11T06:11:44.354+00:00
https://spyfu.x402.paysponge.com/apis/serp_api/v2/seo/getJustMadeItKeywords,spyfu.x402.paysponge.com,base,data,3P,false,1.0000,804,889,3,83,2026-07-11T06:14:22.551+00:00
https://spyfu.x402.paysponge.com/apis/serp_api/v2/seo/getMostTrafficTopPages,spyfu.x402.paysponge.com,base,data,3P,false,1.0000,129,210,3,95,2026-07-11T06:11:47.272+00:00
https://stable-enrich-git-shafu-pdl-people-enrich-25cca0-merit-systems.vercel.app/api/pdl/people-enrich,stable-enrich-git-shafu-pdl-people-enrich-25cca0-merit-systems.vercel.app,base;solana:5eykt4usfv8p8njdtrepy1vzqkqzkvdp,other,,false,1.0000,168,274,3,94,2026-07-11T06:17:45.924+00:00
https://stable-enrich-git-shafu-stabledomains-pork-25b57c-merit-systems.vercel.app/api/pdl/people-enrich,stable-enrich-git-shafu-stabledomains-pork-25b57c-merit-systems.vercel.app,base,other,,false,1.0000,155,174,3,94,2026-07-15T05:50:20.264+00:00
https://stable-enrich-git-shafu-stableenrich-fulle-a23f83-merit-systems.vercel.app/api/fullenrich/people-search,stable-enrich-git-shafu-stableenrich-fulle-a23f83-merit-systems.vercel.app,base,other,,false,1.0000,220,252,3,94,2026-07-17T06:14:31.084+00:00
https://stable-enrich-git-shafu-stableenrich-peopl-60ba0c-merit-systems.vercel.app/api/fullenrich/people-search,stable-enrich-git-shafu-stableenrich-peopl-60ba0c-merit-systems.vercel.app,base;solana:5eykt4usfv8p8njdtrepy1vzqkqzkvdp,other,,false,1.0000,461,489,3,90,2026-07-16T06:40:47.668+00:00
https://stable-enrich-git-shafu-stableenrich-peopl-a13b22-merit-systems.vercel.app/api/fullenrich/people-search,stable-enrich-git-shafu-stableenrich-peopl-a13b22-merit-systems.vercel.app,base;solana:5eykt4usfv8p8njdtrepy1vzqkqzkvdp,other,,false,1.0000,383,457,3,91,2026-07-16T06:41:00.866+00:00
https://stable-financial.vercel.app/api/macro/interest-rates/snapshot,stable-financial.vercel.app,base;solana:5eykt4usfv8p8njdtrepy1vzqkqzkvdp,other,,false,1.0000,131,140,3,95,2026-07-11T06:15:55.962+00:00
https://stable-people-data-git-shafu-pdl-api-settl-95fdf9-merit-systems.vercel.app/api/pdl/company/enrich,stable-people-data-git-shafu-pdl-api-settl-95fdf9-merit-systems.vercel.app,base,other,,false,1.0000,380,464,3,91,2026-07-14T06:23:52.393+00:00
https://stable-people-data-git-shafu-pdl-api-settl-95fdf9-merit-systems.vercel.app/api/pdl/company/search,stable-people-data-git-shafu-pdl-api-settl-95fdf9-merit-systems.vercel.app,base,other,,false,1.0000,385,506,3,91,2026-07-14T06:24:00.654+00:00
https://stable-social-5jshn0wk0-merit-systems.vercel.app/api/sc/tiktok/profile,stable-social-5jshn0wk0-merit-systems.vercel.app,base;solana:5eykt4usfv8p8njdtrepy1vzqkqzkvdp,other,,false,1.0000,236,237,3,94,2026-07-17T06:17:11.467+00:00
https://stableapify.dev/api/actors/apimaestro/linkedin-profile-posts/call,stableapify.dev,base,other,,false,1.0000,138,228,3,94,2026-07-12T06:10:55.071+00:00
https://stableapify.dev/api/actors/borderline/indeed-scraper/call,stableapify.dev,base,other,,false,1.0000,126,208,3,95,2026-07-12T06:10:48.821+00:00
https://stableapify.dev/api/actors/cheap_scraper/linkedin-job-scraper/call,stableapify.dev,base,other,,false,1.0000,103,107,3,96,2026-07-12T06:11:00.526+00:00
https://stableapify.dev/api/actors/clockworks/free-tiktok-scraper/call,stableapify.dev,base,other,,false,1.0000,65,1060,3,94,2026-07-12T06:11:08.589+00:00
https://stableapify.dev/api/actors/clockworks/tiktok-scraper/call,stableapify.dev,base,other,,false,1.0000,282,1305,3,90,2026-07-12T06:11:05.917+00:00
https://stableapify.dev/api/actors/clockworks/tiktok-video-scraper/call,stableapify.dev,base,other,,false,1.0000,128,743,3,93,2026-07-12T06:10:56.515+00:00
https://stableapify.dev/api/actors/compass/Google-Maps-Reviews-Scraper/call,stableapify.dev,base,other,,false,1.0000,125,136,3,95,2026-07-12T06:10:57.662+00:00
https://stableapify.dev/api/actors/harshmaur/reddit-scraper/call,stableapify.dev,base,other,,false,1.0000,122,191,3,95,2026-07-12T06:10:59.104+00:00
https://stableapify.dev/api/actors/harvestapi/linkedin-company-posts/call,stableapify.dev,base,other,,false,1.0000,65,68,3,97,2026-07-12T06:11:09.376+00:00
https://stableapify.dev/api/actors/harvestapi/linkedin-company/call,stableapify.dev,base,other,,false,1.0000,57,63,3,97,2026-07-12T06:11:13.022+00:00
https://stableapify.dev/api/actors/harvestapi/linkedin-post-comments/call,stableapify.dev,base,other,,false,1.0000,59,122,3,96,2026-07-12T06:11:14.976+00:00
https://stableapify.dev/api/actors/harvestapi/linkedin-post-reactions/call,stableapify.dev,base,other,,false,1.0000,65,79,3,96,2026-07-12T06:11:12.387+00:00
https://stableapify.dev/api/actors/harvestapi/linkedin-profile-posts/call,stableapify.dev,base,other,,false,1.0000,71,81,3,96,2026-07-12T06:11:22.228+00:00
https://stableapify.dev/api/actors/lukaskrivka/google-sheets/call,stableapify.dev,base,other,,false,1.0000,75,109,3,96,2026-07-12T06:11:23.384+00:00
https://stableapify.dev/api/actors/misceres/indeed-scraper/call,stableapify.dev,base,other,,false,1.0000,50,54,3,97,2026-07-12T06:11:15.174+00:00
https://stableapify.dev/api/actors/one-api/skip-trace/call,stableapify.dev,base,other,,false,1.0000,86,149,3,95,2026-07-12T06:11:17.693+00:00
https://stableapify.dev/api/actors/pintostudio/youtube-transcript-scraper/call,stableapify.dev,base,other,,false,1.0000,51,57,3,97,2026-07-12T06:11:17.896+00:00
https://stableapify.dev/api/actors/valig/indeed-jobs-scraper/call,stableapify.dev,base,other,,false,1.0000,85,122,3,96,2026-07-12T06:11:42.89+00:00
https://stablecrypto.dev/api/defillama/options-overview,stablecrypto.dev,base;solana:5eykt4usfv8p8njdtrepy1vzqkqzkvdp,other,,false,1.0000,451,465,3,90,2026-07-14T06:22:48.576+00:00
https://stablecrypto.dev/api/defillama/stablecoins,stablecrypto.dev,base;solana:5eykt4usfv8p8njdtrepy1vzqkqzkvdp,other,,false,1.0000,261,322,3,93,2026-07-11T06:16:15.274+00:00
https://stableenrich.dev/api/google-maps/solar/rgb-image,stableenrich.dev,base;solana:5eykt4usfv8p8njdtrepy1vzqkqzkvdp,other,,false,1.0000,184,698,3,92,2026-07-12T06:11:00.194+00:00
https://stablefinance.dev/api/financials/balance-sheets/segments,stablefinance.dev,base;solana:5eykt4usfv8p8njdtrepy1vzqkqzkvdp,other,,false,1.0000,310,311,3,92,2026-07-16T06:34:58.661+00:00
https://stablefinance.dev/api/prices,stablefinance.dev,base;solana:5eykt4usfv8p8njdtrepy1vzqkqzkvdp,other,,false,1.0000,170,272,6,94,2026-07-12T06:09:43.564+00:00
https://stableninja.dev/api/play-store-apps/top-grossing-games,stableninja.dev,base,other,,false,1.0000,300,344,3,92,2026-07-14T06:22:16.458+00:00
https://stablepeopledata.dev/api/pdl/company/search,stablepeopledata.dev,base,other,,false,1.0000,364,519,6,91,2026-07-14T06:18:46.463+00:00
https://stablesocial.dev/api/sc/tiktok/song/videos,stablesocial.dev,base;solana:5eykt4usfv8p8njdtrepy1vzqkqzkvdp,other,,false,1.0000,415,551,3,90,2026-07-14T06:23:15.762+00:00
https://stabletickets.dev/api/classifications/details,stabletickets.dev,base;solana:5eykt4usfv8p8njdtrepy1vzqkqzkvdp,other,,false,1.0000,252,268,3,93,2026-07-11T06:17:13.256+00:00
https://stabletickets.dev/api/venues/search,stabletickets.dev,base;solana:5eykt4usfv8p8njdtrepy1vzqkqzkvdp,other,,false,1.0000,191,193,3,94,2026-07-11T06:17:15.516+00:00
https://stabletravel.dev/api/flightaware/airports/{id}/nearby,stabletravel.dev,base;solana,travel,3P,false,1.0000,187,221,3,94,2026-07-11T06:13:54.985+00:00
https://stabletravel.dev/api/flightaware/airports/MAD,stabletravel.dev,base;solana:5eykt4usfv8p8njdtrepy1vzqkqzkvdp,other,,false,1.0000,130,204,3,95,2026-07-15T05:55:37.569+00:00
https://stabletravel.dev/api/flightaware/flights/search,stabletravel.dev,base;solana:5eykt4usfv8p8njdtrepy1vzqkqzkvdp,other,,false,1.0000,308,320,3,92,2026-07-16T06:34:48.826+00:00
https://stabletravel.dev/api/flights/orders,stabletravel.dev,base;solana:5eykt4usfv8p8njdtrepy1vzqkqzkvdp,other,,false,1.0000,127,325,3,94,2026-07-15T05:55:08.513+00:00
https://talentpulse-six.vercel.app/api/talent/talent-market,talentpulse-six.vercel.app,base;solana:5eykt4usfv8p8njdtrepy1vzqkqzkvdp,other,,false,1.0000,169,174,3,95,2026-07-11T06:12:08.754+00:00
https://task-relay-production.up.railway.app/x402/csv-structure,task-relay-production.up.railway.app,base,other,,false,1.0000,299,381,3,92,2026-07-11T06:13:19.979+00:00
https://task-relay-production.up.railway.app/x402/html-to-markdown,task-relay-production.up.railway.app,base,other,,false,1.0000,269,323,3,93,2026-07-11T06:13:30.561+00:00
https://task-relay-production.up.railway.app/x402/page-screenshot,task-relay-production.up.railway.app,base,other,,false,1.0000,293,337,3,93,2026-07-11T06:12:47.367+00:00
https://task-relay-production.up.railway.app/x402/pdf-text,task-relay-production.up.railway.app,base,other,,false,1.0000,269,350,3,93,2026-07-11T06:14:11.515+00:00
https://task-relay-production.up.railway.app/x402/url-health,task-relay-production.up.railway.app,base,other,,false,1.0000,262,327,3,93,2026-07-11T06:14:19.502+00:00
https://taxpulse.theaslangroupllc.com/api/crypto/wallet-watch,taxpulse.theaslangroupllc.com,base;solana:5eykt4usfv8p8njdtrepy1vzqkqzkvdp,other,,false,1.0000,129,280,3,94,2026-07-11T06:18:17.113+00:00
https://tensorfeed.ai/api/premium/research/authors,tensorfeed.ai,base,other,,false,1.0000,51,189,3,95,2026-07-15T05:51:45.009+00:00
https://test.987659876.xyz/echo,test.987659876.xyz,base,other,,false,0.0000,8000,8000,3,40,2026-07-13T07:39:24.108+00:00
https://testpp.987659876.xyz/paste,testpp.987659876.xyz,base,other,,false,0.0000,8000,8000,3,40,2026-07-13T07:39:27.396+00:00
https://the-stall.intuitek.ai/cap/address-security,the-stall.intuitek.ai,base,other,,false,1.0000,102,186,6,94,2026-07-13T07:31:44.821+00:00
https://the-stall.intuitek.ai/cap/arxiv-intel,the-stall.intuitek.ai,base,other,,false,1.0000,101,167,6,95,2026-07-13T07:31:47.208+00:00
https://the-stall.intuitek.ai/cap/aviation-weather,the-stall.intuitek.ai,base,other,,false,1.0000,156,271,3,94,2026-07-14T06:18:17.809+00:00
https://the-stall.intuitek.ai/cap/base-season,the-stall.intuitek.ai,base,other,,false,1.0000,156,160,3,95,2026-07-14T06:18:21.862+00:00
https://the-stall.intuitek.ai/cap/congressional-trades,the-stall.intuitek.ai,base,other,,false,1.0000,61,196,3,95,2026-07-11T06:14:27.453+00:00
https://the-stall.intuitek.ai/cap/crypto-fiat-price,the-stall.intuitek.ai,base,other,,false,1.0000,95,163,6,96,2026-07-14T06:18:25.088+00:00
https://the-stall.intuitek.ai/cap/crypto-top-movers,the-stall.intuitek.ai,base,other,,false,1.0000,124,157,3,95,2026-07-14T06:18:44.67+00:00
https://the-stall.intuitek.ai/cap/defi-portfolio,the-stall.intuitek.ai,base,other,,false,1.0000,192,513,6,93,2026-07-13T07:31:34.369+00:00
https://the-stall.intuitek.ai/cap/dex-pair-search,the-stall.intuitek.ai,base,other,,false,1.0000,60,74,3,96,2026-07-11T06:14:28.698+00:00
https://the-stall.intuitek.ai/cap/economic-calendar,the-stall.intuitek.ai,base,other,,false,1.0000,69,253,6,94,2026-07-14T06:24:39.802+00:00
https://the-stall.intuitek.ai/cap/equity-brief,the-stall.intuitek.ai,base,other,,false,1.0000,88,172,3,95,2026-07-13T07:32:16.616+00:00
https://the-stall.intuitek.ai/cap/equity-sentiment,the-stall.intuitek.ai,base,other,,false,1.0000,42,60,3,97,2026-07-11T06:15:11.802+00:00
https://the-stall.intuitek.ai/cap/eth-block,the-stall.intuitek.ai,base,other,,false,1.0000,53,55,3,97,2026-07-11T06:15:14.383+00:00
https://the-stall.intuitek.ai/cap/income-statements,the-stall.intuitek.ai,base,other,,false,1.0000,92,146,6,95,2026-07-14T06:24:48.212+00:00
https://the-stall.intuitek.ai/cap/intl-stock-price,the-stall.intuitek.ai,base,other,,false,1.0000,98,179,6,95,2026-07-14T06:25:07.8+00:00
https://the-stall.intuitek.ai/cap/market-sentiment,the-stall.intuitek.ai,base,other,,false,1.0000,90,173,3,95,2026-07-13T07:32:35.742+00:00
https://the-stall.intuitek.ai/cap/polymarket-accuracy-score,the-stall.intuitek.ai,base,other,,false,1.0000,82,169,3,95,2026-07-13T07:33:23.341+00:00
https://the-stall.intuitek.ai/cap/readable-content,the-stall.intuitek.ai,base,other,,false,1.0000,149,159,3,95,2026-07-14T06:25:10.793+00:00
https://the-stall.intuitek.ai/cap/timezone,the-stall.intuitek.ai,base,other,,false,1.0000,60,62,3,96,2026-07-11T06:15:23.217+00:00
https://the-stall.intuitek.ai/cap/weather,the-stall.intuitek.ai,base,other,,false,1.0000,179,182,3,94,2026-07-13T07:34:06.591+00:00
https://the-stall.intuitek.ai/cap/youtube-intel,the-stall.intuitek.ai,base,other,,false,1.0000,97,101,3,96,2026-07-14T06:25:41.623+00:00
https://theloopbreaker.com/api/x402/actions/accept-bid,theloopbreaker.com,base,other,,false,1.0000,171,305,6,93,2026-07-14T06:25:46.359+00:00
https://theloopbreaker.com/api/x402/actions/challenge-bond-metrics,theloopbreaker.com,base,other,,false,1.0000,111,185,3,95,2026-07-15T05:50:52.749+00:00
https://theloopbreaker.com/api/x402/actions/dispute-task,theloopbreaker.com,base,other,,false,1.0000,94,173,3,95,2026-07-11T06:18:00.739+00:00
https://theloopbreaker.com/api/x402/actions/grant-consent,theloopbreaker.com,base,other,,false,1.0000,214,312,3,94,2026-07-14T06:23:59.274+00:00
https://theloopbreaker.com/api/x402/actions/mint-street-cred,theloopbreaker.com,base,other,,false,1.0000,285,290,3,93,2026-07-14T06:24:36.177+00:00
https://theloopbreaker.com/api/x402/actions/stake-as-validator,theloopbreaker.com,base,other,,false,1.0000,104,127,3,96,2026-07-15T05:51:46.194+00:00
https://theloopbreaker.com/api/x402/trust/email-verify,theloopbreaker.com,base,other,,false,1.0000,423,544,3,90,2026-07-14T06:24:53.389+00:00
https://theloopbreaker.com/api/x402/trust/relationships,theloopbreaker.com,base,other,,false,1.0000,218,223,3,94,2026-07-14T06:26:24.755+00:00
https://theloopbreaker.com/api/x402/trust/vns-resolve,theloopbreaker.com,base,other,,false,1.0000,203,213,3,93,2026-07-11T06:18:07.724+00:00
https://threatpulse.waltsoft.net/v1/cve/CVE-2024-45257,threatpulse.waltsoft.net,base;solana:5eykt4usfv8p8njdtrepy1vzqkqzkvdp,other,,false,1.0000,35,111,3,95,2026-07-12T06:12:21.416+00:00
https://threatpulse.waltsoft.net/v1/feed/critical,threatpulse.waltsoft.net,base;solana:5eykt4usfv8p8njdtrepy1vzqkqzkvdp,other,,false,1.0000,233,288,3,94,2026-07-13T07:33:33.713+00:00
https://three.ws/api/x402/symbol-availability,three.ws,base;solana:5eykt4usfv8p8njdtrepy1vzqkqzkvdp,other,,false,1.0000,118,149,3,95,2026-07-11T06:12:09.181+00:00
https://touchstone.locomot.io/cite,touchstone.locomot.io,base,other,,false,1.0000,143,241,3,95,2026-07-12T06:10:43.821+00:00
https://touchstone.locomot.io/field,touchstone.locomot.io,base,other,,false,1.0000,260,345,3,93,2026-07-12T06:10:40.632+00:00
https://touchstone.locomot.io/time,touchstone.locomot.io,base,other,,false,1.0000,244,262,3,93,2026-07-12T06:10:43.105+00:00
https://trabotpro.it/api/a2a/x402/pearl/detail,trabotpro.it,base,other,,false,1.0000,559,874,3,87,2026-07-17T06:14:38.438+00:00
https://tradepulse-five.vercel.app/api/trade/compliance,tradepulse-five.vercel.app,base;solana:5eykt4usfv8p8njdtrepy1vzqkqzkvdp,other,,false,1.0000,118,172,3,95,2026-07-11T06:11:42.92+00:00
https://tradepulse-five.vercel.app/api/trade/freight-rates,tradepulse-five.vercel.app,base;solana:5eykt4usfv8p8njdtrepy1vzqkqzkvdp,other,,false,1.0000,108,128,3,96,2026-07-11T06:11:45.044+00:00
https://tradepulse-five.vercel.app/api/trade/fta,tradepulse-five.vercel.app,base;solana:5eykt4usfv8p8njdtrepy1vzqkqzkvdp,other,,false,1.0000,103,132,3,96,2026-07-11T06:11:48.179+00:00
https://tradepulse-five.vercel.app/api/trade/incoterms,tradepulse-five.vercel.app,base;solana:5eykt4usfv8p8njdtrepy1vzqkqzkvdp,other,,false,1.0000,120,151,3,95,2026-07-11T06:11:53.891+00:00
https://tradepulse-five.vercel.app/api/trade/market,tradepulse-five.vercel.app,base;solana:5eykt4usfv8p8njdtrepy1vzqkqzkvdp,other,,false,1.0000,101,311,3,94,2026-07-11T06:11:56.99+00:00
https://tradepulse-five.vercel.app/api/trade/nearshore,tradepulse-five.vercel.app,base;solana:5eykt4usfv8p8njdtrepy1vzqkqzkvdp,other,,false,1.0000,101,115,3,96,2026-07-11T06:14:39.261+00:00
https://tradepulse-five.vercel.app/api/trade/supplier-risk,tradepulse-five.vercel.app,base;solana:5eykt4usfv8p8njdtrepy1vzqkqzkvdp,other,,false,1.0000,134,178,6,95,2026-07-17T06:15:33.196+00:00
https://tradepulse-five.vercel.app/api/trade/tariff,tradepulse-five.vercel.app,base;solana:5eykt4usfv8p8njdtrepy1vzqkqzkvdp,other,,false,1.0000,145,158,3,95,2026-07-11T06:14:43.973+00:00
https://transitpulse.theaslangroupllc.com/api/rights/letter,transitpulse.theaslangroupllc.com,base;solana:5eykt4usfv8p8njdtrepy1vzqkqzkvdp,other,,false,1.0000,114,185,3,95,2026-07-11T06:18:32.891+00:00
https://transitpulse.vercel.app/api/rights/check,transitpulse.vercel.app,base;solana:5eykt4usfv8p8njdtrepy1vzqkqzkvdp,other,,false,1.0000,140,177,3,95,2026-07-17T06:15:54.425+00:00
https://transitpulse.vercel.app/api/rights/letter,transitpulse.vercel.app,base;solana:5eykt4usfv8p8njdtrepy1vzqkqzkvdp,other,,false,1.0000,130,140,3,95,2026-07-11T06:14:54.877+00:00
https://transitpulse.vercel.app/api/transit/city,transitpulse.vercel.app,base;solana:5eykt4usfv8p8njdtrepy1vzqkqzkvdp,other,,false,1.0000,111,124,3,96,2026-07-11T06:15:02.239+00:00
https://travelpulse-nu.vercel.app/api/parks/hours,travelpulse-nu.vercel.app,base;solana:5eykt4usfv8p8njdtrepy1vzqkqzkvdp,other,,false,1.0000,116,146,3,96,2026-07-11T06:15:25.08+00:00
https://travelpulse-nu.vercel.app/api/travel/deals,travelpulse-nu.vercel.app,base;solana:5eykt4usfv8p8njdtrepy1vzqkqzkvdp,other,,false,1.0000,110,111,3,96,2026-07-11T06:16:01.284+00:00
https://travelpulse-nu.vercel.app/api/travel/visa,travelpulse-nu.vercel.app,base;solana:5eykt4usfv8p8njdtrepy1vzqkqzkvdp,other,,false,1.0000,163,192,3,94,2026-07-11T06:17:10.187+00:00
https://truthpulse-five.vercel.app/api/truth/entity-network,truthpulse-five.vercel.app,base;solana:5eykt4usfv8p8njdtrepy1vzqkqzkvdp,other,,false,1.0000,145,150,3,95,2026-07-11T06:12:03.858+00:00
https://truthpulse-five.vercel.app/api/truth/uap-records,truthpulse-five.vercel.app,base;solana:5eykt4usfv8p8njdtrepy1vzqkqzkvdp,other,,false,1.0000,131,166,3,95,2026-07-11T06:15:20.397+00:00
https://undo.agentutil.net/v1/check,undo.agentutil.net,base,other,,false,1.0000,125,165,3,95,2026-07-16T06:41:05.723+00:00
https://undo.agentutil.net/v1/lookup,undo.agentutil.net,base,other,,false,1.0000,54,81,3,96,2026-07-12T06:10:14.941+00:00
https://url-shortener.api.klymax402.com/api/shorten,url-shortener.api.klymax402.com,base,other,,false,1.0000,560,607,3,88,2026-07-13T07:36:56.116+00:00
https://vending-machine-seven.vercel.app/api/v/bundle-infra,vending-machine-seven.vercel.app,base,other,,false,1.0000,132,159,3,95,2026-07-11T06:12:56.932+00:00
https://vending-machine-seven.vercel.app/api/v/crypto-prices,vending-machine-seven.vercel.app,base,other,,false,1.0000,103,141,3,96,2026-07-11T06:13:02.445+00:00
https://venturepulse-nine.vercel.app/api/startup/investor-match,venturepulse-nine.vercel.app,base;solana:5eykt4usfv8p8njdtrepy1vzqkqzkvdp,other,,false,1.0000,160,183,3,95,2026-07-11T06:14:50.47+00:00
https://verification-agent-a2a.d-mueller.workers.dev/message:send,verification-agent-a2a.d-mueller.workers.dev,base,other,,false,1.0000,182,254,3,94,2026-07-16T06:41:27.031+00:00
https://verify.camelai.io/verify,verify.camelai.io,base,other,,false,1.0000,164,188,3,95,2026-07-12T06:10:18.673+00:00
https://verity-bzw7.onrender.com/verify/pro,verity-bzw7.onrender.com,base,other,,false,1.0000,223,401,3,93,2026-07-17T06:16:26.679+00:00
https://vibesprings.net/api/news/crypto,vibesprings.net,base,other,,false,1.0000,188,2101,3,92,2026-07-16T06:36:07.747+00:00
https://visual.hugen.tokyo/visual/parse,visual.hugen.tokyo,base;solana:5eykt4usfv8p8njdtrepy1vzqkqzkvdp,other,,false,1.0000,566,586,3,87,2026-07-12T06:12:52.827+00:00
https://visual.hugen.tokyo/visual/pdf,visual.hugen.tokyo,base;solana:5eykt4usfv8p8njdtrepy1vzqkqzkvdp,other,,false,1.0000,389,578,6,91,2026-07-13T07:30:45.615+00:00
https://vit-tu-ma-production.up.railway.app/api/bazaar/news-digest,vit-tu-ma-production.up.railway.app,base,other,,false,1.0000,60,80,3,96,2026-07-13T07:37:59.389+00:00
https://vit-tu-ma-production.up.railway.app/api/bazaar/token-report-card,vit-tu-ma-production.up.railway.app,base,other,,false,1.0000,72,108,3,96,2026-07-13T07:37:33.885+00:00
https://voidfeed.ai/v1/content/capability/latest,voidfeed.ai,base;solana:5eykt4usfv8p8njdtrepy1vzqkqzkvdp,other,,false,1.0000,130,466,3,94,2026-07-15T05:51:32.928+00:00
https://voidfeed.ai/v1/content/incomplete/latest,voidfeed.ai,base;solana:5eykt4usfv8p8njdtrepy1vzqkqzkvdp,other,,false,1.0000,141,417,3,94,2026-07-15T05:51:53.298+00:00
https://wealthpulse-phi.vercel.app/api/wealth/bank-health,wealthpulse-phi.vercel.app,base;solana:5eykt4usfv8p8njdtrepy1vzqkqzkvdp,other,,false,1.0000,148,166,3,95,2026-07-17T06:15:44.595+00:00
https://wealthpulse-phi.vercel.app/api/wealth/ssa,wealthpulse-phi.vercel.app,base;solana:5eykt4usfv8p8njdtrepy1vzqkqzkvdp,other,,false,1.0000,121,148,3,95,2026-07-11T06:14:34.421+00:00
https://weather.agentic-jp.com/areas,weather.agentic-jp.com,base;polygon;solana:5eykt4usfv8p8njdtrepy1vzqkqzkvdp,other,,false,1.0000,800,1189,3,83,2026-07-15T05:51:42.847+00:00
https://weather.agentic-jp.com/forecast/:area,weather.agentic-jp.com,base,other,,false,0.0000,483,650,3,40,2026-07-11T06:13:34.099+00:00
https://web-production-07aa5.up.railway.app/agent-log,web-production-07aa5.up.railway.app,base,other,,false,1.0000,158,223,6,94,2026-07-14T06:18:32.042+00:00
https://web-production-60258.up.railway.app/macro/derived,web-production-60258.up.railway.app,base;solana:5eykt4usfv8p8njdtrepy1vzqkqzkvdp,other,,false,1.0000,95,95,3,96,2026-07-12T06:11:34.54+00:00
https://websearch.use.x402atlas.com/search,websearch.use.x402atlas.com,base,other,,false,1.0000,199,331,3,94,2026-07-11T06:18:01.546+00:00
https://win.oneshotagent.com/v1/compute,win.oneshotagent.com,base,other,,false,1.0000,54,95,3,96,2026-07-11T06:12:44.346+00:00
https://win.oneshotagent.com/v1/soul/testbot-mraxw0en-ee95/services/analyze/execute,win.oneshotagent.com,base,other,,false,1.0000,141,180,3,95,2026-07-11T06:13:17.223+00:00
https://win.oneshotagent.com/v1/soul/testbot-mraxw0en-ee95/services/scrape/execute,win.oneshotagent.com,base,other,,false,1.0000,73,129,3,96,2026-07-11T06:13:31.982+00:00
https://win.oneshotagent.com/v1/tools/browser,win.oneshotagent.com,base,other,,false,1.0000,64,129,3,96,2026-07-11T06:13:37.403+00:00
https://win.oneshotagent.com/v1/tools/research/person,win.oneshotagent.com,base,other,,false,1.0000,73,78,3,97,2026-07-12T06:12:11.271+00:00
https://win.oneshotagent.com/v1/tools/search,win.oneshotagent.com,base,other,,false,1.0000,104,183,3,95,2026-07-14T06:20:25.973+00:00
https://www.402bnb.fun/api/participate,www.402bnb.fun,base,other,,false,0.0000,159,1813,3,40,2026-07-13T07:39:31.749+00:00
https://www.agentcrush.xyz/api/agent/crewai/history,www.agentcrush.xyz,base,other,,false,1.0000,177,298,3,94,2026-07-11T06:13:24.915+00:00
https://www.agentcrush.xyz/api/agent/langgraph/history,www.agentcrush.xyz,base,other,,false,1.0000,276,361,3,92,2026-07-11T06:16:47.223+00:00
https://www.cryptyx.ai/api/signals/explain,www.cryptyx.ai,base,other,,false,1.0000,255,468,3,92,2026-07-11T06:13:11.256+00:00
https://www.cryptyx.ai/api/signals/top,www.cryptyx.ai,base,other,,false,1.0000,307,353,3,92,2026-07-11T06:13:21.769+00:00
https://www.genbase.fun/api/image/create,www.genbase.fun,base,other,,false,1.0000,164,170,3,95,2026-07-16T06:37:30.467+00:00
https://www.genbase.fun/api/video/create,www.genbase.fun,base,other,,false,1.0000,172,286,3,94,2026-07-16T06:36:43.674+00:00
https://www.genbase.fun/api/video/create-sora2,www.genbase.fun,base,other,,false,1.0000,162,180,3,95,2026-07-16T06:36:23.363+00:00
https://www.genbase.fun/api/video/create-xai,www.genbase.fun,base,other,,false,1.0000,169,238,3,94,2026-07-16T06:36:10.04+00:00
https://www.prowldata.dev/api/v1/geo/sanctions,www.prowldata.dev,base,other,,false,1.0000,216,285,3,94,2026-07-16T06:41:06.939+00:00
https://www.prowldata.dev/api/v1/markets/resolution,www.prowldata.dev,base,other,,false,1.0000,198,276,6,95,2026-07-17T06:12:34.852+00:00
https://www.x402scan.com/api/data/merchants/:address/stats,www.x402scan.com,base,other,,false,1.0000,124,138,3,94,2026-07-15T05:51:50.847+00:00
https://www.x402scan.com/api/data/merchants/:address/transactions,www.x402scan.com,base,other,,false,1.0000,170,175,3,95,2026-07-16T06:34:35.474+00:00
https://www.x402scan.com/api/data/merchants/:solana_address/stats,www.x402scan.com,base,other,,false,1.0000,66,79,3,96,2026-07-15T05:51:46.438+00:00
https://www.x402scan.com/api/data/origins/:id/resources,www.x402scan.com,base,other,,false,1.0000,38,79,3,96,2026-07-15T05:51:44.275+00:00
https://www.x402scan.com/api/data/registry/register-origin,www.x402scan.com,base,other,,false,1.0000,76,125,3,96,2026-07-15T05:51:33.892+00:00
https://www.x402scan.com/api/data/wallets/:address/stats,www.x402scan.com,base,other,,false,1.0000,183,214,3,95,2026-07-16T06:34:40.821+00:00
https://www.x402scan.com/api/data/wallets/:address/transactions,www.x402scan.com,base,other,,false,1.0000,57,134,3,95,2026-07-15T05:51:37.075+00:00
https://x402-cybercentry-solana-token-verification.up.railway.app/verify,x402-cybercentry-solana-token-verification.up.railway.app,base,other,,false,0.0000,8000,8000,3,40,2026-07-13T07:38:54.366+00:00
https://x402-defi-signals.onrender.com/market/snapshot,x402-defi-signals.onrender.com,base,other,,false,1.0000,138,278,3,94,2026-07-16T06:37:15.885+00:00
https://x402-extract-api-production.up.railway.app/extract,x402-extract-api-production.up.railway.app,base,other,,false,0.0000,280,285,3,40,2026-07-14T06:23:33.611+00:00
https://x402-gateway-production.up.railway.app/api/llm/claude-sonnet-4.6,x402-gateway-production.up.railway.app,base;eip155:4326;solana:5eykt4usfv8p8njdtrepy1vzqkqzkvdp,other,,false,1.0000,165,170,3,95,2026-07-17T06:17:20.141+00:00
https://x402-gateway-production.up.railway.app/api/llm/gpt-5.4-pro,x402-gateway-production.up.railway.app,base;eip155:4326;solana:5eykt4usfv8p8njdtrepy1vzqkqzkvdp,other,,false,1.0000,131,193,3,95,2026-07-15T05:50:02.38+00:00
https://x402-gateway-production.up.railway.app/api/llm/llama-4-maverick,x402-gateway-production.up.railway.app,base;eip155:4326;solana:5eykt4usfv8p8njdtrepy1vzqkqzkvdp,other,,false,1.0000,124,126,3,96,2026-07-15T05:50:03.211+00:00
https://x402-geocoder-production.up.railway.app/geocode/reverse,x402-geocoder-production.up.railway.app,base,other,,false,1.0000,455,565,3,90,2026-07-14T06:22:57.019+00:00
https://x402-mainnet.vercel.app/protected,x402-mainnet.vercel.app,base,other,,false,1.0000,140,834,3,93,2026-07-17T06:16:04.604+00:00
https://x402-market-api.lien-studio-akiyama.workers.dev/api/seller-4068b8fc/test-echo-cdp-high,x402-market-api.lien-studio-akiyama.workers.dev,base,other,,false,1.0000,595,655,3,87,2026-07-11T06:16:18.885+00:00
https://x402-pay.vercel.app/,x402-pay.vercel.app,base,other,,false,1.0000,116,130,3,95,2026-07-12T06:11:20.913+00:00
https://x402-store.dgdb.workers.dev/v1/sign-decode,x402-store.dgdb.workers.dev,base,other,,false,1.0000,139,162,3,94,2026-07-12T06:10:01.495+00:00
https://x402-token-report.dylan-caponi.workers.dev/report/:token,x402-token-report.dylan-caponi.workers.dev,base,other,,false,1.0000,83,302,3,94,2026-07-14T06:25:29.564+00:00
https://x402.agentutility.ai/gas-now-base,x402.agentutility.ai,base;solana:5eykt4usfv8p8njdtrepy1vzqkqzkvdp,other,,false,1.0000,3038,4033,3,61,2026-07-11T06:17:41.736+00:00
https://x402.agentutility.ai/trademark-search,x402.agentutility.ai,base;solana:5eykt4usfv8p8njdtrepy1vzqkqzkvdp,other,,false,1.0000,3138,3340,3,61,2026-07-12T06:12:01.491+00:00
https://x402.agentutility.ai/x-user-timeline,x402.agentutility.ai,base;solana:5eykt4usfv8p8njdtrepy1vzqkqzkvdp,other,,false,1.0000,3181,4050,3,61,2026-07-11T06:18:59.493+00:00
https://x402.agoragentic.com/v1/agent-discovery-audit,x402.agoragentic.com,base,other,,false,1.0000,281,297,3,93,2026-07-16T06:39:21.237+00:00
https://x402.agoragentic.com/v1/receipt-reconciliation,x402.agoragentic.com,base,other,,false,1.0000,261,311,3,93,2026-07-16T06:41:51.683+00:00
https://x402.agoragentic.com/v1/text-summarizer,x402.agoragentic.com,base,other,,false,1.0000,274,288,3,93,2026-07-16T06:38:26.743+00:00
https://x402.agoragentic.com/v1/text/summarizer,x402.agoragentic.com,base,other,,false,1.0000,227,295,3,94,2026-07-16T06:39:25.642+00:00
https://x402.agoragentic.com/v1/web-scraper,x402.agoragentic.com,base,other,,false,1.0000,223,225,3,94,2026-07-16T06:40:05.248+00:00
https://x402.agoragentic.com/v1/whisper-transcription,x402.agoragentic.com,base,other,,false,0.0000,281,456,3,40,2026-07-16T06:37:47.007+00:00
https://x402.aurelianflo.com/api/bls/wages,x402.aurelianflo.com,base,other,,false,1.0000,177,305,6,94,2026-07-12T06:09:24.971+00:00
https://x402.aurelianflo.com/api/credit-spreads,x402.aurelianflo.com,base,other,,false,1.0000,225,457,3,93,2026-07-11T06:16:16.248+00:00
https://x402.aurelianflo.com/api/do/astronomy/meteors,x402.aurelianflo.com,base,other,,false,1.0000,157,226,6,95,2026-07-12T06:09:35.485+00:00
https://x402.aurelianflo.com/api/do/auto/insurance,x402.aurelianflo.com,base,other,,false,1.0000,343,366,3,91,2026-07-11T06:18:18.133+00:00
https://x402.aurelianflo.com/api/do/auto/tires,x402.aurelianflo.com,base,other,,false,1.0000,425,913,3,89,2026-07-14T06:25:21.549+00:00
https://x402.aurelianflo.com/api/do/certificate/generate,x402.aurelianflo.com,base,other,,false,1.0000,171,236,6,95,2026-07-12T06:09:40.272+00:00
https://x402.aurelianflo.com/api/do/colors/extract,x402.aurelianflo.com,base,other,,false,1.0000,170,453,3,93,2026-07-15T05:49:40.25+00:00
https://x402.aurelianflo.com/api/do/edu/flashcards,x402.aurelianflo.com,base,other,,false,1.0000,230,253,3,93,2026-07-15T05:50:01.876+00:00
https://x402.aurelianflo.com/api/do/encode/base64,x402.aurelianflo.com,base,other,,false,1.0000,146,236,6,96,2026-07-12T06:09:44.109+00:00
https://x402.aurelianflo.com/api/do/image/watermark,x402.aurelianflo.com,base,other,,false,1.0000,159,199,3,95,2026-07-15T05:50:29.719+00:00
https://x402.aurelianflo.com/api/do/util/binary,x402.aurelianflo.com,base,other,,false,1.0000,143,181,6,96,2026-07-12T06:09:46.015+00:00
https://x402.aurelianflo.com/api/sanctions/SBERBANK,x402.aurelianflo.com,base,other,,false,1.0000,139,154,3,95,2026-07-15T05:50:47.152+00:00
https://x402.aurelianflo.com/api/sec/insider-trades/AAPL,x402.aurelianflo.com,base,other,,false,1.0000,135,257,3,95,2026-07-15T05:51:18.337+00:00
https://x402.aurelianflo.com/api/sim/optimize,x402.aurelianflo.com,base,other,,false,1.0000,114,158,6,95,2026-07-15T05:51:26.262+00:00
https://x402.aurelianflo.com/api/sports/scores/nfl,x402.aurelianflo.com,base,other,,false,1.0000,199,276,3,93,2026-07-15T05:51:57.589+00:00
https://x402.blocknotify.com/v1/simulate-transaction,x402.blocknotify.com,base,other,,false,1.0000,122,361,6,94,2026-07-14T06:18:40.552+00:00
https://x402.chainquery.com/v1/rpc/getnetworkhashps,x402.chainquery.com,base,other,,false,1.0000,174,202,3,94,2026-07-11T06:17:14.101+00:00
https://x402.chainquery.com/v1/rpc/getnetworkinfo,x402.chainquery.com,base,other,,false,1.0000,146,158,3,95,2026-07-11T06:17:32.244+00:00
https://x402.coinstats.app/coins/price/exchange,x402.coinstats.app,base,other,,false,0.3333,8000,8000,3,65,2026-07-13T07:35:10.666+00:00
https://x402.coinstats.app/exchange/support,x402.coinstats.app,base,other,,false,0.6667,256,7226,3,78,2026-07-13T07:34:39.788+00:00
https://x402.coinstats.app/portfolio/chart,x402.coinstats.app,base,other,,false,1.0000,19,21,3,97,2026-07-13T07:35:12.318+00:00
https://x402.coinstats.app/portfolio/value,x402.coinstats.app,base,other,,false,0.6667,224,7222,3,79,2026-07-13T07:34:25.574+00:00
https://x402.coinstats.app/wallet/transactions,x402.coinstats.app,base,other,,false,0.6667,28,7203,3,82,2026-07-13T07:35:25.309+00:00
https://x402.dailyelo.com/v1/address-poison-check,x402.dailyelo.com,base,other,,false,1.0000,240,253,3,94,2026-07-17T06:14:33.553+00:00
https://x402.forgemesh.io/daily-fx-reference-rate,x402.forgemesh.io,base,other,,false,1.0000,112,217,3,95,2026-07-17T06:12:24.117+00:00
https://x402.forgemesh.io/daily-history-facts,x402.forgemesh.io,base,other,,false,1.0000,105,107,3,95,2026-07-17T06:12:26.731+00:00
https://x402.forgemesh.io/daily-proverb,x402.forgemesh.io,base,other,,false,1.0000,105,105,3,95,2026-07-17T06:12:32.853+00:00
https://x402.forgemesh.io/daily-space-photo,x402.forgemesh.io,base,other,,false,1.0000,107,114,3,95,2026-07-17T06:12:39.294+00:00
https://x402.forgemesh.io/daily-verse,x402.forgemesh.io,base,other,,false,1.0000,56,58,3,97,2026-07-17T06:13:24.55+00:00
https://x402.forgemesh.io/daylight-saving-time-check,x402.forgemesh.io,base,other,,false,1.0000,51,100,3,96,2026-07-17T06:13:36.083+00:00
https://x402.forgemesh.io/detect-language,x402.forgemesh.io,base,other,,false,1.0000,53,99,3,96,2026-07-17T06:13:42.943+00:00
https://x402.forgemesh.io/distance-between,x402.forgemesh.io,base,other,,false,1.0000,62,105,3,96,2026-07-17T06:13:45.404+00:00
https://x402.forgemesh.io/dns-lookup,x402.forgemesh.io,base,other,,false,1.0000,56,91,3,96,2026-07-17T06:13:47.576+00:00
https://x402.forgemesh.io/domain-content-signals,x402.forgemesh.io,base,other,,false,1.0000,50,53,3,97,2026-07-17T06:13:57.401+00:00
https://x402.forgemesh.io/domain-registrar-info,x402.forgemesh.io,base,other,,false,1.0000,51,59,3,97,2026-07-17T06:14:21.21+00:00
https://x402.forgemesh.io/e164-phone-format,x402.forgemesh.io,base,other,,false,1.0000,56,99,3,96,2026-07-17T06:14:23.466+00:00
https://x402.forgemesh.io/earthquake-magnitude-tracker,x402.forgemesh.io,base,other,,false,1.0000,54,54,3,97,2026-07-17T06:14:40.21+00:00
https://x402.forgemesh.io/earthquake-nearby,x402.forgemesh.io,base,other,,false,1.0000,53,57,3,97,2026-07-17T06:14:42.219+00:00
https://x402.forgemesh.io/earthquake-radius-search,x402.forgemesh.io,base,other,,false,1.0000,55,100,3,96,2026-07-17T06:14:48.242+00:00
https://x402.forgemesh.io/econ-us-national-debt,x402.forgemesh.io,base,other,,false,1.0000,53,53,3,97,2026-07-17T06:15:05.403+00:00
https://x402.forgemesh.io/eonet-events,x402.forgemesh.io,base,other,,false,1.0000,52,63,3,97,2026-07-17T06:15:11.296+00:00
https://x402.forgemesh.io/ev-to-nm-converter,x402.forgemesh.io,base,other,,false,1.0000,54,56,3,97,2026-07-17T06:15:14.186+00:00
https://x402.forgemesh.io/excessive-heat-warnings,x402.forgemesh.io,base,other,,false,1.0000,55,58,3,97,2026-07-17T06:15:36.067+00:00
https://x402.forgemesh.io/extreme-heat-tracker,x402.forgemesh.io,base,other,,false,1.0000,58,117,3,96,2026-07-17T06:15:42.955+00:00
https://x402.forgemesh.io/fahrenheit-to-celsius,x402.forgemesh.io,base,other,,false,1.0000,53,53,3,97,2026-07-17T06:15:46.239+00:00
https://x402.forgemesh.io/fen-analyzer,x402.forgemesh.io,base,other,,false,1.0000,50,51,3,97,2026-07-17T06:15:52.068+00:00
https://x402.forgemesh.io/full-chapter-text,x402.forgemesh.io,base,other,,false,1.0000,56,61,3,97,2026-07-17T06:16:00.024+00:00
https://x402.forgemesh.io/generate-qr-code,x402.forgemesh.io,base,other,,false,1.0000,53,53,3,97,2026-07-17T06:16:06.495+00:00
https://x402.forgemesh.io/generate-token,x402.forgemesh.io,base,other,,false,1.0000,54,97,3,96,2026-07-17T06:16:24.101+00:00
https://x402.forgemesh.io/generational-slang,x402.forgemesh.io,base,other,,false,1.0000,53,53,3,97,2026-07-17T06:16:36.741+00:00
https://x402.forgemesh.io/geomagnetic-storm-alerts,x402.forgemesh.io,base,other,,false,1.0000,53,56,3,97,2026-07-17T06:16:43.11+00:00
https://x402.forgemesh.io/geometry-calculator,x402.forgemesh.io,base,other,,false,1.0000,57,58,3,97,2026-07-17T06:16:44.993+00:00
https://x402.forgemesh.io/global-disaster-events,x402.forgemesh.io,base,other,,false,1.0000,60,98,3,96,2026-07-17T06:17:00.854+00:00
https://x402.forgemesh.io/golden-hour-calculator,x402.forgemesh.io,base,other,,false,1.0000,54,55,3,97,2026-07-17T06:17:22.235+00:00
https://x402.forgemesh.io/gps-distance-calculator,x402.forgemesh.io,base,other,,false,1.0000,52,153,3,95,2026-07-17T06:17:27.177+00:00
https://x402.forgemesh.io/grams-to-moles,x402.forgemesh.io,base,other,,false,1.0000,57,62,3,97,2026-07-17T06:17:46.384+00:00
https://x402.forgemesh.io/haversine-distance,x402.forgemesh.io,base,other,,false,1.0000,52,53,3,97,2026-07-17T06:17:49.917+00:00
https://x402.forgemesh.io/heat-alert-feed,x402.forgemesh.io,base,other,,false,1.0000,53,57,3,97,2026-07-17T06:17:51.797+00:00
https://x402.forgemesh.io/heat-alerts,x402.forgemesh.io,base,other,,false,1.0000,104,107,3,95,2026-07-17T06:18:17.875+00:00
https://x402.forgemesh.io/historical-events-today,x402.forgemesh.io,base,other,,false,1.0000,56,56,3,97,2026-07-17T06:18:20.518+00:00
https://x402.forgemesh.io/historical-weather,x402.forgemesh.io,base,other,,false,1.0000,56,62,3,97,2026-07-17T06:18:26.257+00:00
https://x402.forgemesh.io/holiday-calendar-lookup,x402.forgemesh.io,base,other,,false,1.0000,53,57,3,97,2026-07-17T06:18:28.387+00:00
https://x402.forgemesh.io/hour-by-hour-weather,x402.forgemesh.io,base,other,,false,1.0000,49,53,3,97,2026-07-17T06:18:31.555+00:00
https://x402.moltie.co/api/latest/CapuzR,x402.moltie.co,base,other,,false,1.0000,203,243,3,94,2026-07-11T06:13:17.954+00:00
https://x402.ochinimus.app/api/sol-price,x402.ochinimus.app,base;solana:5eykt4usfv8p8njdtrepy1vzqkqzkvdp,other,,false,1.0000,350,505,3,90,2026-07-11T06:15:28.559+00:00
https://x402.openwebninja.com/realtime-real-estate-data/redfin/search,x402.openwebninja.com,base;polygon;eip155:42161,other,,false,1.0000,143,278,3,94,2026-07-11T06:18:13.861+00:00
https://x402.openwebninja.com/realtime-real-estate-data/zillow/search,x402.openwebninja.com,base;polygon;eip155:42161,other,,false,1.0000,111,188,3,95,2026-07-11T06:18:15.684+00:00
https://x402.orthogonal.com/andi/v1/search,x402.orthogonal.com,base;solana:5eykt4usfv8p8njdtrepy1vzqkqzkvdp,other,,false,1.0000,271,450,3,92,2026-07-13T07:35:27.239+00:00
https://x402.orthogonal.com/icypeas/api/email-verification,x402.orthogonal.com,base;solana:5eykt4usfv8p8njdtrepy1vzqkqzkvdp,other,,false,1.0000,187,406,3,93,2026-07-13T07:33:49.88+00:00
https://x402.orthogonal.com/riveter/v1/scrape,x402.orthogonal.com,base;solana:5eykt4usfv8p8njdtrepy1vzqkqzkvdp,other,,false,1.0000,205,273,3,94,2026-07-13T07:35:43.415+00:00
https://x402.orthogonal.com/tomba/v1/email-count,x402.orthogonal.com,base;solana:5eykt4usfv8p8njdtrepy1vzqkqzkvdp,other,,false,1.0000,182,252,3,94,2026-07-13T07:35:13.092+00:00
https://x402.ottoai.services/equity-smart-money,x402.ottoai.services,base;solana;polygon;solana:5eykt4usfv8p8njdtrepy1vzqkqzkvdp,data,3P,false,1.0000,152,553,3,93,2026-07-15T05:56:14.793+00:00
https://x402.ottoai.services/fx-rates,x402.ottoai.services,base;solana;polygon;solana:5eykt4usfv8p8njdtrepy1vzqkqzkvdp,data,3P,false,1.0000,158,165,3,95,2026-07-15T05:56:17.583+00:00
https://x402.ottoai.services/pm-crypto,x402.ottoai.services,base;solana;polygon;solana:5eykt4usfv8p8njdtrepy1vzqkqzkvdp,data,3P,false,1.0000,146,155,3,95,2026-07-15T05:56:29.701+00:00
https://x402.ottoai.services/swap,x402.ottoai.services,base;solana;polygon;solana:5eykt4usfv8p8njdtrepy1vzqkqzkvdp,data,3P,false,1.0000,316,489,3,92,2026-07-11T06:11:59.157+00:00
https://x402.ottoai.services/tweet-search,x402.ottoai.services,base;solana;polygon;solana:5eykt4usfv8p8njdtrepy1vzqkqzkvdp,data,3P,false,1.0000,146,164,3,95,2026-07-15T05:56:56.688+00:00
https://x402.ottoai.services/whois-lookup,x402.ottoai.services,base;solana;polygon;solana:5eykt4usfv8p8njdtrepy1vzqkqzkvdp,data,3P,false,1.0000,143,191,3,95,2026-07-15T05:57:25.255+00:00
https://x402.quicknode.com/b3-mainnet/,x402.quicknode.com,base;solana;polygon;eip155:1952;eip155:196;eip155:5042002;eip155:80002;eip155:84532;solana:5eykt4usfv8p8njdtrepy1vzqkqzkvdp;solana:etwtrabzayq6imfeykouru166vu2xqa1;b3-mainnet,data,1P,false,1.0000,45,73,3,96,2026-07-15T05:54:28.333+00:00
https://x402.shizu.me/candles,x402.shizu.me,base,other,,false,1.0000,629,741,3,86,2026-07-16T06:35:15.329+00:00
https://x402.silverbackdefi.app/api/v1/pool-analysis,x402.silverbackdefi.app,base;eip155:1187947933;keeta:main;solana:5eykt4usfv8p8njdtrepy1vzqkqzkvdp,other,,false,0.0000,103,380,3,40,2026-07-11T06:12:53.674+00:00
https://x402.silverbackdefi.app/api/v1/token-audit,x402.silverbackdefi.app,base;eip155:1187947933;keeta:main;solana:5eykt4usfv8p8njdtrepy1vzqkqzkvdp,other,,false,0.0000,233,242,3,40,2026-07-11T06:13:20.73+00:00
https://x402.silverbackdefi.app/api/v1/top-protocols,x402.silverbackdefi.app,base;eip155:1187947933;keeta:main;solana:5eykt4usfv8p8njdtrepy1vzqkqzkvdp,other,,false,0.0000,82,93,3,40,2026-07-11T06:13:24.106+00:00
https://x402.silverbackdefi.app/api/v1/wallet-portfolio,x402.silverbackdefi.app,base;eip155:1187947933;keeta:main;solana:5eykt4usfv8p8njdtrepy1vzqkqzkvdp,other,,false,0.0000,239,244,3,40,2026-07-11T06:13:31.375+00:00
https://x402.tunedfor.ai/analyze/full,x402.tunedfor.ai,base;solana:5eykt4usfv8p8njdtrepy1vzqkqzkvdp,other,,false,1.0000,360,522,3,91,2026-07-14T06:21:19.596+00:00
https://x402.twit.sh/users/by/username,x402.twit.sh,base,other,,false,1.0000,192,324,3,94,2026-07-11T06:13:42.593+00:00
https://x402.twit.sh/users/search,x402.twit.sh,base,other,,false,1.0000,171,173,3,95,2026-07-11T06:13:49.738+00:00
https://x402.valkyry.fr/metadata,x402.valkyry.fr,base,other,,false,1.0000,460,526,3,90,2026-07-17T06:13:07.857+00:00
https://x402stock.vercel.app/api/v1/conditions,x402stock.vercel.app,base,other,,false,1.0000,204,303,3,94,2026-07-11T06:12:29.614+00:00
https://x402stock.vercel.app/api/v1/exchanges,x402stock.vercel.app,base,other,,false,1.0000,147,177,3,95,2026-07-11T06:12:44.907+00:00
https://x402stock.vercel.app/api/v1/gainers,x402stock.vercel.app,base,other,,false,1.0000,193,298,3,94,2026-07-11T06:12:54.421+00:00
https://x402stock.xyz/api/v1/xstocks,x402stock.xyz,base,other,,false,1.0000,344,390,3,91,2026-07-14T06:23:32.627+00:00
https://yolobster.creatormagic.ai/api/fortune,yolobster.creatormagic.ai,base,other,,false,1.0000,544,690,3,87,2026-07-13T07:39:23.369+00:00
https://zaref.dev/v1/cpi,zaref.dev,base,other,,false,1.0000,1469,1538,3,72,2026-07-17T06:13:14.683+00:00
